step,mouse_x,mouse_y,cat_x,cat_y,vision_slice,brain_energy,output_energy,output_action,move_dist
1,16,55,50,50,0,1,0,0,0
2,14,59,50,50,0,2,0,0,0
3,10,56,50,50,0,3,0,0,0
4,15,56,50,50,0,4,0,0,0
5,12,60,50,50,0,5,0,0,0
6,17,61,50,50,0,6,0,0,0
7,18,56,50,50,0,6,0,0,0
8,20,61,50,50,0,7,0,0,0
9,15,58,50,50,0,7,0,0,0
10,20,60,50,45,2,7,1,2,1
11,23,64,50,45,0,8,0,0,0
12,26,68,50,45,0,9,0,0,0
13,21,67,50,45,0,10,0,0,0
14,16,68,50,45,0,10,0,0,0
15,12,64,50,40,2,9,2,2,1
16,7,65,40,40,4,8,2,4,2
17,10,70,40,40,0,9,0,0,0
18,14,72,40,40,0,10,0,0,0
19,19,75,40,40,0,11,0,0,0
20,22,71,45,40,5,11,1,5,1
21,27,69,45,40,0,12,0,0,0
22,30,73,50,35,3,12,1,3,1
23,34,71,50,35,0,13,0,0,0
24,32,67,50,35,0,14,0,0,0
25,33,62,55,35,5,14,1,5,1
26,28,62,50,30,1,11,3,1,1
27,23,60,50,30,0,11,0,0,0
28,23,55,50,30,0,12,0,0,0
29,19,58,50,30,0,13,0,0,0
30,21,53,45,25,1,13,1,1,1
31,24,50,45,25,0,13,0,0,0
32,21,47,50,20,3,13,1,3,1
33,24,43,55,25,8,13,1,8,1
34,22,38,55,25,0,14,0,0,0
35,17,39,55,25,0,15,0,0,0
36,21,36,50,20,1,15,1,1,1
37,26,37,55,15,3,14,1,3,1
38,22,38,55,15,0,15,0,0,0
39,17,36,55,15,0,16,0,0,0
40,17,31,50,10,1,14,3,1,1
41,12,34,55,10,5,14,1,5,1
42,9,37,55,5,2,14,1,2,1
43,4,37,55,0,2,14,1,2,1
44,99,34,60,0,5,13,2,5,1
45,94,35,60,0,0,14,0,0,0
46,90,37,60,0,0,14,0,0,0
47,87,41,60,0,0,15,0,0,0
48,82,42,60,0,2,15,1,2,1
49,82,37,60,0,2,14,1,2,1
50,85,41,65,0,3,14,1,3,1
51,89,40,70,0,5,14,1,5,1
52,85,40,70,0,2,12,2,2,2
53,88,43,65,0,1,12,1,1,1
54,91,39,60,0,1,12,1,1,1
55,96,41,65,0,5,11,1,5,1
56,94,45,65,0,0,12,0,0,0
57,90,43,70,0,3,11,2,3,1
58,92,47,75,0,3,11,1,3,1
59,95,43,70,0,1,10,2,1,1
60,97,47,75,0,3,10,1,3,1
61,95,43,80,0,5,10,1,5,1
62,99,40,80,0,0,11,0,0,0
63,4,41,85,0,3,10,1,3,1
64,8,37,85,0,0,10,0,0,0
65,5,42,85,0,0,10,0,0,0
66,10,43,85,0,0,11,0,0,0
67,15,41,80,0,1,11,1,1,1
68,13,46,80,0,0,11,0,0,0
69,10,50,85,0,5,11,1,5,1
70,12,55,90,0,3,11,1,3,1
71,9,51,90,0,0,12,0,0,0
72,13,49,90,0,0,13,0,0,0
73,18,49,95,0,3,12,2,3,1
74,23,50,95,0,0,13,0,0,0
75,25,55,100,0,3,13,1,3,1
76,23,50,100,0,3,13,1,3,1
77,20,54,100,0,3,13,1,3,1
78,23,50,100,0,0,13,0,0,0
79,21,55,100,0,0,13,0,0,0
80,24,59,100,0,3,11,3,3,2
81,22,54,100,0,5,11,1,5,1
82,24,58,100,0,0,10,0,0,0
83,20,60,95,0,1,9,2,1,1
84,15,61,90,0,1,9,1,1,1
85,12,65,90,0,0,10,0,0,0
86,12,60,85,0,4,9,2,4,1
87,12,65,85,0,0,10,0,0,0
88,8,66,80,0,1,9,2,1,1
89,9,61,85,0,3,9,1,3,1
90,14,64,80,0,1,9,1,1,1
91,16,68,75,0,1,7,3,1,1
92,21,70,75,0,0,8,0,0,0
93,16,73,70,0,1,7,2,1,1
94,11,73,70,0,0,8,0,0,0
95,9,77,75,0,3,8,1,3,1
96,6,81,70,0,1,8,1,1,1
97,3,86,70,0,0,9,0,0,0
98,99,83,75,0,3,8,2,3,1
99,3,80,70,0,1,6,3,1,1
100,99,78,65,0,1,6,1,1,1
101,4,80,60,0,1,6,1,1,1
102,100,82,65,0,3,6,1,3,1
103,97,78,70,0,3,6,1,3,1
104,1,76,65,0,1,6,1,1,1
105,97,74,60,0,1,6,1,1,1
106,92,77,55,0,1,6,1,1,1
107,96,73,50,0,1,5,1,1,1
108,93,70,50,0,0,6,0,0,0
109,91,74,45,0,1,5,1,1,1
110,91,69,40,0,1,5,1,1,1
111,88,66,35,0,1,5,1,1,1
112,86,61,30,0,1,5,1,1,1
113,84,57,30,0,0,6,0,0,0
114,88,58,30,0,0,7,0,0,0
115,93,58,35,0,3,7,1,3,1
116,97,55,30,0,1,7,1,1,1
117,97,50,35,0,3,7,1,3,1
118,93,53,30,0,1,6,2,1,1
119,97,51,25,0,1,6,1,1,1
120,93,54,25,0,0,7,0,0,0
121,91,49,20,0,1,6,2,1,1
122,88,54,15,0,1,6,1,1,1
123,83,54,15,0,0,7,0,0,0
124,83,49,10,0,1,6,2,1,1
125,81,44,5,0,1,6,1,1,1
126,86,42,0,0,1,6,1,1,1
127,85,47,0,0,1,6,1,1,1
128,82,43,0,0,1,6,1,1,1
129,77,43,0,0,1,6,1,1,1
130,77,38,0,0,0,7,0,0,0
131,78,43,0,0,1,7,1,1,1
132,79,38,0,0,1,7,1,1,1
133,83,36,0,0,0,8,0,0,0
134,80,32,0,0,1,8,1,1,1
135,78,37,0,0,1,8,1,1,1
136,83,36,0,0,1,8,1,1,1
137,81,40,0,0,1,8,1,1,1
138,78,44,0,0,1,7,2,1,2
139,77,39,0,0,1,6,2,1,2
140,76,34,0,0,1,6,1,1,1
141,79,30,0,0,1,6,1,1,1
142,82,33,0,0,1,6,1,1,1
143,80,29,0,0,1,6,1,1,1
144,75,26,0,0,1,6,1,1,1
145,72,30,0,0,1,6,1,1,1
146,67,30,0,0,1,6,1,1,1
147,62,31,0,0,1,6,1,1,1
148,62,36,0,0,1,6,1,1,1
149,60,32,0,0,1,6,1,1,1
150,59,36,0,0,1,6,1,1,1
151,56,33,0,0,0,7,0,0,0
152,59,30,0,0,1,7,1,1,1
153,64,33,0,0,1,7,1,1,1
154,66,37,0,0,1,7,1,1,1
155,68,32,0,0,1,7,1,1,1
156,63,34,0,0,1,7,1,1,1
157,59,32,0,0,2,7,1,2,1
158,55,29,0,0,2,7,1,2,1
159,50,29,0,0,1,7,1,1,1
160,55,31,0,0,1,7,1,1,1
161,53,35,0,0,1,7,1,1,1
162,48,33,0,0,0,8,0,0,0
163,44,35,0,0,1,8,1,1,1
164,45,31,0,0,1,8,1,1,1
165,41,28,0,0,1,8,1,1,1
166,36,29,0,0,1,8,1,1,1
167,31,29,0,0,1,8,1,1,1
168,26,27,0,0,1,8,1,1,1
169,25,32,0,0,1,8,1,1,1
170,21,35,0,0,0,9,0,0,0
171,16,36,0,0,1,7,1,1,1
172,12,38,0,0,1,7,1,1,1
173,13,33,0,0,1,7,1,1,1
174,18,34,0,0,1,7,1,1,1
175,20,29,0,0,1,7,1,1,1
176,22,34,0,0,1,7,1,1,1
177,20,29,0,0,1,6,2,1,1
178,20,24,0,0,1,5,2,1,1
179,25,25,0,0,0,6,0,0,0
180,30,24,0,0,0,7,0,0,0
181,35,23,0,0,1,7,1,1,1
182,30,24,0,0,1,7,1,1,1
183,30,29,0,0,1,7,1,1,1
184,35,30,0,0,1,6,1,1,1
185,31,27,5,0,3,6,1,3,1
186,35,23,0,0,1,5,1,1,1
187,31,21,0,0,0,6,0,0,0
188,26,22,0,0,0,7,0,0,0
189,27,27,0,0,0,8,0,0,0
190,23,30,0,0,1,8,1,1,1
191,25,34,0,0,1,7,2,1,1
192,27,29,0,0,1,6,2,1,1
193,22,29,0,0,1,6,1,1,1
194,19,33,0,0,1,6,1,1,1
195,19,28,0,0,1,6,1,1,1
196,18,24,0,0,0,6,0,0,0
197,22,25,0,0,1,6,1,1,1
198,17,24,0,0,0,7,0,0,0
199,22,26,0,0,1,6,2,1,2
200,27,24,0,0,1,6,1,1,1
201,24,28,0,0,1,6,1,1,1
202,25,23,0,0,0,7,0,0,0
203,21,21,0,0,1,7,1,1,1
204,26,21,5,0,3,7,1,3,1
205,26,16,0,0,1,6,2,1,2
206,22,14,0,0,1,6,1,1,1
207,18,11,0,0,0,7,0,0,0
208,13,12,0,0,1,6,1,1,1
209,16,16,0,0,1,5,2,1,2
210,18,12,0,0,0,6,0,0,0
211,15,16,0,0,1,6,1,1,1
212,17,20,0,0,1,6,1,1,1
213,18,25,0,0,1,5,1,1,1
214,15,29,0,0,0,6,0,0,0
215,12,25,0,0,1,5,2,1,2
216,16,28,0,0,1,5,1,1,1
217,12,25,0,0,1,5,1,1,1
218,10,30,0,0,1,5,1,1,1
219,6,33,0,0,1,5,1,1,1
220,2,36,0,0,1,5,1,1,1
221,99,32,0,0,1,5,1,1,1
222,98,27,0,0,1,5,1,1,1
223,94,25,0,0,1,5,1,1,1
224,97,29,0,0,1,5,1,1,1
225,92,27,0,0,1,5,1,1,1
226,90,22,0,0,0,6,0,0,0
227,86,26,0,0,1,6,1,1,1
228,81,26,0,0,1,6,1,1,1
229,77,27,0,0,1,6,1,1,1
230,74,23,0,0,1,6,1,1,1
231,75,28,0,0,1,6,1,1,1
232,80,30,0,0,1,6,1,1,1
233,84,33,0,0,1,6,1,1,1
234,82,38,0,0,1,5,2,1,2
235,81,43,0,0,0,6,0,0,0
236,83,48,0,0,1,6,1,1,1
237,87,45,0,0,0,7,0,0,0
238,87,50,0,0,1,7,1,1,1
239,92,49,0,0,1,7,1,1,1
240,88,51,0,0,0,8,0,0,0
241,92,48,0,0,1,7,2,1,1
242,90,44,0,0,0,8,0,0,0
243,87,40,0,0,1,8,1,1,1
244,91,37,0,0,1,8,1,1,1
245,89,41,0,0,1,8,1,1,1
246,89,36,0,0,1,8,1,1,1
247,84,36,0,0,1,7,2,1,2
248,82,40,0,0,1,6,2,1,1
249,78,44,0,0,1,6,1,1,1
250,76,39,0,0,1,6,1,1,1
251,71,38,0,0,1,6,1,1,1
252,66,39,0,0,1,6,1,1,1
253,71,40,0,0,0,7,0,0,0
254,71,35,0,0,1,7,1,1,1
255,67,32,0,0,1,7,1,1,1
256,72,32,0,0,1,6,2,1,2
257,67,29,0,0,1,6,1,1,1
258,72,29,0,0,1,6,1,1,1
259,67,30,0,0,0,7,0,0,0
260,66,35,0,0,0,8,0,0,0
261,67,40,0,0,1,8,1,1,1
262,69,35,0,0,1,8,1,1,1
263,66,32,0,0,1,7,2,1,2
264,62,36,0,0,1,7,1,1,1
265,63,31,0,0,1,6,2,1,2
266,60,26,0,0,1,6,1,1,1
267,57,22,0,0,1,6,1,1,1
268,62,22,0,0,1,6,1,1,1
269,65,18,0,0,1,6,1,1,1
270,62,13,0,0,1,6,1,1,1
271,57,13,0,0,1,6,1,1,1
272,62,11,0,0,1,6,1,1,1
273,62,6,0,0,1,6,1,1,1
274,57,8,0,0,1,6,1,1,1
275,54,12,0,0,0,7,0,0,0
276,57,8,0,0,1,7,1,1,1
277,54,5,0,0,1,6,2,1,2
278,58,7,0,0,1,6,1,1,1
279,63,8,0,0,1,6,1,1,1
280,65,4,0,0,1,6,1,1,1
281,68,7,0,0,1,6,1,1,1
282,73,8,0,0,1,6,1,1,1
283,69,6,0,0,1,5,2,1,1
284,64,5,0,0,1,5,1,1,1
285,62,10,0,0,1,5,1,1,1
286,63,14,0,0,0,6,0,0,0
287,68,15,0,0,1,6,1,1,1
288,71,11,0,0,1,6,1,1,1
289,66,9,0,0,1,6,1,1,1
290,63,5,0,0,0,7,0,0,0
291,66,2,0,0,1,7,1,1,1
292,70,5,0,0,1,6,2,1,1
293,75,4,0,0,2,6,1,2,1
294,75,99,0,0,0,7,0,0,0
295,77,4,0,0,1,7,1,1,1
296,81,2,0,0,1,7,1,1,1
297,84,98,0,0,1,7,1,1,1
298,81,94,0,0,1,6,2,1,1
299,86,95,0,0,1,5,1,1,1
300,86,0,0,0,0,6,0,0,0
301,89,4,0,0,0,7,0,0,0
302,84,3,0,0,1,7,1,1,1
303,88,6,0,0,1,7,1,1,1
304,83,4,0,0,1,7,1,1,1
305,78,4,0,0,1,7,1,1,1
306,82,0,0,0,0,8,0,0,0
307,85,97,0,0,1,8,1,1,1
308,90,97,0,0,1,7,2,1,2
309,90,2,0,0,1,7,1,1,1
310,86,1,0,0,1,7,1,1,1
311,87,96,5,0,5,7,1,5,1
312,89,92,0,0,1,7,1,1,1
313,92,87,0,0,1,7,1,1,1
314,89,84,0,0,1,7,1,1,1
315,91,79,0,0,1,7,1,1,1
316,91,84,0,0,0,8,0,0,0
317,93,80,0,0,1,8,1,1,1
318,97,83,0,0,1,8,1,1,1
319,92,84,0,0,1,8,1,1,1
320,97,84,0,0,1,8,1,1,1
321,96,79,0,0,1,8,1,1,1
322,1,79,0,0,1,8,1,1,1
323,96,81,0,0,1,8,1,1,1
324,98,76,0,0,1,8,1,1,1
325,2,80,0,0,1,8,1,1,1
326,1,84,0,0,1,8,1,1,1
327,3,80,0,5,7,8,1,7,1
328,99,83,0,0,1,8,1,1,1
329,97,88,0,0,1,8,1,1,1
330,100,84,5,5,8,8,1,8,1
331,4,86,5,5,0,9,0,0,0
332,7,82,0,0,1,8,2,1,1
333,5,78,0,0,1,8,1,1,1
334,0,78,0,0,1,8,1,1,1
335,5,77,0,0,2,8,1,2,1
336,10,79,0,0,1,8,1,1,1
337,7,75,0,0,1,8,1,1,1
338,3,77,0,0,1,8,1,1,1
339,4,81,0,0,1,8,1,1,1
340,9,83,0,0,1,7,2,1,1
341,7,88,0,0,0,8,0,0,0
342,11,91,0,0,1,8,1,1,1
343,16,91,0,0,1,8,1,1,1
344,19,95,0,0,1,7,2,1,1
345,15,93,0,0,1,6,2,1,1
346,14,88,0,0,1,6,1,1,1
347,14,83,0,0,1,5,2,1,1
348,17,79,0,0,1,5,1,1,1
349,19,74,0,0,1,5,1,1,1
350,14,76,0,0,1,5,1,1,1
351,18,79,0,0,0,6,0,0,0
352,18,84,0,0,1,6,1,1,1
353,23,83,0,0,1,6,1,1,1
354,19,81,0,0,0,7,0,0,0
355,23,80,0,0,1,7,1,1,1
356,20,83,0,0,1,6,2,1,1
357,24,81,0,0,1,6,1,1,1
358,29,83,0,0,1,6,1,1,1
359,29,78,0,0,1,6,1,1,1
360,25,81,0,0,1,5,2,1,1
361,28,84,0,0,1,5,1,1,1
362,31,88,0,0,1,5,1,1,1
363,36,86,0,0,1,5,1,1,1
364,33,81,0,0,1,5,1,1,1
365,34,86,0,0,1,5,1,1,1
366,39,88,0,0,1,5,1,1,1
367,43,91,0,0,0,6,0,0,0
368,38,90,0,0,0,7,0,0,0
369,42,94,5,0,3,7,1,3,1
370,47,92,0,0,1,6,2,1,1
371,42,92,0,0,1,5,2,1,1
372,39,96,0,0,0,6,0,0,0
373,36,0,0,0,1,6,1,1,1
374,40,4,0,0,1,6,1,1,1
375,36,6,0,0,1,6,1,1,1
376,31,6,0,0,1,6,1,1,1
377,26,7,0,0,2,6,1,2,1
378,22,11,0,0,2,6,1,2,1
379,18,8,0,0,0,7,0,0,0
380,22,11,0,0,1,7,1,1,1
381,17,12,0,0,1,6,2,1,1
382,13,15,0,0,1,6,1,1,1
383,17,18,0,0,1,6,1,1,1
384,19,13,0,0,1,6,1,1,1
385,18,18,0,0,1,6,1,1,1
386,17,23,0,0,1,6,1,1,1
387,21,20,0,0,1,6,1,1,1
388,20,15,0,0,1,6,1,1,1
389,23,19,0,0,0,7,0,0,0
390,18,20,0,0,1,7,1,1,1
391,22,17,0,0,1,7,1,1,1
392,26,15,0,0,1,7,1,1,1
393,30,12,0,0,1,7,1,1,1
394,31,7,0,0,1,7,1,1,1
395,29,11,0,0,1,7,1,1,1
396,27,7,0,0,1,7,1,1,1
397,30,11,0,0,1,7,1,1,1
398,27,15,0,0,1,7,1,1,1
399,23,18,0,0,1,7,1,1,1
400,19,16,0,0,1,7,1,1,1
401,22,20,0,0,1,7,1,1,1
402,23,15,0,0,1,6,2,1,1
403,19,12,0,0,1,6,1,1,1
404,22,16,0,0,1,6,1,1,1
405,27,14,0,0,1,6,1,1,1
406,22,15,0,0,1,6,1,1,1
407,21,20,0,0,1,6,1,1,1
408,20,15,0,0,1,5,2,1,1
409,16,12,0,0,0,6,0,0,0
410,11,13,0,0,1,6,1,1,1
411,10,8,0,0,1,6,1,1,1
412,8,3,0,0,1,6,1,1,1
413,6,8,0,0,0,7,0,0,0
414,11,9,0,0,0,8,0,0,0
415,10,14,0,0,0,8,0,0,0
416,11,9,0,0,1,7,2,1,2
417,6,11,0,0,1,7,1,1,1
418,2,9,0,0,1,6,2,1,1
419,1,4,0,0,1,6,1,1,1
420,97,2,0,0,0,7,0,0,0
421,100,98,0,0,1,6,2,1,1
422,5,98,0,0,0,7,0,0,0
423,1,95,0,0,1,7,1,1,1
424,96,97,0,0,1,7,1,1,1
425,96,2,0,0,0,8,0,0,0
426,0,99,0,0,1,8,1,1,1
427,100,94,0,0,1,8,1,1,1
428,95,93,0,0,1,8,1,1,1
429,0,93,0,0,0,9,0,0,0
430,98,98,0,0,1,9,1,1,1
431,2,95,0,0,1,8,2,1,1
432,99,91,0,0,1,8,1,1,1
433,95,89,0,0,0,9,0,0,0
434,94,94,0,0,1,9,1,1,1
435,89,96,0,0,1,8,2,1,1
436,91,0,0,0,2,8,1,2,1
437,95,97,0,0,1,8,1,1,1
438,95,2,0,0,4,8,1,4,1
439,98,6,0,0,0,9,0,0,0
440,93,4,0,0,0,10,0,0,0
441,94,99,0,0,1,10,1,1,1
442,96,4,0,0,1,10,1,1,1
443,1,1,0,0,1,9,2,1,1
444,96,2,0,0,1,8,2,1,1
445,99,6,0,0,1,8,1,1,1
446,4,7,0,0,1,8,1,1,1
447,99,9,0,0,0,9,0,0,0
448,2,5,0,0,1,9,1,1,1
449,6,9,0,5,7,9,1,7,1
450,5,4,0,5,0,10,0,0,0
451,4,99,0,0,1,9,2,1,1
452,0,96,0,0,0,10,0,0,0
453,96,99,0,0,1,10,1,1,1
454,92,97,0,0,1,9,2,1,1
455,90,92,0,0,0,10,0,0,0
456,92,88,0,0,1,10,1,1,1
457,96,90,0,0,1,10,1,1,1
458,1,91,0,0,0,11,0,0,0
459,99,95,0,0,1,10,2,1,1
460,99,90,0,0,1,9,2,1,1
461,95,88,0,0,1,9,1,1,1
462,93,93,0,0,1,9,1,1,1
463,88,92,0,0,0,10,0,0,0
464,84,90,0,0,4,10,1,4,1
465,89,92,0,0,1,10,1,1,1
466,84,89,0,0,1,10,1,1,1
467,89,86,0,0,1,9,2,1,1
468,87,81,0,0,1,8,2,1,1
469,86,77,0,0,1,8,1,1,1
470,88,72,0,0,1,7,2,1,1
471,84,71,0,0,0,8,0,0,0
472,79,71,5,0,3,8,1,3,1
473,84,71,0,0,1,7,2,1,1
474,84,66,0,0,1,7,1,1,1
475,80,63,0,0,0,8,0,0,0
476,85,64,0,0,1,8,1,1,1
477,89,62,0,0,1,8,1,1,1
478,84,62,0,0,1,8,1,1,1
479,88,65,0,0,1,8,1,1,1
480,84,62,0,0,1,8,1,1,1
481,88,65,0,0,1,7,2,1,1
482,93,64,5,0,3,7,1,3,1
483,89,67,5,0,0,8,0,0,0
484,93,69,0,0,1,8,1,1,1
485,95,74,0,0,1,7,2,1,1
486,94,69,5,0,3,7,1,3,1
487,98,67,5,0,0,8,0,0,0
488,99,72,0,0,1,8,1,1,1
489,94,72,0,0,1,8,1,1,1
490,89,73,0,0,1,8,1,1,1
491,91,77,0,0,1,7,2,1,1
492,89,73,0,0,0,8,0,0,0
493,88,68,0,0,1,7,2,1,1
494,91,64,5,0,3,7,1,3,1
495,96,64,5,0,0,8,0,0,0
496,91,62,0,0,1,7,2,1,1
497,96,62,0,0,1,6,2,1,1
498,97,67,0,0,0,7,0,0,0
499,1,70,0,0,0,8,0,0,0
500,4,66,0,0,1,8,1,1,1
501,9,66,0,0,1,8,1,1,1
502,11,70,0,0,1,8,1,1,1
503,15,74,0,0,1,8,1,1,1
504,19,70,0,0,1,8,1,1,1
505,22,74,0,0,4,8,1,4,1
506,19,70,0,0,1,8,1,1,1
507,17,75,0,0,1,8,1,1,1
508,22,76,0,0,0,9,0,0,0
509,26,73,5,0,5,9,1,5,1
510,22,70,10,0,3,9,1,3,1
511,26,68,10,0,0,10,0,0,0
512,22,65,5,0,1,9,2,1,1
513,23,60,0,5,6,9,1,6,1
514,22,55,0,5,0,10,0,0,0
515,21,60,0,0,1,10,1,1,1
516,25,57,0,0,1,10,1,1,1
517,29,59,0,0,1,9,2,1,1
518,33,62,5,0,3,9,1,3,1
519,33,57,10,0,3,9,1,3,1
520,36,61,5,0,1,8,2,1,1
521,41,59,5,0,0,9,0,0,0
522,36,59,0,0,1,8,2,1,1
523,38,54,0,0,1,8,1,1,1
524,34,57,5,0,3,8,1,3,1
525,34,62,0,0,1,6,2,1,1
526,39,61,5,0,3,6,1,3,1
527,43,58,5,0,0,7,0,0,0
528,39,61,10,0,3,6,1,3,1
529,39,56,15,0,3,6,1,3,1
530,42,59,15,0,0,7,0,0,0
531,38,62,10,0,1,6,2,1,1
532,41,58,10,0,0,7,0,0,0
533,40,63,10,0,0,8,0,0,0
534,40,68,10,0,2,8,1,2,1
535,45,67,5,0,1,8,1,1,1
536,41,70,10,0,3,8,1,3,1
537,45,67,5,0,1,7,2,1,1
538,50,67,5,0,0,7,0,0,0
539,52,62,10,0,3,7,1,3,1
540,57,61,15,0,3,7,1,3,1
541,62,59,10,0,1,6,2,1,1
542,57,61,15,0,3,6,1,3,1
543,61,57,10,0,1,6,1,1,1
544,65,61,5,0,1,5,2,1,1
545,60,60,5,0,0,6,0,0,0
546,65,61,5,0,0,7,0,0,0
547,60,60,10,0,3,7,1,3,1
548,55,60,15,0,3,7,1,3,1
549,50,59,10,0,1,6,2,1,1
550,47,63,15,0,3,6,1,3,1
551,42,61,20,0,3,6,1,3,1
552,46,58,15,0,1,6,1,1,1
553,48,53,10,0,1,6,1,1,1
554,52,50,5,0,1,6,1,1,1
555,47,49,5,0,0,7,0,0,0
556,50,45,5,0,0,8,0,0,0
557,51,49,10,0,3,8,1,3,1
558,47,46,10,0,0,9,0,0,0
559,43,48,15,0,3,9,1,3,1
560,46,45,20,0,3,9,1,3,1
561,41,46,15,0,1,8,2,1,1
562,42,41,20,0,3,8,1,3,1
563,39,38,20,0,2,8,1,2,1
564,36,42,25,0,3,8,1,3,1
565,38,38,20,0,1,8,1,1,1
566,37,43,25,0,3,8,1,3,1
567,38,38,25,0,0,9,0,0,0
568,36,34,20,0,1,8,2,1,1
569,39,29,15,0,1,7,2,1,1
570,34,28,15,0,0,8,0,0,0
571,35,33,10,0,1,8,1,1,1
572,31,31,5,0,1,7,2,1,1
573,34,35,10,0,3,7,1,3,1
574,37,39,10,0,0,8,0,0,0
575,38,34,5,0,1,7,2,1,1
576,39,38,0,0,1,7,1,1,1
577,44,36,0,0,0,8,0,0,0
578,41,41,0,0,0,9,0,0,0
579,42,36,5,0,3,9,1,3,1
580,42,31,0,0,1,8,2,1,1
581,43,35,5,0,3,8,1,3,1
582,41,40,0,0,1,7,2,1,1
583,45,38,5,0,3,7,1,3,1
584,49,42,5,0,0,8,0,0,0
585,45,44,0,0,1,8,1,1,1
586,50,45,5,0,3,8,1,3,1
587,49,40,5,0,0,9,0,0,0
588,48,45,10,0,3,9,1,3,1
589,45,49,15,0,3,9,1,3,1
590,47,53,10,0,1,8,2,1,1
591,42,53,15,0,3,8,1,3,1
592,46,50,10,0,1,8,1,1,1
593,48,55,5,0,1,7,2,1,1
594,48,50,5,0,0,8,0,0,0
595,44,51,0,0,1,7,2,1,1
596,48,54,0,0,0,8,0,0,0
597,47,59,0,0,1,7,2,1,1
598,52,60,0,0,0,8,0,0,0
599,50,55,0,0,2,7,2,2,1
600,45,57,0,0,0,8,0,0,0
601,43,62,0,0,1,8,1,1,1
602,47,64,5,0,3,8,1,3,1
603,52,66,5,0,0,9,0,0,0
604,48,69,5,0,0,10,0,0,0
605,44,72,0,0,1,9,2,1,1
606,40,76,5,0,3,9,1,3,1
607,45,78,5,0,0,10,0,0,0
608,42,82,0,0,1,9,2,1,1
609,37,83,0,0,1,8,2,1,1
610,41,79,0,0,1,7,2,1,1
611,42,84,0,0,1,7,1,1,1
612,46,87,0,0,0,8,0,0,0
613,41,85,0,0,1,8,1,1,1
614,46,87,0,0,1,7,2,1,1
615,43,91,0,0,1,7,1,1,1
616,38,89,0,0,1,6,2,1,1
617,43,91,0,0,0,7,0,0,0
618,38,89,0,0,0,8,0,0,0
619,43,89,0,0,0,9,0,0,0
620,44,84,0,0,1,8,2,1,1
621,41,80,0,0,1,7,2,1,1
622,46,79,0,0,1,7,1,1,1
623,51,78,0,0,1,7,1,1,1
624,54,82,5,0,3,7,1,3,1
625,53,87,0,0,1,7,1,1,1
626,52,82,0,0,1,6,2,1,2
627,47,84,0,0,1,6,1,1,1
628,44,81,0,0,0,7,0,0,0
629,39,82,0,0,1,7,1,1,1
630,39,77,0,0,1,6,2,1,1
631,43,74,0,0,1,6,1,1,1
632,41,78,0,0,1,6,1,1,1
633,42,83,0,0,0,7,0,0,0
634,37,81,0,0,1,6,2,1,1
635,41,78,0,0,0,7,0,0,0
636,37,80,0,0,1,7,1,1,1
637,35,84,0,0,1,7,1,1,1
638,35,79,0,0,1,7,1,1,1
639,38,83,0,0,0,8,0,0,0
640,39,88,0,0,1,8,1,1,1
641,44,88,0,0,1,7,2,1,1
642,47,84,0,0,1,7,1,1,1
643,43,81,0,0,1,6,2,1,1
644,39,80,0,0,2,6,1,2,1
645,42,83,0,0,1,6,1,1,1
646,45,79,0,0,1,6,1,1,1
647,41,81,0,0,1,6,1,1,1
648,38,77,0,0,1,6,1,1,1
649,34,80,0,0,0,7,0,0,0
650,35,75,0,0,1,7,1,1,1
651,38,79,0,0,1,7,1,1,1
652,42,81,0,0,1,7,1,1,1
653,47,79,0,0,0,8,0,0,0
654,47,84,0,0,1,8,1,1,1
655,48,79,0,0,1,8,1,1,1
656,48,74,0,0,1,8,1,1,1
657,43,74,0,0,1,8,1,1,1
658,46,79,0,0,1,8,1,1,1
659,43,75,0,0,1,7,2,1,1
660,44,70,0,0,1,7,1,1,1
661,40,74,0,0,0,7,0,0,0
662,41,78,0,0,1,6,1,1,1
663,44,74,0,0,1,6,1,1,1
664,47,78,0,0,1,6,1,1,1
665,42,77,0,0,0,7,0,0,0
666,45,81,0,0,1,7,1,1,1
667,48,77,0,0,0,8,0,0,0
668,43,76,0,0,1,8,1,1,1
669,48,76,0,0,1,8,1,1,1
670,44,77,0,0,1,8,1,1,1
671,48,76,0,0,1,8,1,1,1
672,48,81,0,0,1,6,2,1,1
673,43,83,0,0,1,6,1,1,1
674,40,79,0,0,1,6,1,1,1
675,38,84,0,0,0,7,0,0,0
676,38,89,0,0,1,7,1,1,1
677,34,86,0,0,1,7,1,1,1
678,31,82,0,0,1,7,1,1,1
679,36,81,0,0,1,7,1,1,1
680,33,77,0,0,1,7,1,1,1
681,37,75,0,0,2,7,1,2,1
682,33,73,0,0,1,7,1,1,1
683,29,76,0,0,2,7,1,2,1
684,28,71,0,0,0,8,0,0,0
685,26,75,0,0,1,8,1,1,1
686,29,79,0,0,1,8,1,1,1
687,32,83,0,0,1,8,1,1,1
688,31,88,0,0,1,8,1,1,1
689,26,87,0,0,1,8,1,1,1
690,24,91,0,0,1,8,1,1,1
691,19,94,0,0,2,8,1,2,1
692,24,94,0,0,2,8,1,2,1
693,26,89,0,0,1,8,1,1,1
694,30,87,0,0,1,8,1,1,1
695,33,91,0,0,1,8,1,1,1
696,37,93,0,0,0,9,0,0,0
697,37,98,0,0,2,9,1,2,1
698,33,95,0,0,1,9,1,1,1
699,32,0,0,0,1,9,1,1,1
700,31,95,0,0,1,9,1,1,1
701,36,95,0,0,1,9,1,1,1
702,35,0,0,5,7,9,1,7,1
703,35,95,0,0,1,9,1,1,1
704,31,92,0,0,1,9,1,1,1
705,36,94,0,0,1,9,1,1,1
706,36,89,0,0,1,9,1,1,1
707,41,92,0,0,1,9,1,1,1
708,42,87,0,0,1,9,1,1,1
709,45,91,0,0,1,9,1,1,1
710,44,96,0,0,1,9,1,1,1
711,40,93,0,0,1,9,1,1,1
712,45,92,0,0,1,9,1,1,1
713,50,91,0,0,1,9,1,1,1
714,53,87,0,0,1,9,1,1,1
715,54,92,0,0,1,9,1,1,1
716,52,88,0,0,1,8,2,1,1
717,48,91,0,0,1,8,1,1,1
718,50,87,0,0,1,7,2,1,1
719,55,85,0,0,0,8,0,0,0
720,50,87,0,0,1,7,1,1,1
721,46,89,0,0,1,6,2,1,1
722,50,87,0,0,1,6,1,1,1
723,51,92,0,0,1,6,1,1,1
724,54,88,0,0,1,6,1,1,1
725,50,88,0,0,0,7,0,0,0
726,53,85,0,0,1,7,1,1,1
727,58,86,0,0,1,7,1,1,1
728,56,91,0,0,1,6,2,1,1
729,59,87,0,0,1,6,1,1,1
730,58,92,0,0,1,6,1,1,1
731,57,97,0,0,1,6,1,1,1
732,55,92,0,0,1,6,1,1,1
733,51,89,0,0,1,6,1,1,1
734,47,92,0,0,1,6,1,1,1
735,52,92,0,0,1,6,1,1,1
736,51,97,0,0,1,6,1,1,1
737,54,93,0,0,1,5,1,1,1
738,49,93,0,0,1,5,1,1,1
739,51,89,0,0,0,6,0,0,0
740,46,86,0,0,1,6,1,1,1
741,51,87,0,0,1,5,1,1,1
742,53,92,0,0,1,5,1,1,1
743,49,96,0,0,1,5,1,1,1
744,50,91,0,0,0,6,0,0,0
745,55,90,0,0,1,4,2,1,1
746,53,95,0,0,0,5,0,0,0
747,48,97,0,0,1,5,1,1,1
748,52,1,0,0,0,5,0,0,0
749,57,1,0,0,1,5,1,1,1
750,53,4,0,0,0,6,0,0,0
751,49,2,0,0,1,6,1,1,1
752,51,97,0,0,1,6,1,1,1
753,50,2,0,0,1,5,1,1,1
754,50,97,0,0,1,5,1,1,1
755,45,96,0,0,1,5,1,1,1
756,43,91,0,0,1,5,1,1,1
757,44,96,0,0,1,5,1,1,1
758,39,95,0,0,0,6,0,0,0
759,39,100,0,0,0,7,0,0,0
760,34,0,0,0,0,7,0,0,0
761,35,5,0,0,1,7,1,1,1
762,38,1,0,0,1,7,1,1,1
763,39,96,0,0,1,7,1,1,1
764,40,91,0,0,1,7,1,1,1
765,44,94,0,0,1,7,1,1,1
766,40,97,0,0,1,7,1,1,1
767,44,95,0,0,1,6,2,1,1
768,49,93,0,0,1,6,1,1,1
769,51,89,0,0,0,7,0,0,0
770,53,84,0,0,1,6,1,1,1
771,52,89,0,0,1,6,1,1,1
772,53,94,0,0,1,6,1,1,1
773,54,89,0,0,1,6,1,1,1
774,54,84,0,0,0,7,0,0,0
775,51,88,0,0,1,7,1,1,1
776,53,84,0,0,0,7,0,0,0
777,48,86,0,0,0,8,0,0,0
778,45,82,0,0,0,9,0,0,0
779,48,86,0,0,1,9,1,1,1
780,49,91,0,0,1,9,1,1,1
781,49,86,0,0,1,9,1,1,1
782,47,82,0,0,0,10,0,0,0
783,51,85,0,0,1,10,1,1,1
784,49,89,0,0,4,10,1,4,1
785,54,87,0,0,1,9,2,1,1
786,52,92,0,0,1,8,2,1,1
787,48,95,0,0,4,8,1,4,1
788,44,98,0,0,4,7,2,4,1
789,40,0,0,0,0,7,0,0,0
790,35,99,0,0,4,6,2,4,2
791,38,3,0,0,1,5,1,1,1
792,38,98,0,0,1,5,1,1,1
793,35,2,0,0,0,6,0,0,0
794,32,7,0,0,4,5,2,4,1
795,36,10,0,0,0,6,0,0,0
796,41,12,0,0,2,6,1,2,1
797,37,15,0,0,1,6,1,1,1
798,37,20,0,0,0,7,0,0,0
799,41,23,0,0,1,6,2,1,1
800,36,22,0,0,2,6,1,2,1
801,41,21,0,0,1,6,1,1,1
802,46,22,0,0,0,7,0,0,0
803,41,20,0,0,1,6,2,1,1
804,39,15,0,0,2,6,1,2,1
805,34,14,0,0,1,6,1,1,1
806,32,10,0,0,1,6,1,1,1
807,27,11,0,0,1,6,1,1,1
808,31,15,0,0,1,6,1,1,1
809,28,19,0,0,1,5,1,1,1
810,29,14,0,0,0,6,0,0,0
811,26,18,0,0,0,7,0,0,0
812,31,17,0,0,0,8,0,0,0
813,32,13,0,0,1,8,1,1,1
814,34,17,0,0,1,8,1,1,1
815,37,21,0,0,1,8,1,1,1
816,42,22,0,0,1,8,1,1,1
817,37,22,0,0,1,8,1,1,1
818,41,25,0,0,1,7,2,1,1
819,46,25,0,0,1,7,1,1,1
820,51,28,0,0,1,7,1,1,1
821,51,23,0,0,1,7,1,1,1
822,48,19,0,0,1,7,1,1,1
823,53,20,0,0,0,8,0,0,0
824,48,18,0,0,1,8,1,1,1
825,44,16,0,0,4,8,1,4,1
826,46,11,0,0,1,7,2,1,1
827,41,13,0,0,1,7,1,1,1
828,46,11,0,0,1,7,1,1,1
829,44,15,0,0,1,7,1,1,1
830,49,15,0,0,1,7,1,1,1
831,44,18,0,0,1,7,1,1,1
832,45,23,0,0,0,8,0,0,0
833,50,22,0,0,1,8,1,1,1
834,54,20,0,0,1,8,1,1,1
835,59,17,0,0,1,7,1,1,1
836,54,17,0,0,1,6,1,1,1
837,54,22,0,0,1,6,1,1,1
838,53,18,0,0,1,6,1,1,1
839,49,15,0,0,1,6,1,1,1
840,50,19,0,0,0,7,0,0,0
841,52,15,0,0,0,8,0,0,0
842,51,20,0,0,1,8,1,1,1
843,52,15,0,0,0,9,0,0,0
844,53,19,0,0,1,9,1,1,1
845,57,23,0,0,1,9,1,1,1
846,61,26,0,0,1,9,1,1,1
847,61,31,0,0,1,7,2,1,1
848,56,28,0,0,1,7,1,1,1
849,52,29,0,0,1,7,1,1,1
850,56,27,0,0,1,7,1,1,1
851,53,23,0,0,1,7,1,1,1
852,50,27,0,0,1,7,1,1,1
853,48,31,0,0,1,7,1,1,1
854,46,36,0,0,1,7,1,1,1
855,46,41,0,0,2,7,1,2,1
856,51,40,0,0,1,7,1,1,1
857,47,44,0,0,1,7,1,1,1
858,42,44,0,0,0,8,0,0,0
859,39,40,0,0,1,8,1,1,1
860,42,36,0,0,1,8,1,1,1
861,37,37,0,0,1,8,1,1,1
862,41,33,0,0,1,7,2,1,1
863,38,29,0,0,1,7,1,1,1
864,34,26,0,0,1,7,1,1,1
865,37,30,0,0,1,7,1,1,1
866,32,28,0,0,1,7,1,1,1
867,31,33,0,0,1,7,1,1,1
868,32,28,0,0,1,7,1,1,1
869,35,33,0,0,1,7,1,1,1
870,30,34,0,0,1,7,1,1,1
871,29,39,0,0,1,7,1,1,1
872,24,39,0,0,1,7,1,1,1
873,28,42,0,0,1,7,1,1,1
874,25,46,0,0,1,7,1,1,1
875,29,43,0,0,1,7,1,1,1
876,24,45,0,0,1,7,1,1,1
877,20,43,0,0,0,8,0,0,0
878,24,41,0,0,1,8,1,1,1
879,21,45,0,0,1,8,1,1,1
880,22,50,0,0,1,8,1,1,1
881,17,50,0,0,1,8,1,1,1
882,19,45,0,0,1,8,1,1,1
883,14,44,0,0,1,8,1,1,1
884,19,44,0,0,1,7,2,1,1
885,24,46,0,0,1,6,2,1,1
886,20,50,0,0,1,6,1,1,1
887,21,55,0,0,0,7,0,0,0
888,26,53,0,0,1,7,1,1,1
889,22,50,0,0,1,7,1,1,1
890,23,45,0,0,1,7,1,1,1
891,24,49,0,0,1,6,2,1,1
892,24,54,0,0,1,6,1,1,1
893,20,52,0,0,1,6,1,1,1
894,23,48,0,0,1,6,1,1,1
895,26,44,0,0,0,7,0,0,0
896,26,39,0,0,1,7,1,1,1
897,28,35,0,0,1,7,1,1,1
898,27,40,0,0,1,7,1,1,1
899,22,39,0,0,1,7,1,1,1
900,26,42,0,0,1,7,1,1,1
901,30,45,0,0,1,7,1,1,1
902,26,42,0,0,1,7,1,1,1
903,22,44,0,0,1,7,1,1,1
904,19,40,0,0,1,7,1,1,1
905,20,35,0,0,1,7,1,1,1
906,21,40,0,0,1,7,1,1,1
907,25,43,0,0,0,8,0,0,0
908,29,45,0,0,1,8,1,1,1
909,25,47,0,0,1,8,1,1,1
910,25,52,0,0,1,8,1,1,1
911,20,51,0,0,1,8,1,1,1
912,22,47,0,0,1,8,1,1,1
913,26,44,0,0,1,8,1,1,1
914,27,49,0,0,1,8,1,1,1
915,30,53,0,0,1,8,1,1,1
916,34,55,0,0,1,8,1,1,1
917,35,60,0,0,0,9,0,0,0
918,39,56,0,0,0,9,0,0,0
919,34,54,0,0,1,9,1,1,1
920,31,58,0,0,1,9,1,1,1
921,31,63,5,0,5,9,1,5,1
922,27,65,0,0,1,9,1,1,1
923,22,68,0,0,1,9,1,1,1
924,19,65,0,0,0,10,0,0,0
925,14,66,0,0,1,9,2,1,1
926,10,62,0,0,1,9,1,1,1
927,7,66,0,0,1,9,1,1,1
928,7,71,0,0,1,9,1,1,1
929,9,66,0,0,1,9,1,1,1
930,11,71,0,0,1,9,1,1,1
931,13,75,0,0,1,8,2,1,1
932,18,77,0,0,1,8,1,1,1
933,23,77,0,0,1,8,1,1,1
934,25,82,0,0,1,8,1,1,1
935,26,77,0,0,1,8,1,1,1
936,27,72,0,0,1,8,1,1,1
937,30,69,0,0,1,8,1,1,1
938,25,67,0,0,1,7,2,1,1
939,30,65,0,0,1,7,1,1,1
940,35,64,0,0,1,7,1,1,1
941,37,68,0,0,0,8,0,0,0
942,32,69,0,0,0,9,0,0,0
943,37,70,0,0,1,9,1,1,1
944,38,75,0,0,1,8,2,1,1
945,42,72,0,0,0,9,0,0,0
946,46,74,0,0,1,8,2,1,2
947,49,78,0,0,1,8,1,1,1
948,53,80,0,0,1,8,1,1,1
949,49,83,0,0,1,8,1,1,1
950,49,78,0,0,1,8,1,1,1
951,46,74,0,0,0,9,0,0,0
952,41,72,0,0,1,9,1,1,1
953,45,69,0,0,1,8,2,1,2
954,48,66,0,0,1,8,1,1,1
955,48,71,0,0,1,8,1,1,1
956,45,67,0,0,1,8,1,1,1
957,45,62,0,0,1,8,1,1,1
958,41,65,0,0,1,8,1,1,1
959,46,66,0,0,1,8,1,1,1
960,49,70,0,0,1,8,1,1,1
961,50,75,0,0,1,8,1,1,1
962,52,80,0,0,1,8,1,1,1
963,54,84,0,0,1,8,1,1,1
964,55,89,0,0,1,8,1,1,1
965,56,94,0,0,1,8,1,1,1
966,57,99,0,0,1,8,1,1,1
967,53,96,0,0,1,8,1,1,1
968,55,92,0,0,1,7,2,1,1
969,50,91,0,0,1,7,1,1,1
970,45,93,0,0,1,7,1,1,1
971,45,88,0,0,1,7,1,1,1
972,50,88,0,0,1,7,1,1,1
973,52,83,0,0,1,5,1,1,1
974,48,80,0,0,0,6,0,0,0
975,45,75,0,0,1,6,1,1,1
976,45,70,0,0,0,7,0,0,0
977,48,67,0,0,1,7,1,1,1
978,46,62,0,0,1,7,1,1,1
979,44,67,0,0,2,7,1,2,1
980,47,63,0,0,1,6,1,1,1
981,49,58,0,0,0,7,0,0,0
982,52,62,0,0,0,8,0,0,0
983,53,57,0,0,1,8,1,1,1
984,51,62,0,0,0,9,0,0,0
985,56,60,0,0,2,9,1,2,1
986,51,61,0,0,1,9,1,1,1
987,52,66,0,0,1,8,2,1,1
988,55,70,0,0,1,7,2,1,1
989,50,72,0,0,1,7,1,1,1
990,45,70,0,0,1,7,1,1,1
991,41,72,5,5,8,7,1,8,1
992,45,75,0,0,1,7,1,1,1
993,41,72,0,0,1,7,1,1,1
994,40,67,0,0,1,6,1,1,1
995,36,71,0,0,1,6,1,1,1
996,37,75,0,0,0,7,0,0,0
997,40,80,0,0,0,8,0,0,0
998,35,80,0,0,1,7,2,1,1
999,30,79,0,0,0,8,0,0,0
1000,25,79,0,0,1,8,1,1,1
1001,21,76,0,0,0,9,0,0,0
1002,26,75,0,0,1,8,2,1,1
1003,30,78,5,0,5,8,1,5,1
1004,30,83,0,0,1,8,1,1,1
1005,27,87,0,0,0,9,0,0,0
1006,32,89,0,0,1,9,1,1,1
1007,27,92,0,0,0,10,0,0,0
1008,28,87,0,0,1,9,2,1,1
1009,33,84,0,0,1,9,1,1,1
1010,34,89,0,0,1,8,2,1,1
1011,31,85,0,0,1,8,1,1,1
1012,36,86,0,0,0,9,0,0,0
1013,40,89,0,0,1,9,1,1,1
1014,44,90,0,0,0,10,0,0,0
1015,43,86,0,0,1,10,1,1,1
1016,48,87,0,0,1,10,1,1,1
1017,51,91,0,0,4,8,3,4,2
1018,53,95,0,0,1,8,1,1,1
1019,57,98,0,0,1,7,1,1,1
1020,62,96,0,0,1,7,1,1,1
1021,58,94,0,0,1,7,1,1,1
1022,57,89,0,0,1,6,1,1,1
1023,57,84,0,0,1,6,1,1,1
1024,53,81,0,0,1,6,1,1,1
1025,50,77,0,0,1,6,1,1,1
1026,51,73,0,0,0,7,0,0,0
1027,47,70,0,0,0,8,0,0,0
1028,52,69,0,0,1,8,1,1,1
1029,53,64,0,0,1,7,2,1,1
1030,56,68,0,0,1,7,1,1,1
1031,60,65,0,0,1,7,1,1,1
1032,55,66,0,0,1,7,1,1,1
1033,57,62,0,0,1,7,1,1,1
1034,61,60,0,0,1,7,1,1,1
1035,60,65,0,0,1,7,1,1,1
1036,56,68,0,0,1,7,1,1,1
1037,52,72,0,0,1,7,1,1,1
1038,57,73,0,0,1,7,1,1,1
1039,55,68,0,0,1,7,1,1,1
1040,60,67,0,0,1,6,2,1,1
1041,62,71,0,0,1,6,1,1,1
1042,57,73,0,0,1,6,1,1,1
1043,58,68,0,0,1,6,1,1,1
1044,61,64,0,0,1,6,1,1,1
1045,66,62,0,0,1,6,1,1,1
1046,62,59,0,0,0,7,0,0,0
1047,58,62,0,0,1,7,1,1,1
1048,61,66,0,0,1,7,1,1,1
1049,59,62,0,0,1,6,2,1,1
1050,58,67,0,0,1,6,1,1,1
1051,53,67,0,0,1,6,1,1,1
1052,58,67,0,0,1,6,1,1,1
1053,63,65,0,0,1,6,1,1,1
1054,66,69,0,0,1,6,1,1,1
1055,63,73,0,0,1,6,1,1,1
1056,66,77,0,0,1,6,1,1,1
1057,71,79,0,0,1,6,1,1,1
1058,75,77,0,0,1,6,1,1,1
1059,75,82,0,0,1,6,1,1,1
1060,78,86,0,0,1,6,1,1,1
1061,73,87,0,0,1,6,1,1,1
1062,68,88,0,0,1,6,1,1,1
1063,65,84,0,0,1,6,1,1,1
1064,60,83,0,0,1,6,1,1,1
1065,63,79,0,0,1,6,1,1,1
1066,65,74,0,0,1,6,1,1,1
1067,62,70,0,0,1,6,1,1,1
1068,66,73,0,0,0,7,0,0,0
1069,67,78,0,0,1,7,1,1,1
1070,63,76,0,0,1,7,1,1,1
1071,64,71,0,0,1,6,2,1,1
1072,66,76,0,0,1,6,1,1,1
1073,62,78,0,0,1,6,1,1,1
1074,65,82,0,0,1,6,1,1,1
1075,68,86,0,0,1,6,1,1,1
1076,70,81,0,0,1,6,1,1,1
1077,75,82,0,0,1,6,1,1,1
1078,70,80,0,0,1,6,1,1,1
1079,74,83,0,0,0,7,0,0,0
1080,71,87,0,0,0,8,0,0,0
1081,76,87,0,0,1,8,1,1,1
1082,76,92,0,0,1,8,1,1,1
1083,78,87,0,0,1,8,1,1,1
1084,74,83,0,0,1,8,1,1,1
1085,70,80,0,0,1,7,2,1,1
1086,69,76,0,0,0,8,0,0,0
1087,68,80,0,0,1,7,2,1,1
1088,66,76,0,0,0,8,0,0,0
1089,67,71,0,0,1,7,2,1,1
1090,63,73,0,0,1,7,1,1,1
1091,68,73,0,0,1,7,1,1,1
1092,64,69,0,0,1,7,1,1,1
1093,60,67,0,0,1,6,2,1,1
1094,63,70,0,0,0,7,0,0,0
1095,68,70,0,0,1,7,1,1,1
1096,72,67,0,0,1,7,1,1,1
1097,74,71,0,0,0,8,0,0,0
1098,71,68,0,0,1,8,1,1,1
1099,76,68,0,0,1,8,1,1,1
1100,76,63,0,0,1,8,1,1,1
1101,75,58,0,0,1,8,1,1,1
1102,74,53,0,0,1,8,1,1,1
1103,69,55,0,0,1,7,2,1,2
1104,70,50,0,0,1,6,2,1,2
1105,65,48,0,0,1,6,1,1,1
1106,60,47,0,0,0,7,0,0,0
1107,58,42,0,0,1,6,2,1,1
1108,62,44,0,0,1,6,1,1,1
1109,58,41,0,0,1,6,1,1,1
1110,57,37,0,0,1,6,1,1,1
1111,62,37,0,0,1,6,1,1,1
1112,67,36,0,0,1,6,1,1,1
1113,63,33,0,0,0,7,0,0,0
1114,61,38,0,0,1,6,2,1,2
1115,57,34,0,0,1,6,1,1,1
1116,54,38,0,0,1,6,1,1,1
1117,51,42,0,0,1,6,1,1,1
1118,54,46,0,0,1,5,2,1,1
1119,57,42,0,0,0,6,0,0,0
1120,62,41,0,0,1,5,2,1,1
1121,59,45,0,0,0,6,0,0,0
1122,55,42,0,0,1,6,1,1,1
1123,54,47,0,0,1,6,1,1,1
1124,50,44,0,0,1,6,1,1,1
1125,53,47,0,0,1,6,1,1,1
1126,53,42,0,0,1,6,1,1,1
1127,50,39,0,0,1,6,1,1,1
1128,49,34,0,0,1,6,1,1,1
1129,53,32,0,0,2,6,1,2,1
1130,55,28,0,0,0,7,0,0,0
1131,60,25,0,0,1,7,1,1,1
1132,60,30,0,0,1,7,1,1,1
1133,64,28,0,0,1,7,1,1,1
1134,65,23,0,0,1,6,2,1,1
1135,65,18,0,0,1,6,1,1,1
1136,68,22,5,0,5,6,1,5,1
1137,70,26,0,0,1,6,1,1,1
1138,75,24,0,0,1,6,1,1,1
1139,70,23,0,0,1,6,1,1,1
1140,74,20,0,0,1,6,1,1,1
1141,71,16,0,0,1,6,1,1,1
1142,69,12,0,0,1,6,1,1,1
1143,72,16,0,0,1,6,1,1,1
1144,70,20,0,0,1,6,1,1,1
1145,68,25,0,0,0,7,0,0,0
1146,67,30,0,0,1,7,1,1,1
1147,64,25,0,0,1,6,2,1,1
1148,69,23,0,0,0,7,0,0,0
1149,72,19,0,0,1,6,2,1,1
1150,73,24,0,0,0,7,0,0,0
1151,72,19,0,0,1,7,1,1,1
1152,67,20,0,0,1,7,1,1,1
1153,63,18,5,0,3,7,1,3,1
1154,58,21,5,0,0,8,0,0,0
1155,54,23,5,0,0,9,0,0,0
1156,59,22,0,0,1,9,1,1,1
1157,56,26,0,0,1,8,2,1,1
1158,60,23,0,0,1,8,1,1,1
1159,65,24,0,0,0,9,0,0,0
1160,60,25,0,0,1,8,2,1,1
1161,60,30,0,0,1,7,2,1,1
1162,62,25,0,0,1,7,1,1,1
1163,59,29,0,0,1,7,1,1,1
1164,62,25,0,0,1,7,1,1,1
1165,67,24,0,0,1,6,2,1,1
1166,66,19,0,0,1,6,1,1,1
1167,69,23,0,0,1,6,1,1,1
1168,74,24,0,0,1,5,2,1,1
1169,78,28,0,0,0,6,0,0,0
1170,82,30,0,0,1,5,2,1,1
1171,81,25,5,0,3,5,1,3,1
1172,79,20,10,0,3,5,1,3,1
1173,74,18,10,0,0,6,0,0,0
1174,70,19,10,0,0,7,0,0,0
1175,65,19,5,0,1,6,2,1,1
1176,69,16,5,0,0,7,0,0,0
1177,65,19,10,0,3,7,1,3,1
1178,61,22,5,0,1,6,2,1,1
1179,59,27,10,0,3,6,1,3,1
1180,58,31,10,0,0,7,0,0,0
1181,63,29,5,0,1,7,1,1,1
1182,67,27,0,0,1,6,2,1,1
1183,63,30,5,0,3,6,1,3,1
1184,68,31,10,0,3,6,1,3,1
1185,63,32,5,0,1,5,2,1,1
1186,66,28,10,0,3,5,1,3,1
1187,63,31,5,0,4,5,1,4,1
1188,58,29,0,0,1,5,1,1,1
1189,59,34,0,0,4,5,1,4,1
1190,64,35,5,0,3,5,1,3,1
1191,69,37,0,0,1,5,1,1,1
1192,69,42,0,0,4,5,1,4,1
1193,67,46,0,0,4,5,1,4,1
1194,62,44,0,0,1,5,1,1,1
1195,58,41,0,0,1,5,1,1,1
1196,62,45,5,0,3,5,1,3,1
1197,67,45,10,0,3,5,1,3,1
1198,66,50,5,0,4,5,1,4,1
1199,67,45,10,0,3,5,1,3,1
1200,68,50,5,0,1,5,1,1,1
1201,71,47,0,0,1,5,1,1,1
1202,76,45,5,0,3,5,1,3,1
1203,76,40,0,0,4,5,1,4,1
1204,78,35,5,0,3,5,1,3,1
1205,73,34,0,0,4,5,1,4,1
1206,68,33,5,0,3,5,1,3,1
1207,73,33,10,0,3,5,1,3,1
1208,77,36,5,0,1,5,1,1,1
1209,77,31,0,0,4,5,1,4,1
1210,75,36,0,0,0,6,0,0,0
1211,76,31,5,0,3,6,1,3,1
1212,81,32,0,0,1,6,1,1,1
1213,85,35,0,0,1,6,1,1,1
1214,88,32,0,0,4,6,1,4,1
1215,86,27,0,0,1,6,1,1,1
1216,81,30,0,0,1,5,2,1,2
1217,86,30,5,0,3,5,1,3,1
1218,91,30,5,0,0,6,0,0,0
1219,91,35,5,0,0,7,0,0,0
1220,96,36,10,0,3,7,1,3,1
1221,99,33,5,0,1,6,2,1,1
1222,4,33,0,0,4,6,1,4,1
1223,99,33,5,0,3,6,1,3,1
1224,97,37,5,0,0,7,0,0,0
1225,94,41,5,0,0,8,0,0,0
1226,94,36,0,0,1,8,1,1,1
1227,91,40,0,0,4,8,1,4,1
1228,88,36,0,0,2,8,1,2,1
1229,92,35,0,0,2,7,2,2,1
1230,95,39,0,0,4,7,1,4,1
1231,0,40,5,0,3,6,2,3,1
1232,95,38,10,0,3,5,2,3,1
1233,99,42,5,0,1,5,1,1,1
1234,98,37,0,0,4,5,1,4,1
1235,2,39,0,0,4,5,1,4,1
1236,98,40,5,0,3,5,1,3,1
1237,96,35,5,0,2,5,1,2,1
1238,97,40,10,0,3,5,1,3,1
1239,1,37,10,0,0,6,0,0,0
1240,96,35,15,0,3,6,1,3,1
1241,98,30,15,0,0,7,0,0,0
1242,100,26,20,0,3,7,1,3,1
1243,95,27,25,0,3,7,1,3,1
1244,93,22,25,0,2,6,2,2,1
1245,92,27,25,0,2,5,2,2,1
1246,95,23,20,0,4,5,1,4,1
1247,90,21,15,0,4,5,1,4,1
1248,93,25,15,0,2,5,1,2,1
1249,91,30,10,0,4,5,1,4,1
1250,89,26,15,0,3,5,1,3,1
1251,84,24,10,0,4,5,1,4,1
1252,84,29,5,0,1,5,1,1,1
1253,83,24,5,0,0,6,0,0,0
1254,84,29,0,0,4,6,1,4,1
1255,79,28,0,0,4,6,1,4,1
1256,81,33,0,0,4,6,1,4,1
1257,77,35,5,0,3,6,1,3,1
1258,73,33,5,0,0,7,0,0,0
1259,68,30,10,0,3,7,1,3,1
1260,73,31,5,0,4,7,1,4,1
1261,78,30,0,0,4,7,1,4,1
1262,78,25,0,0,1,7,1,1,1
1263,73,25,5,0,3,7,1,3,1
1264,69,28,0,0,4,7,1,4,1
1265,69,33,0,0,2,7,1,2,1
1266,73,35,0,0,2,6,2,2,1
1267,70,31,0,0,4,6,1,4,1
1268,75,31,0,0,4,6,1,4,1
1269,78,27,5,0,3,5,2,3,1
1270,73,27,5,0,0,6,0,0,0
1271,76,23,0,0,4,6,1,4,1
1272,81,22,0,0,1,5,2,1,1
1273,77,19,5,0,3,5,1,3,1
1274,82,19,0,0,4,5,1,4,1
1275,86,21,5,0,3,5,1,3,1
1276,82,24,10,0,3,5,1,3,1
1277,87,23,15,0,3,5,1,3,1
1278,92,23,20,0,3,5,1,3,1
1279,93,18,15,0,4,5,1,4,1
1280,90,14,20,0,3,5,1,3,1
1281,86,10,15,0,4,5,1,4,1
1282,90,7,20,0,3,5,1,3,1
1283,95,5,20,0,2,5,1,2,1
1284,91,9,25,0,3,5,1,3,1
1285,95,12,25,0,0,6,0,0,0
1286,99,16,25,0,0,7,0,0,0
1287,1,11,20,0,4,7,1,4,1
1288,96,13,25,0,3,7,1,3,1
1289,1,15,30,0,3,7,1,3,1
1290,99,10,30,0,0,8,0,0,0
1291,1,14,35,0,3,8,1,3,1
1292,5,11,30,0,4,8,1,4,1
1293,7,16,35,0,3,8,1,3,1
1294,2,16,35,0,2,7,2,2,1
1295,100,20,40,0,3,6,2,3,1
1296,97,16,40,0,0,7,0,0,0
1297,99,11,40,0,0,8,0,0,0
1298,3,15,35,0,4,8,1,4,1
1299,98,14,40,0,3,8,1,3,1
1300,3,14,45,0,3,8,1,3,1
1301,8,12,45,0,0,9,0,0,0
1302,12,14,45,0,0,10,0,0,0
1303,17,13,45,0,0,11,0,0,0
1304,19,17,50,0,3,11,1,3,1
1305,14,17,50,0,0,12,0,0,0
1306,19,17,50,0,0,13,0,0,0
1307,14,17,50,0,0,14,0,0,0
1308,17,22,45,0,1,14,1,1,1
1309,15,17,50,0,3,14,1,3,1
1310,17,22,50,0,0,15,0,0,0
1311,22,21,45,0,1,15,1,1,1
1312,26,18,45,0,0,16,0,0,0
1313,30,21,45,0,0,17,0,0,0
1314,25,22,45,0,0,18,0,0,0
1315,30,20,45,0,0,19,0,0,0
1316,28,15,50,0,3,19,1,3,1
1317,24,17,45,0,4,18,2,4,1
1318,29,18,50,0,3,17,2,3,1
1319,32,21,55,0,3,17,1,3,1
1320,32,16,60,0,3,17,1,3,1
1321,37,16,65,0,3,17,1,3,1
1322,41,15,60,0,4,17,1,4,1
1323,46,18,65,0,3,17,1,3,1
1324,47,13,60,5,6,17,1,6,1
1325,44,8,70,0,3,16,2,3,2
1326,39,10,75,0,3,16,1,3,1
1327,35,8,75,0,0,17,0,0,0
1328,31,4,70,5,6,16,2,6,1
1329,33,100,75,0,3,15,2,3,1
1330,30,4,70,0,4,14,2,4,1
1331,26,0,75,0,3,13,2,3,1
1332,22,3,75,0,0,14,0,0,0
1333,26,5,75,0,0,15,0,0,0
1334,21,6,80,0,3,15,1,3,1
1335,16,7,85,0,3,14,2,3,1
1336,20,10,85,0,0,15,0,0,0
1337,21,5,90,0,3,15,1,3,1
1338,16,3,95,0,3,15,1,3,1
1339,11,4,100,0,3,14,2,3,2
1340,12,9,100,0,3,14,1,3,1
1341,8,11,100,5,8,14,1,8,1
1342,10,16,100,0,3,14,1,3,1
1343,5,17,100,0,3,14,1,3,1
1344,9,20,95,5,6,14,1,6,1
1345,5,23,100,0,3,13,2,3,1
1346,5,18,100,0,0,14,0,0,0
1347,1,16,100,5,8,14,1,8,1
1348,2,21,100,0,3,13,2,3,2
1349,5,25,100,0,3,12,2,3,1
1350,1,21,100,0,3,11,2,3,1
1351,99,25,100,0,3,9,3,3,2
1352,94,23,100,0,3,9,1,3,1
1353,90,26,100,0,3,9,1,3,1
1354,90,31,100,0,3,8,2,3,1
1355,86,32,100,0,0,9,0,0,0
1356,81,35,100,0,0,10,0,0,0
1357,86,32,100,0,3,8,3,3,2
1358,81,32,100,0,3,8,1,3,1
1359,81,27,100,0,3,8,1,3,1
1360,80,22,100,0,0,9,0,0,0
1361,76,24,100,0,3,9,1,3,1
1362,80,27,100,0,0,10,0,0,0
1363,75,27,100,0,0,11,0,0,0
1364,70,29,100,5,8,11,1,8,1
1365,68,33,100,0,3,10,2,3,2
1366,67,38,100,0,3,10,1,3,1
1367,63,41,100,0,3,10,1,3,1
1368,60,37,100,0,0,11,0,0,0
1369,63,34,100,0,3,10,2,3,1
1370,68,35,100,0,2,10,1,2,1
1371,65,31,100,0,3,10,1,3,1
1372,67,35,100,0,0,11,0,0,0
1373,69,31,100,0,3,11,1,3,1
1374,71,36,100,0,3,11,1,3,1
1375,69,31,100,0,3,10,2,3,1
1376,70,26,100,0,2,9,2,2,1
1377,72,21,100,0,3,9,1,3,1
1378,67,22,100,0,2,9,1,2,1
1379,71,19,100,0,0,10,0,0,0
1380,67,15,100,0,0,11,0,0,0
1381,65,20,100,0,3,11,1,3,1
1382,61,22,100,0,3,11,1,3,1
1383,60,26,100,0,3,11,1,3,1
1384,59,22,100,0,3,10,2,3,2
1385,59,17,100,0,3,9,2,3,2
1386,60,22,100,0,3,9,1,3,1
1387,64,22,100,0,0,10,0,0,0
1388,69,24,100,0,0,11,0,0,0
1389,69,19,100,0,3,9,3,3,2
1390,72,15,100,0,3,8,2,3,2
1391,68,12,100,0,0,9,0,0,0
1392,66,7,100,0,0,10,0,0,0
1393,64,3,100,0,0,11,0,0,0
1394,60,0,100,0,0,12,0,0,0
1395,63,96,100,0,3,12,1,3,1
1396,66,1,100,0,3,12,1,3,1
1397,65,96,100,0,3,11,2,3,1
1398,61,95,100,0,3,11,1,3,1
1399,57,91,100,0,3,11,1,3,1
1400,52,90,100,0,3,10,2,3,2
1401,48,87,100,0,3,10,1,3,1
1402,43,86,100,0,3,9,2,3,2
1403,48,85,95,0,4,9,1,4,1
1404,52,87,95,0,0,10,0,0,0
1405,55,83,100,0,3,10,1,3,1
1406,55,78,100,0,3,10,1,3,1
1407,54,73,100,0,3,9,2,3,1
1408,53,78,100,0,3,9,1,3,1
1409,53,83,100,0,3,9,1,3,1
1410,52,88,100,0,0,10,0,0,0
1411,57,90,100,0,3,10,1,3,1
1412,60,85,100,0,3,10,1,3,1
1413,63,89,100,0,3,10,1,3,1
1414,64,84,95,0,4,10,1,4,1
1415,69,85,100,0,3,9,2,3,2
1416,71,90,100,0,3,9,1,3,1
1417,72,95,95,0,4,9,1,4,1
1418,69,98,100,0,3,9,1,3,1
1419,65,96,100,0,3,9,1,3,1
1420,63,1,100,0,3,9,1,3,1
1421,64,96,100,0,3,9,1,3,1
1422,61,0,100,0,0,10,0,0,0
1423,65,97,100,0,3,10,1,3,1
1424,63,1,100,0,3,10,1,3,1
1425,62,96,95,0,4,10,1,4,1
1426,63,1,100,0,3,9,2,3,2
1427,59,99,100,0,3,9,1,3,1
1428,60,94,100,0,3,9,1,3,1
1429,55,95,100,0,3,9,1,3,1
1430,56,90,100,0,3,8,2,3,2
1431,53,87,100,0,0,9,0,0,0
1432,56,83,100,0,3,9,1,3,1
1433,52,80,100,0,3,8,2,3,2
1434,55,84,100,0,2,8,1,2,1
1435,54,89,100,0,3,8,1,3,1
1436,49,89,100,0,3,8,1,3,1
1437,48,85,100,0,0,9,0,0,0
1438,52,82,95,0,1,8,2,1,1
1439,54,78,100,0,3,8,1,3,1
1440,59,76,100,0,3,8,1,3,1
1441,63,79,100,0,3,8,1,3,1
1442,60,83,100,0,0,9,0,0,0
1443,62,79,100,0,0,10,0,0,0
1444,63,74,100,0,3,10,1,3,1
1445,59,71,100,0,5,10,1,5,1
1446,63,69,100,0,3,10,1,3,1
1447,58,70,100,0,3,10,1,3,1
1448,59,65,100,0,3,10,1,3,1
1449,54,64,100,0,3,10,1,3,1
1450,54,69,100,0,3,10,1,3,1
1451,57,73,100,0,3,10,1,3,1
1452,61,74,100,0,3,9,1,3,1
1453,62,79,100,0,3,9,1,3,1
1454,60,84,100,0,3,9,1,3,1
1455,65,82,100,0,3,9,1,3,1
1456,70,80,100,0,0,10,0,0,0
1457,72,85,100,0,3,10,1,3,1
1458,68,81,100,0,3,10,1,3,1
1459,68,86,100,0,3,10,1,3,1
1460,64,89,100,0,3,10,1,3,1
1461,63,94,100,0,3,9,2,3,1
1462,63,99,100,0,3,9,1,3,1
1463,59,96,100,0,0,10,0,0,0
1464,60,92,100,0,3,10,1,3,1
1465,56,89,100,0,3,9,2,3,1
1466,61,89,100,0,3,9,1,3,1
1467,56,90,100,0,3,9,1,3,1
1468,51,89,100,0,3,9,1,3,1
1469,47,87,100,0,3,9,1,3,1
1470,46,92,100,0,3,9,1,3,1
1471,45,87,100,0,3,9,1,3,1
1472,46,92,100,0,0,10,0,0,0
1473,45,87,100,0,2,10,1,2,1
1474,49,90,100,0,3,10,1,3,1
1475,54,91,100,0,3,10,1,3,1
1476,49,92,100,0,3,10,1,3,1
1477,52,88,100,0,0,11,0,0,0
1478,56,90,100,0,3,10,2,3,2
1479,61,90,100,0,3,10,1,3,1
1480,64,94,100,0,0,11,0,0,0
1481,68,97,100,0,3,10,2,3,2
1482,73,96,100,0,3,10,1,3,1
1483,70,93,100,0,3,10,1,3,1
1484,68,98,100,0,3,10,1,3,1
1485,71,1,100,0,3,10,1,3,1
1486,66,100,100,0,3,10,1,3,1
1487,61,1,100,0,3,10,1,3,1
1488,57,2,100,0,3,10,1,3,1
1489,56,7,100,5,8,10,1,8,1
1490,51,9,100,0,3,9,2,3,1
1491,56,12,100,0,0,10,0,0,0
1492,53,8,100,0,0,11,0,0,0
1493,54,3,100,0,3,11,1,3,1
1494,58,1,100,0,3,11,1,3,1
1495,63,1,100,0,3,11,1,3,1
1496,63,6,100,0,3,11,1,3,1
1497,58,8,100,0,3,11,1,3,1
1498,56,12,100,0,3,11,1,3,1
1499,52,10,100,0,3,11,1,3,1
1500,56,8,100,0,3,10,2,3,2
1501,56,3,100,0,3,10,1,3,1
1502,52,1,100,0,0,11,0,0,0
1503,56,98,95,0,1,11,1,1,1
1504,59,95,90,0,1,10,2,1,1
1505,64,94,95,0,3,10,1,3,1
1506,66,90,100,0,3,10,1,3,1
1507,62,87,100,0,3,9,2,3,2
1508,57,87,95,0,1,8,2,1,1
1509,52,87,100,0,3,8,1,3,1
1510,47,87,100,0,3,7,2,3,2
1511,49,92,100,0,3,7,1,3,1
1512,51,88,100,0,3,7,1,3,1
1513,46,87,95,0,1,7,1,1,1
1514,42,90,90,0,1,7,1,1,1
1515,45,86,95,0,3,7,1,3,1
1516,42,82,100,0,3,7,1,3,1
1517,45,86,100,0,3,7,1,3,1
1518,50,88,100,0,0,8,0,0,0
1519,50,93,100,0,0,9,0,0,0
1520,45,93,95,0,1,8,2,1,1
1521,50,93,95,0,0,9,0,0,0
1522,52,88,95,0,0,10,0,0,0
1523,48,92,100,0,3,9,2,3,2
1524,47,87,100,0,3,8,2,3,2
1525,44,90,100,0,3,8,1,3,1
1526,41,94,100,0,3,7,2,3,2
1527,44,90,100,0,0,8,0,0,0
1528,41,86,100,0,3,8,1,3,1
1529,44,82,95,0,1,8,1,1,1
1530,40,85,100,0,3,8,1,3,1
1531,43,89,100,0,3,8,1,3,1
1532,47,85,100,0,3,8,1,3,1
1533,44,81,100,0,3,8,1,3,1
1534,44,86,100,0,3,8,1,3,1
1535,48,83,100,0,0,9,0,0,0
1536,53,83,100,0,3,9,1,3,1
1537,56,78,95,0,4,9,1,4,1
1538,56,83,100,0,3,9,1,3,1
1539,51,86,100,0,3,8,2,3,1
1540,48,90,100,0,0,9,0,0,0
1541,52,92,100,0,3,9,1,3,1
1542,54,97,100,0,3,9,1,3,1
1543,55,2,100,0,3,7,3,3,2
1544,59,99,100,0,3,7,1,3,1
1545,63,97,100,0,0,8,0,0,0
1546,64,92,100,0,3,7,2,3,2
1547,60,90,100,0,3,7,1,3,1
1548,60,85,100,0,0,8,0,0,0
1549,57,80,100,0,3,8,1,3,1
1550,62,82,100,0,0,9,0,0,0
1551,65,79,100,0,3,8,2,3,2
1552,68,75,100,0,3,7,2,3,2
1553,64,76,100,0,0,8,0,0,0
1554,62,71,100,0,3,8,1,3,1
1555,67,72,100,0,3,7,2,3,2
1556,67,77,100,0,3,7,1,3,1
1557,63,78,100,0,0,8,0,0,0
1558,58,78,100,0,3,7,2,3,2
1559,61,75,100,0,0,8,0,0,0
1560,66,72,100,0,3,8,1,3,1
1561,71,73,100,0,3,8,1,3,1
1562,73,68,100,0,3,8,1,3,1
1563,71,64,100,0,0,9,0,0,0
1564,76,63,100,0,3,9,1,3,1
1565,81,65,100,0,3,7,3,3,2
1566,84,62,100,0,0,8,0,0,0
1567,81,58,100,0,3,8,1,3,1
1568,86,60,100,0,3,8,1,3,1
1569,81,59,100,0,3,8,1,3,1
1570,81,54,100,0,3,8,1,3,1
1571,76,53,100,0,3,8,1,3,1
1572,79,48,100,0,3,8,1,3,1
1573,84,48,100,0,3,8,1,3,1
1574,89,49,100,0,3,8,1,3,1
1575,84,48,100,0,2,8,1,2,1
1576,79,49,100,0,3,8,1,3,1
1577,75,45,100,0,3,8,1,3,1
1578,72,50,100,0,0,9,0,0,0
1579,77,48,100,0,3,9,1,3,1
1580,79,52,100,0,3,8,2,3,2
1581,80,57,100,0,3,8,1,3,1
1582,81,52,100,0,3,8,1,3,1
1583,77,51,100,0,3,8,1,3,1
1584,81,49,100,0,3,8,1,3,1
1585,85,53,100,0,3,8,1,3,1
1586,86,48,100,0,3,8,1,3,1
1587,87,43,100,0,3,8,1,3,1
1588,89,47,100,0,3,8,1,3,1
1589,93,44,100,0,0,9,0,0,0
1590,94,49,100,0,3,9,1,3,1
1591,99,49,100,0,2,8,2,2,1
1592,96,46,100,0,3,8,1,3,1
1593,100,43,100,0,3,8,1,3,1
1594,96,46,100,0,3,8,1,3,1
1595,100,43,100,0,3,8,1,3,1
1596,98,48,100,0,3,8,1,3,1
1597,2,45,100,0,3,8,1,3,1
1598,97,46,100,0,3,8,1,3,1
1599,94,50,100,0,2,8,1,2,1
1600,91,46,100,0,3,8,1,3,1
1601,87,43,100,0,3,8,1,3,1
1602,84,47,100,0,3,8,1,3,1
1603,87,43,100,0,0,9,0,0,0
1604,87,38,100,0,3,8,2,3,2
1605,84,42,100,0,3,8,1,3,1
1606,84,47,100,0,3,8,1,3,1
1607,86,42,100,0,3,8,1,3,1
1608,82,40,100,0,3,8,1,3,1
1609,87,42,100,0,3,8,1,3,1
1610,82,41,100,0,3,8,1,3,1
1611,85,44,100,0,0,9,0,0,0
1612,89,40,100,0,3,9,1,3,1
1613,91,36,100,0,3,9,1,3,1
1614,95,39,100,0,3,9,1,3,1
1615,97,35,100,0,3,9,1,3,1
1616,94,39,100,0,3,9,1,3,1
1617,89,40,100,0,3,9,1,3,1
1618,87,35,100,0,3,9,1,3,1
1619,91,38,100,0,3,9,1,3,1
1620,96,40,100,0,0,10,0,0,0
1621,99,36,100,0,3,10,1,3,1
1622,99,41,100,0,3,10,1,3,1
1623,100,36,95,0,1,9,2,1,1
1624,95,36,100,0,3,9,1,3,1
1625,99,38,100,0,3,9,1,3,1
1626,4,39,100,0,3,9,1,3,1
1627,9,39,100,0,3,9,1,3,1
1628,11,35,100,0,3,9,1,3,1
1629,16,33,100,0,3,9,1,3,1
1630,15,38,100,0,3,8,2,3,1
1631,17,33,100,0,0,9,0,0,0
1632,19,29,100,0,3,9,1,3,1
1633,17,33,100,0,0,10,0,0,0
1634,15,38,100,0,3,10,1,3,1
1635,10,35,100,0,3,10,1,3,1
1636,13,31,100,0,3,10,1,3,1
1637,15,26,100,0,3,10,1,3,1
1638,19,25,100,0,0,11,0,0,0
1639,17,20,100,0,3,10,2,3,1
1640,14,16,100,0,3,10,1,3,1
1641,12,12,100,0,3,10,1,3,1
1642,8,15,100,0,3,10,1,3,1
1643,13,15,100,0,3,10,1,3,1
1644,8,14,100,0,3,10,1,3,1
1645,13,15,100,0,3,10,1,3,1
1646,8,18,100,0,3,10,1,3,1
1647,5,14,100,0,3,10,1,3,1
1648,8,17,100,0,3,10,1,3,1
1649,13,15,100,0,3,10,1,3,1
1650,8,13,100,0,3,10,1,3,1
1651,5,9,100,0,3,10,1,3,1
1652,10,9,100,5,8,10,1,8,1
1653,15,8,95,0,1,9,2,1,1
1654,10,6,100,0,3,9,1,3,1
1655,10,1,100,0,3,9,1,3,1
1656,9,96,100,0,3,9,1,3,1
1657,10,1,100,0,3,9,1,3,1
1658,6,100,100,0,3,9,1,3,1
1659,9,96,100,0,3,9,1,3,1
1660,12,0,100,0,3,9,1,3,1
1661,7,99,100,0,3,9,1,3,1
1662,3,1,100,0,0,10,0,0,0
1663,98,3,100,0,3,10,1,3,1
1664,3,1,100,0,3,10,1,3,1
1665,7,4,100,0,3,10,1,3,1
1666,4,99,100,0,3,9,2,3,2
1667,100,1,100,0,3,9,1,3,1
1668,1,5,100,0,3,9,1,3,1
1669,98,2,100,0,3,9,1,3,1
1670,97,97,100,0,3,9,1,3,1
1671,94,0,100,0,3,9,1,3,1
1672,94,95,100,0,3,9,1,3,1
1673,92,91,100,0,3,9,1,3,1
1674,97,90,100,0,3,9,1,3,1
1675,98,85,100,0,3,8,1,3,1
1676,2,82,100,0,3,8,1,3,1
1677,97,82,100,0,3,7,1,3,1
1678,94,78,100,0,3,7,1,3,1
1679,89,79,100,0,3,7,1,3,1
1680,93,82,100,0,3,7,1,3,1
1681,96,86,100,0,3,7,1,3,1
1682,95,81,100,0,0,7,0,0,0
1683,90,82,100,0,3,6,1,3,1
1684,91,87,100,0,3,5,1,3,1
1685,86,87,100,0,3,5,1,3,1
1686,91,88,100,0,3,5,1,3,1
1687,95,86,100,0,0,6,0,0,0
1688,92,90,100,0,0,7,0,0,0
1689,87,89,100,0,0,8,0,0,0
1690,84,93,100,0,3,8,1,3,1
1691,82,98,100,0,2,7,1,2,1
1692,81,93,100,0,3,7,1,3,1
1693,77,95,100,0,2,7,1,2,1
1694,74,91,100,0,3,6,1,3,1
1695,79,94,100,0,3,6,1,3,1
1696,76,98,100,0,0,7,0,0,0
1697,79,94,100,0,3,7,1,3,1
1698,84,95,100,0,3,7,1,3,1
1699,81,91,100,0,0,8,0,0,0
1700,77,93,100,0,3,8,1,3,1
1701,74,98,100,0,3,8,1,3,1
1702,74,93,100,0,3,7,1,3,1
1703,74,88,100,0,3,7,1,3,1
1704,79,89,100,0,3,7,1,3,1
1705,81,94,100,0,0,8,0,0,0
1706,85,97,100,0,3,8,1,3,1
1707,84,2,100,0,3,8,1,3,1
1708,85,6,100,0,3,8,1,3,1
1709,87,2,100,0,3,8,1,3,1
1710,84,98,100,0,3,8,1,3,1
1711,87,94,100,0,3,8,1,3,1
1712,92,92,100,0,3,8,1,3,1
1713,97,92,100,0,3,7,1,3,1
1714,92,90,100,0,3,7,1,3,1
1715,92,85,100,0,0,7,0,0,0
1716,95,81,100,0,0,8,0,0,0
1717,91,79,100,0,3,8,1,3,1
1718,93,74,100,0,3,8,1,3,1
1719,98,74,100,0,3,8,1,3,1
1720,1,78,100,0,3,8,1,3,1
1721,2,73,100,0,2,8,1,2,1
1722,7,74,100,0,3,8,1,3,1
1723,7,69,100,0,3,8,1,3,1
1724,4,65,100,0,3,8,1,3,1
1725,99,65,100,0,3,8,1,3,1
1726,94,66,100,0,3,8,1,3,1
1727,93,71,95,5,6,8,1,6,1
1728,89,68,100,0,3,8,1,3,1
1729,92,64,100,0,3,8,1,3,1
1730,92,69,100,0,3,8,1,3,1
1731,94,64,100,0,0,9,0,0,0
1732,91,68,100,0,3,9,1,3,1
1733,94,72,100,0,3,9,1,3,1
1734,99,72,100,0,3,9,1,3,1
1735,95,74,100,0,3,9,1,3,1
1736,93,69,100,0,3,8,2,3,1
1737,91,74,100,0,0,9,0,0,0
1738,95,78,100,0,2,8,2,2,1
1739,90,77,100,0,0,9,0,0,0
1740,90,72,100,0,3,9,1,3,1
1741,90,77,100,0,0,10,0,0,0
1742,87,81,100,0,3,9,2,3,2
1743,83,79,100,0,2,8,2,2,1
1744,79,75,100,0,3,8,1,3,1
1745,83,71,100,0,3,8,1,3,1
1746,80,75,100,0,3,8,1,3,1
1747,84,72,100,0,3,8,1,3,1
1748,79,74,100,0,3,8,1,3,1
1749,76,78,100,0,3,8,1,3,1
1750,80,75,100,0,0,9,0,0,0
1751,77,79,100,0,2,8,2,2,1
1752,73,76,100,0,2,8,1,2,1
1753,77,75,100,0,0,9,0,0,0
1754,81,78,100,0,2,8,2,2,1
1755,85,81,100,0,2,8,1,2,1
1756,80,83,100,0,3,8,1,3,1
1757,79,88,100,0,3,8,1,3,1
1758,84,90,100,0,2,8,1,2,1
1759,79,88,100,0,0,9,0,0,0
1760,79,93,100,0,3,9,1,3,1
1761,74,92,100,0,2,9,1,2,1
1762,69,93,100,0,3,9,1,3,1
1763,71,97,100,0,2,9,1,2,1
1764,70,92,95,0,4,8,2,4,1
1765,66,90,100,0,3,8,1,3,1
1766,69,86,100,0,2,8,1,2,1
1767,64,87,100,0,3,8,1,3,1
1768,69,86,100,0,2,8,1,2,1
1769,69,91,100,0,3,8,1,3,1
1770,71,96,100,0,3,8,1,3,1
1771,75,93,100,0,3,8,1,3,1
1772,70,92,100,0,3,8,1,3,1
1773,66,90,100,0,3,8,1,3,1
1774,61,88,100,0,0,9,0,0,0
1775,64,85,100,0,3,9,1,3,1
1776,60,87,100,0,3,9,1,3,1
1777,64,85,100,0,0,10,0,0,0
1778,60,82,100,0,3,9,1,3,1
1779,56,85,100,0,3,9,1,3,1
1780,61,87,100,0,3,9,1,3,1
1781,62,82,100,0,3,9,1,3,1
1782,63,77,100,0,3,9,1,3,1
1783,68,80,100,0,2,9,1,2,1
1784,64,83,95,0,4,9,1,4,1
1785,61,87,100,0,3,9,1,3,1
1786,56,88,100,0,0,10,0,0,0
1787,55,93,100,0,2,9,2,2,1
1788,59,96,100,0,3,9,1,3,1
1789,54,97,100,0,2,7,3,2,1
1790,57,93,100,0,2,7,1,2,1
1791,58,88,100,0,0,8,0,0,0
1792,63,87,100,0,3,8,1,3,1
1793,58,87,100,0,3,8,1,3,1
1794,54,89,100,0,3,8,1,3,1
1795,56,85,100,0,3,8,1,3,1
1796,60,88,100,0,3,8,1,3,1
1797,65,90,100,0,3,8,1,3,1
1798,68,87,100,0,2,7,2,2,1
1799,65,83,100,0,0,8,0,0,0
1800,60,83,100,0,0,9,0,0,0
1801,63,87,100,0,3,9,1,3,1
1802,67,90,100,0,3,9,1,3,1
1803,62,92,100,0,2,9,1,2,1
1804,58,94,100,0,2,8,2,2,1
1805,53,92,100,0,3,8,1,3,1
1806,50,97,100,0,2,7,2,2,1
1807,55,95,100,0,2,7,1,2,1
1808,58,98,100,0,0,8,0,0,0
1809,54,100,100,0,2,8,1,2,1
1810,53,5,100,0,2,8,1,2,1
1811,49,8,100,0,0,9,0,0,0
1812,44,6,100,0,3,9,1,3,1
1813,40,4,100,0,3,9,1,3,1
1814,35,5,100,0,2,9,1,2,1
1815,32,9,100,0,2,8,2,2,1
1816,36,6,100,0,2,7,2,2,1
1817,36,11,100,0,0,8,0,0,0
1818,39,7,100,0,0,9,0,0,0
1819,44,5,95,5,6,9,1,6,1
1820,39,3,95,5,0,9,0,0,0
1821,35,6,100,0,3,9,1,3,1
1822,33,10,100,0,0,10,0,0,0
1823,38,9,100,0,3,9,2,3,1
1824,38,4,100,0,0,10,0,0,0
1825,40,8,100,0,3,10,1,3,1
1826,45,10,100,0,3,10,1,3,1
1827,47,14,100,0,3,9,2,3,1
1828,49,10,100,0,3,8,2,3,1
1829,47,5,100,0,3,8,1,3,1
1830,45,9,100,0,0,9,0,0,0
1831,49,12,100,0,3,9,1,3,1
1832,52,16,100,0,3,9,1,3,1
1833,52,21,100,0,2,9,1,2,1
1834,54,25,100,0,0,10,0,0,0
1835,54,20,100,0,2,9,2,2,1
1836,54,16,100,0,3,9,1,3,1
1837,50,19,100,0,3,9,1,3,1
1838,46,16,100,0,2,9,1,2,1
1839,47,11,100,0,2,9,1,2,1
1840,48,7,100,0,3,8,2,3,1
1841,49,2,100,0,3,8,1,3,1
1842,44,1,100,0,3,8,1,3,1
1843,48,5,100,0,0,9,0,0,0
1844,53,5,100,0,3,8,2,3,1
1845,53,10,100,0,0,9,0,0,0
1846,56,15,100,0,3,8,2,3,1
1847,56,10,100,0,5,8,1,5,1
1848,59,14,100,0,0,9,0,0,0
1849,54,13,100,0,2,8,2,2,1
1850,59,12,100,0,3,8,1,3,1
1851,55,9,100,0,0,9,0,0,0
1852,59,6,100,0,2,9,1,2,1
1853,61,11,100,0,3,9,1,3,1
1854,60,6,100,0,3,9,1,3,1
1855,58,1,100,0,3,9,1,3,1
1856,61,98,100,0,0,10,0,0,0
1857,56,98,100,0,0,11,0,0,0
1858,55,3,100,0,3,10,2,3,1
1859,50,2,100,0,0,11,0,0,0
1860,50,7,100,0,3,10,2,3,1
1861,51,2,100,0,3,10,1,3,1
1862,54,98,100,0,0,11,0,0,0
1863,49,99,100,0,3,11,1,3,1
1864,44,97,100,0,3,9,3,3,2
1865,46,93,100,0,3,8,2,3,1
1866,50,95,100,0,5,8,1,5,1
1867,46,92,100,0,0,9,0,0,0
1868,43,88,100,0,3,9,1,3,1
1869,42,83,100,0,0,10,0,0,0
1870,46,87,100,0,3,10,1,3,1
1871,46,82,100,0,3,10,1,3,1
1872,42,85,100,0,0,11,0,0,0
1873,39,81,100,0,3,11,1,3,1
1874,35,83,100,0,3,10,2,3,1
1875,40,83,100,0,0,11,0,0,0
1876,36,80,100,0,0,12,0,0,0
1877,40,82,95,0,4,12,1,4,1
1878,45,81,95,0,0,12,0,0,0
1879,49,78,100,0,3,11,2,3,1
1880,47,73,100,0,3,10,2,3,1
1881,45,78,90,0,4,9,2,4,2
1882,42,82,90,0,0,10,0,0,0
1883,37,82,95,0,5,10,1,5,1
1884,34,79,100,0,3,10,1,3,1
1885,34,74,95,0,4,9,2,4,1
1886,29,76,100,0,3,9,1,3,1
1887,32,72,95,0,4,9,1,4,1
1888,35,67,95,5,7,9,1,7,1
1889,39,65,100,5,5,9,1,5,1
1890,36,61,100,5,0,10,0,0,0
1891,32,64,95,5,4,10,1,4,1
1892,32,69,90,5,4,10,1,4,1
1893,32,74,95,0,3,10,1,3,1
1894,36,71,95,0,0,11,0,0,0
1895,40,68,100,0,3,10,1,3,1
1896,41,63,95,0,4,10,1,4,1
1897,43,68,95,0,0,11,0,0,0
1898,42,63,90,0,1,11,1,1,1
1899,39,59,90,0,0,12,0,0,0
1900,36,63,85,0,4,12,1,4,1
1901,34,58,90,0,3,11,2,3,1
1902,29,60,85,0,4,11,1,4,1
1903,27,55,80,0,4,10,2,4,1
1904,25,60,85,0,5,10,1,5,1
1905,25,55,90,0,5,10,1,5,1
1906,24,60,90,0,0,11,0,0,0
1907,28,57,95,0,3,11,1,3,1
1908,30,52,95,0,0,12,0,0,0
1909,35,53,95,0,0,13,0,0,0
1910,31,56,95,0,0,14,0,0,0
1911,29,60,100,0,5,13,1,5,1
1912,29,65,100,0,0,14,0,0,0
1913,24,66,100,0,3,12,3,3,1
1914,29,68,100,0,0,12,0,0,0
1915,30,73,100,0,5,12,1,5,1
1916,27,77,100,0,5,12,1,5,1
1917,22,78,100,0,5,12,1,5,1
1918,23,73,100,0,3,12,1,3,1
1919,25,77,100,0,0,13,0,0,0
1920,20,77,100,0,5,13,1,5,1
1921,21,82,100,0,3,12,2,3,1
1922,17,80,100,0,5,11,2,5,1
1923,16,76,100,0,5,11,1,5,1
1924,11,75,100,0,5,11,1,5,1
1925,10,79,100,0,5,11,1,5,1
1926,13,83,100,0,5,11,1,5,1
1927,8,82,95,0,4,11,1,4,1
1928,4,85,90,0,4,10,2,4,1
1929,3,80,95,0,5,10,1,5,1
1930,8,80,100,0,3,9,2,3,1
1931,13,80,100,0,0,10,0,0,0
1932,10,84,100,0,2,9,2,2,1
1933,14,80,100,0,3,9,1,3,1
1934,18,83,100,0,0,10,0,0,0
1935,16,79,100,0,5,10,1,5,1
1936,21,79,100,0,0,11,0,0,0
1937,25,76,100,0,3,10,2,3,1
1938,20,76,100,0,3,10,1,3,1
1939,24,73,100,0,3,9,2,3,1
1940,25,68,100,0,3,8,2,3,1
1941,28,73,100,0,3,8,1,3,1
1942,32,73,100,0,0,9,0,0,0
1943,27,72,100,0,5,9,1,5,1
1944,23,69,100,0,5,9,1,5,1
1945,27,66,100,0,3,9,1,3,1
1946,31,69,100,0,5,9,1,5,1
1947,35,66,100,0,3,8,2,3,1
1948,30,63,100,0,3,8,1,3,1
1949,25,63,100,0,3,8,1,3,1
1950,28,58,100,0,0,9,0,0,0
1951,33,57,100,0,3,8,2,3,1
1952,29,55,100,0,0,9,0,0,0
1953,25,51,100,0,3,8,2,3,1
1954,24,46,100,0,3,8,1,3,1
1955,29,45,100,0,3,8,1,3,1
1956,33,48,100,0,5,8,1,5,1
1957,38,49,100,0,0,9,0,0,0
1958,37,44,100,0,0,10,0,0,0
1959,36,39,100,0,3,10,1,3,1
1960,40,36,100,0,3,9,2,3,1
1961,45,38,100,0,5,9,1,5,1
1962,43,33,100,0,3,8,2,3,1
1963,43,28,100,0,3,8,1,3,1
1964,48,28,100,0,0,9,0,0,0
1965,44,30,100,0,3,9,1,3,1
1966,48,31,100,0,0,10,0,0,0
1967,43,30,100,0,3,10,1,3,1
1968,47,27,100,0,0,11,0,0,0
1969,47,32,100,0,3,11,1,3,1
1970,51,29,100,0,3,11,1,3,1
1971,47,27,100,0,3,11,1,3,1
1972,46,32,100,0,3,11,1,3,1
1973,41,30,100,0,3,11,1,3,1
1974,40,34,100,0,3,11,1,3,1
1975,38,39,100,0,0,12,0,0,0
1976,35,34,100,0,5,12,1,5,1
1977,40,33,100,0,3,11,1,3,1
1978,43,29,95,0,1,10,2,1,1
1979,42,34,90,0,1,9,2,1,1
1980,46,31,95,0,5,9,1,5,1
1981,44,36,100,0,3,9,1,3,1
1982,45,41,100,0,3,9,1,3,1
1983,44,36,100,0,3,9,1,3,1
1984,42,32,100,0,0,10,0,0,0
1985,37,31,100,0,0,11,0,0,0
1986,32,31,95,0,1,10,2,1,1
1987,37,31,100,0,5,10,1,5,1
1988,35,36,100,0,5,10,1,5,1
1989,39,39,100,0,3,10,1,3,1
1990,44,41,100,0,0,11,0,0,0
1991,44,46,100,0,5,11,1,5,1
1992,44,41,95,0,1,10,2,1,1
1993,46,36,90,0,1,10,1,1,1
1994,51,38,90,0,0,10,0,0,0
1995,51,33,95,0,5,10,1,5,1
1996,47,30,100,0,5,10,1,5,1
1997,51,26,95,0,1,9,2,1,1
1998,54,30,100,0,3,8,1,3,1
1999,55,35,100,0,0,9,0,0,0
2000,58,39,100,0,3,9,1,3,1
2001,56,43,100,5,8,9,1,8,1
2002,51,44,100,5,5,9,1,5,1
2003,46,44,100,0,3,9,1,3,1
2004,46,39,100,0,3,8,2,3,1
2005,51,40,100,0,3,8,1,3,1
2006,56,41,100,0,5,8,1,5,1
2007,61,42,100,0,3,8,1,3,1
2008,66,42,100,0,3,7,1,3,1
2009,68,37,100,0,3,7,1,3,1
2010,66,42,100,0,0,8,0,0,0
2011,71,41,100,0,5,8,1,5,1
2012,70,36,100,0,5,8,1,5,1
2013,73,32,100,0,3,8,1,3,1
2014,69,35,100,0,3,8,1,3,1
2015,73,38,100,0,5,7,1,5,1
2016,75,42,100,0,0,8,0,0,0
2017,71,40,100,0,3,8,1,3,1
2018,74,37,100,0,0,9,0,0,0
2019,73,32,100,0,5,9,1,5,1
2020,68,33,100,0,3,9,1,3,1
2021,63,30,100,0,3,9,1,3,1
2022,67,26,100,0,5,9,1,5,1
2023,70,22,100,0,0,9,0,0,0
2024,65,21,100,0,3,9,1,3,1
2025,61,18,100,0,3,8,2,3,1
2026,66,19,100,0,0,9,0,0,0
2027,65,24,100,0,0,10,0,0,0
2028,68,20,100,0,3,10,1,3,1
2029,63,17,100,0,0,11,0,0,0
2030,58,17,100,0,3,11,1,3,1
2031,62,20,100,0,3,11,1,3,1
2032,66,24,100,0,3,11,1,3,1
2033,61,23,100,0,3,11,1,3,1
2034,63,28,100,0,5,11,1,5,1
2035,63,33,100,0,5,11,1,5,1
2036,65,28,100,0,3,10,2,3,1
2037,61,31,100,0,3,10,1,3,1
2038,60,26,100,0,0,11,0,0,0
2039,59,31,100,5,7,11,1,7,1
2040,54,30,100,0,3,11,1,3,1
2041,57,26,100,0,3,11,1,3,1
2042,61,29,100,0,3,11,1,3,1
2043,62,24,100,0,3,11,1,3,1
2044,60,29,100,0,3,11,1,3,1
2045,65,30,100,0,3,11,1,3,1
2046,70,29,100,0,3,11,1,3,1
2047,69,24,100,0,3,11,1,3,1
2048,68,19,100,0,3,11,1,3,1
2049,70,15,100,0,5,10,2,5,2
2050,65,17,100,0,0,11,0,0,0
2051,62,21,95,0,4,11,1,4,1
2052,67,19,90,0,4,11,1,4,1
2053,71,21,85,0,4,11,1,4,1
2054,72,17,90,0,5,11,1,5,1
2055,75,21,85,0,1,11,1,1,1
2056,72,17,90,0,3,11,1,3,1
2057,67,18,95,0,3,10,2,3,1
2058,64,14,100,0,3,10,1,3,1
2059,59,14,100,0,3,9,2,3,1
2060,54,13,100,0,3,9,1,3,1
2061,52,8,100,0,3,9,1,3,1
2062,47,9,100,0,3,9,1,3,1
2063,43,12,100,0,3,9,1,3,1
2064,46,8,100,0,0,10,0,0,0
2065,46,13,100,0,3,9,2,3,1
2066,51,10,100,0,0,10,0,0,0
2067,51,5,100,0,0,11,0,0,0
2068,55,3,100,0,5,11,1,5,1
2069,51,6,100,0,0,12,0,0,0
2070,55,3,100,0,3,11,2,3,2
2071,51,5,100,0,3,11,1,3,1
2072,54,1,100,0,3,11,1,3,1
2073,57,5,100,0,3,11,1,3,1
2074,61,3,100,0,3,11,1,3,1
2075,65,5,100,0,3,11,1,3,1
2076,67,1,100,0,3,10,2,3,1
2077,68,96,100,0,3,10,1,3,1
2078,70,92,100,0,0,11,0,0,0
2079,68,87,100,0,3,11,1,3,1
2080,73,85,100,0,3,11,1,3,1
2081,69,82,100,0,3,11,1,3,1
2082,74,84,100,0,0,11,0,0,0
2083,73,89,95,0,1,11,1,1,1
2084,71,93,90,0,1,11,1,1,1
2085,67,97,85,0,1,11,1,1,1
2086,66,92,80,0,1,11,1,1,1
2087,64,87,80,0,0,12,0,0,0
2088,59,88,80,0,0,13,0,0,0
2089,64,86,85,0,3,13,1,3,1
2090,65,81,80,0,1,13,1,1,1
2091,61,84,75,0,1,13,1,1,1
2092,64,88,70,0,1,13,1,1,1
2093,59,89,65,0,1,13,1,1,1
2094,56,86,60,0,1,13,1,1,1
2095,59,82,55,0,1,13,1,1,1
2096,62,86,50,0,1,13,1,1,1
2097,63,82,45,0,1,13,1,1,1
2098,59,78,40,0,1,13,1,1,1
2099,57,83,35,0,1,13,1,1,1
2100,52,80,40,0,3,13,1,3,1
2101,56,77,35,0,1,12,2,1,1
2102,57,72,30,0,1,11,2,1,1
2103,62,72,25,0,1,11,1,1,1
2104,58,69,20,5,6,10,2,6,1
2105,53,68,15,0,1,10,1,1,1
2106,57,71,10,0,1,10,1,1,1
2107,57,76,10,0,0,11,0,0,0
2108,61,72,5,0,1,9,3,1,1
2109,65,74,0,0,1,9,1,1,1
2110,69,70,0,0,1,9,1,1,1
2111,73,67,0,0,1,9,1,1,1
2112,68,65,0,0,4,9,1,4,1
2113,73,65,0,0,1,9,1,1,1
2114,76,61,0,0,1,9,1,1,1
2115,72,58,0,0,1,9,1,1,1
2116,68,61,0,0,1,9,1,1,1
2117,71,57,0,0,4,9,1,4,1
2118,67,59,0,0,0,10,0,0,0
2119,67,54,0,0,1,9,2,1,1
2120,63,58,0,0,1,9,1,1,1
2121,68,59,0,0,1,9,1,1,1
2122,68,64,0,0,0,10,0,0,0
2123,73,67,0,0,1,10,1,1,1
2124,68,64,5,0,3,10,1,3,1
2125,71,60,0,0,1,9,2,1,1
2126,66,60,0,0,0,10,0,0,0
2127,63,64,0,0,1,10,1,1,1
2128,67,66,0,0,1,10,1,1,1
2129,65,62,0,0,1,10,1,1,1
2130,69,59,0,0,0,11,0,0,0
2131,71,55,0,0,0,12,0,0,0
2132,74,51,0,0,1,11,2,1,1
2133,69,51,5,0,3,11,1,3,1
2134,67,55,10,0,3,11,1,3,1
2135,66,60,5,0,1,11,1,1,1
2136,62,57,0,0,1,11,1,1,1
2137,63,52,0,0,0,12,0,0,0
2138,63,57,0,0,1,11,2,1,1
2139,67,55,0,0,1,11,1,1,1
2140,66,60,0,0,1,11,1,1,1
2141,70,60,5,0,3,11,1,3,1
2142,66,58,5,0,0,12,0,0,0
2143,69,62,0,5,6,12,1,6,1
2144,70,57,0,0,1,11,2,1,1
2145,72,53,0,0,1,11,1,1,1
2146,73,58,0,0,1,10,2,1,1
2147,68,58,0,0,1,9,2,1,1
2148,67,53,0,0,1,8,2,1,1
2149,70,49,0,0,1,7,2,1,1
2150,75,48,0,0,0,8,0,0,0
2151,72,52,0,0,0,9,0,0,0
2152,67,52,0,0,1,9,1,1,1
2153,66,47,0,0,1,9,1,1,1
2154,64,42,0,0,2,9,1,2,1
2155,61,46,5,0,3,9,1,3,1
2156,66,45,5,0,0,10,0,0,0
2157,67,40,0,0,1,10,1,1,1
2158,69,44,0,0,1,9,2,1,1
2159,66,48,0,0,1,9,1,1,1
2160,61,46,5,0,3,9,1,3,1
2161,66,47,0,0,1,8,2,1,1
2162,69,42,0,0,1,8,1,1,1
2163,64,43,0,0,0,9,0,0,0
2164,61,38,0,0,1,8,2,1,1
2165,62,33,0,0,2,8,1,2,1
2166,65,37,0,0,0,9,0,0,0
2167,64,42,0,0,0,10,0,0,0
2168,63,37,0,0,1,9,2,1,1
2169,59,33,0,0,1,8,2,1,1
2170,63,29,0,0,0,9,0,0,0
2171,59,26,0,0,1,9,1,1,1
2172,64,28,0,0,1,9,1,1,1
2173,59,26,0,0,1,9,1,1,1
2174,60,21,0,0,1,8,2,1,1
2175,64,18,0,0,2,8,1,2,1
2176,60,17,0,0,2,8,1,2,1
2177,58,21,0,0,2,8,1,2,1
2178,54,19,5,0,5,8,1,5,1
2179,49,17,5,0,0,9,0,0,0
2180,52,21,0,0,1,8,2,1,1
2181,48,24,0,0,1,8,1,1,1
2182,45,28,0,0,2,7,2,2,1
2183,46,33,0,0,1,7,1,1,1
2184,42,36,0,5,7,7,1,7,1
2185,43,31,0,5,0,8,0,0,0
2186,45,27,0,0,1,7,2,1,1
2187,50,27,0,0,2,7,1,2,1
2188,45,27,0,0,0,8,0,0,0
2189,49,24,0,0,1,8,1,1,1
2190,44,22,0,0,1,8,1,1,1
2191,49,22,0,0,1,7,2,1,1
2192,46,25,0,0,2,7,1,2,1
2193,43,21,0,0,1,7,1,1,1
2194,43,16,0,0,1,7,1,1,1
2195,46,20,0,0,0,8,0,0,0
2196,42,17,0,0,1,8,1,1,1
2197,45,21,0,0,1,7,2,1,1
2198,40,21,0,0,0,8,0,0,0
2199,36,24,0,0,1,8,1,1,1
2200,39,28,0,0,1,8,1,1,1
2201,41,32,0,0,2,8,1,2,1
2202,39,36,0,0,1,8,1,1,1
2203,34,38,0,0,0,9,0,0,0
2204,30,34,0,0,0,10,0,0,0
2205,35,33,0,0,1,10,1,1,1
2206,31,31,0,0,1,9,2,1,1
2207,33,27,0,0,2,9,1,2,1
2208,36,31,0,5,6,9,1,6,1
2209,31,32,0,5,0,10,0,0,0
2210,35,29,0,5,0,11,0,0,0
2211,40,27,0,0,1,11,1,1,1
2212,40,32,0,0,4,10,2,4,1
2213,36,35,0,0,1,9,2,1,1
2214,41,33,0,0,0,10,0,0,0
2215,39,28,0,0,1,9,2,1,1
2216,34,29,0,0,0,10,0,0,0
2217,29,30,0,0,1,8,3,1,1
2218,33,26,0,0,0,9,0,0,0
2219,32,21,0,0,1,9,1,1,1
2220,37,23,0,0,1,8,2,1,1
2221,39,27,0,0,0,9,0,0,0
2222,34,25,0,0,1,9,1,1,1
2223,38,22,0,0,1,8,2,1,1
2224,34,25,0,0,0,9,0,0,0
2225,38,27,0,0,1,9,1,1,1
2226,36,23,0,0,1,8,2,1,1
2227,38,28,0,0,1,7,2,1,1
2228,36,23,0,0,0,8,0,0,0
2229,33,19,0,0,1,8,1,1,1
2230,38,20,0,5,6,8,1,6,1
2231,39,25,0,0,2,7,2,2,1
2232,39,20,0,0,1,7,1,1,1
2233,36,24,5,0,5,7,1,5,1
2234,37,19,5,0,0,8,0,0,0
2235,33,15,5,0,0,9,0,0,0
2236,30,19,0,0,1,9,1,1,1
2237,28,23,0,0,1,7,3,1,1
2238,32,26,0,0,2,7,1,2,1
2239,28,29,0,5,6,7,1,6,1
2240,26,24,0,5,0,8,0,0,0
2241,29,28,0,0,1,7,2,1,1
2242,34,27,0,0,0,8,0,0,0
2243,32,23,0,0,2,8,1,2,1
2244,34,18,0,10,6,7,2,6,2
2245,35,23,0,5,2,7,1,2,1
2246,30,21,5,0,3,7,1,3,1
2247,29,16,0,0,1,7,1,1,1
2248,28,11,0,0,0,8,0,0,0
2249,24,13,0,0,2,8,1,2,1
2250,28,15,0,0,1,8,1,1,1
2251,28,10,0,0,0,9,0,0,0
2252,25,5,0,0,1,9,1,1,1
2253,21,8,0,0,1,7,3,1,1
2254,26,8,5,0,3,7,1,3,1
2255,21,7,0,0,1,7,1,1,1
2256,19,2,0,0,1,7,1,1,1
2257,21,6,0,0,1,7,1,1,1
2258,19,11,5,0,3,7,1,3,1
2259,24,9,5,0,0,8,0,0,0
2260,29,10,0,0,1,8,1,1,1
2261,34,11,0,0,0,9,0,0,0
2262,38,12,0,0,1,9,1,1,1
2263,33,11,0,0,1,8,2,1,1
2264,31,7,0,0,1,7,2,1,1
2265,32,12,0,5,6,6,1,6,1
2266,32,7,0,0,1,6,1,1,1
2267,32,2,0,0,2,5,2,2,1
2268,37,1,0,0,0,6,0,0,0
2269,42,2,5,0,5,6,1,5,1
2270,39,6,5,0,0,7,0,0,0
2271,44,9,10,0,5,7,1,5,1
2272,39,8,15,0,5,7,1,5,1
2273,34,8,10,0,1,7,1,1,1
2274,31,12,5,0,1,7,1,1,1
2275,31,17,0,0,1,7,1,1,1
2276,26,19,0,0,0,7,0,0,0
2277,26,14,0,0,0,8,0,0,0
2278,29,10,5,0,3,8,1,3,1
2279,31,15,5,0,0,9,0,0,0
2280,36,13,0,0,1,9,1,1,1
2281,41,13,0,0,1,9,1,1,1
2282,44,17,0,0,0,10,0,0,0
2283,45,12,0,0,1,10,1,1,1
2284,50,11,5,0,5,10,1,5,1
2285,45,9,5,0,0,11,0,0,0
2286,49,5,10,5,8,11,1,8,1
2287,50,1,5,0,1,11,1,1,1
2288,50,6,0,0,1,10,2,1,1
2289,48,1,5,0,3,9,2,3,1
2290,47,6,0,0,1,9,1,1,1
2291,47,11,0,0,1,9,1,1,1
2292,47,6,5,0,3,8,2,3,1
2293,49,10,0,0,1,7,2,1,1
2294,44,11,0,0,0,8,0,0,0
2295,46,7,0,0,0,9,0,0,0
2296,41,7,5,0,3,9,1,3,1
2297,44,12,0,0,1,7,3,1,1
2298,46,8,0,0,1,7,1,1,1
2299,49,12,0,0,1,7,1,1,1
2300,52,15,0,0,1,7,1,1,1
2301,47,16,0,0,0,7,0,0,0
2302,43,19,0,0,1,7,1,1,1
2303,47,16,0,0,0,8,0,0,0
2304,43,18,0,0,1,8,1,1,1
2305,40,14,0,0,1,8,1,1,1
2306,44,14,0,0,0,9,0,0,0
2307,49,15,0,0,1,9,1,1,1
2308,54,16,0,0,1,9,1,1,1
2309,50,14,0,0,1,9,1,1,1
2310,46,17,0,0,1,7,3,1,2
2311,46,12,0,0,1,7,1,1,1
2312,46,17,0,0,1,7,1,1,1
2313,49,21,0,0,1,7,1,1,1
2314,53,24,0,0,1,7,1,1,1
2315,57,21,0,0,1,6,2,1,2
2316,62,21,0,0,0,7,0,0,0
2317,63,26,0,0,1,7,1,1,1
2318,67,22,0,0,1,6,2,1,2
2319,63,19,0,0,1,6,1,1,1
2320,64,24,0,0,0,7,0,0,0
2321,69,24,0,0,1,7,1,1,1
2322,64,25,0,0,1,6,2,1,2
2323,64,30,0,0,0,7,0,0,0
2324,68,27,0,0,0,8,0,0,0
2325,66,31,0,0,1,7,2,1,2
2326,70,34,0,0,0,8,0,0,0
2327,74,32,0,0,1,7,2,1,2
2328,70,29,0,0,4,7,1,4,1
2329,70,34,0,0,1,7,1,1,1
2330,74,36,0,0,1,7,1,1,1
2331,79,37,0,0,1,7,1,1,1
2332,77,33,0,0,1,7,1,1,1
2333,82,32,0,0,1,7,1,1,1
2334,87,30,0,0,1,7,1,1,1
2335,90,34,0,0,0,8,0,0,0
2336,85,34,0,0,1,8,1,1,1
2337,83,39,0,0,1,8,1,1,1
2338,85,43,0,0,1,7,2,1,2
2339,86,48,0,0,1,7,1,1,1
2340,82,50,0,0,0,8,0,0,0
2341,77,49,0,0,1,7,2,1,1
2342,76,44,0,0,1,7,1,1,1
2343,71,44,0,0,1,7,1,1,1
2344,76,45,0,0,0,8,0,0,0
2345,73,49,0,0,1,8,1,1,1
2346,73,54,0,0,1,8,1,1,1
2347,70,50,0,0,0,9,0,0,0
2348,73,54,0,0,1,9,1,1,1
2349,72,59,0,0,1,9,1,1,1
2350,77,59,0,0,1,8,2,1,2
2351,73,62,5,0,3,8,1,3,1
2352,72,67,0,0,1,7,2,1,1
2353,77,66,0,0,1,7,1,1,1
2354,82,66,0,0,1,6,2,1,1
2355,86,62,0,0,0,7,0,0,0
2356,85,58,0,0,0,8,0,0,0
2357,86,53,0,0,1,8,1,1,1
2358,91,55,0,0,1,8,1,1,1
2359,95,58,0,0,1,8,1,1,1
2360,99,55,0,0,1,7,2,1,1
2361,94,54,0,0,1,7,1,1,1
2362,89,52,0,0,1,7,1,1,1
2363,94,54,0,0,1,7,1,1,1
2364,89,56,0,0,1,7,1,1,1
2365,93,52,0,0,1,6,2,1,1
2366,90,56,0,0,1,5,2,1,1
2367,85,55,0,0,0,6,0,0,0
2368,80,58,0,0,0,7,0,0,0
2369,83,54,0,0,1,7,1,1,1
2370,88,56,0,0,1,6,2,1,1
2371,87,51,0,0,2,6,1,2,1
2372,89,47,5,0,3,6,1,3,1
2373,88,42,0,0,1,6,1,1,1
2374,84,38,0,0,0,7,0,0,0
2375,79,37,0,0,1,7,1,1,1
2376,82,42,0,0,1,6,2,1,1
2377,84,38,0,0,0,7,0,0,0
2378,81,33,0,0,1,7,1,1,1
2379,85,37,0,0,1,7,1,1,1
2380,80,39,0,0,1,7,1,1,1
2381,78,43,0,0,1,6,2,1,1
2382,82,45,0,0,2,6,1,2,1
2383,86,49,0,0,0,7,0,0,0
2384,82,53,0,0,1,7,1,1,1
2385,77,53,0,0,0,8,0,0,0
2386,79,49,0,0,1,7,1,1,1
2387,76,44,0,0,1,7,1,1,1
2388,80,42,0,0,1,6,2,1,1
2389,76,39,0,0,0,7,0,0,0
2390,74,34,0,0,0,8,0,0,0
2391,79,35,0,0,1,8,1,1,1
2392,80,30,0,0,0,9,0,0,0
2393,78,25,0,0,1,8,2,1,1
2394,83,25,0,0,0,9,0,0,0
2395,88,24,0,0,1,8,2,1,1
2396,83,25,0,0,1,8,1,1,1
2397,79,22,0,0,1,7,2,1,1
2398,82,25,0,0,1,7,1,1,1
2399,84,21,0,0,1,6,2,1,1
2400,89,18,0,0,0,7,0,0,0
2401,88,13,0,0,1,7,1,1,1
2402,86,9,0,0,1,7,1,1,1
2403,82,12,0,0,1,7,1,1,1
2404,80,7,0,0,1,7,1,1,1
2405,76,10,0,0,1,7,1,1,1
2406,71,10,0,0,1,7,1,1,1
2407,67,13,0,0,1,7,1,1,1
2408,63,16,0,0,1,7,1,1,1
2409,58,17,0,0,1,7,1,1,1
2410,53,18,0,0,2,7,1,2,1
2411,58,20,0,0,1,7,1,1,1
2412,53,18,0,0,1,7,1,1,1
2413,58,20,0,0,1,7,1,1,1
2414,54,24,0,0,0,8,0,0,0
2415,50,22,0,0,1,8,1,1,1
2416,48,27,0,0,1,8,1,1,1
2417,47,32,0,0,1,8,1,1,1
2418,48,37,0,0,1,8,1,1,1
2419,53,35,0,0,0,8,0,0,0
2420,56,39,0,0,1,7,2,1,2
2421,57,34,0,0,0,8,0,0,0
2422,62,33,0,0,1,7,2,1,1
2423,58,30,0,0,1,6,2,1,1
2424,60,35,0,0,0,7,0,0,0
2425,55,34,0,0,1,7,1,1,1
2426,58,37,0,0,1,7,1,1,1
2427,54,35,0,0,1,7,1,1,1
2428,59,36,0,0,1,7,1,1,1
2429,55,33,0,0,1,7,1,1,1
2430,51,31,0,0,1,7,1,1,1
2431,46,29,0,0,1,7,1,1,1
2432,43,25,0,0,0,8,0,0,0
2433,47,27,0,0,1,8,1,1,1
2434,46,22,0,0,1,7,2,1,1
2435,47,27,0,0,2,7,1,2,1
2436,42,25,0,0,1,7,1,1,1
2437,43,21,0,0,1,7,1,1,1
2438,39,19,0,0,0,8,0,0,0
2439,43,22,0,0,1,8,1,1,1
2440,47,20,0,0,1,7,2,1,1
2441,45,16,0,0,1,7,1,1,1
2442,44,20,0,0,1,7,1,1,1
2443,47,24,0,0,1,7,1,1,1
2444,43,27,0,0,1,7,1,1,1
2445,46,31,0,0,1,7,1,1,1
2446,51,31,0,0,0,8,0,0,0
2447,52,26,0,0,1,8,1,1,1
2448,48,29,0,0,1,8,1,1,1
2449,43,30,0,0,2,8,1,2,1
2450,47,28,0,0,1,7,2,1,1
2451,42,27,0,0,2,7,1,2,1
2452,45,31,0,0,1,7,1,1,1
2453,50,31,0,0,1,7,1,1,1
2454,48,26,0,0,1,7,1,1,1
2455,51,22,0,0,1,7,1,1,1
2456,54,26,0,0,1,7,1,1,1
2457,52,21,0,0,1,7,1,1,1
2458,57,21,0,0,0,8,0,0,0
2459,61,18,0,0,1,7,2,1,1
2460,57,21,0,0,1,6,2,1,1
2461,54,25,0,0,0,7,0,0,0
2462,53,20,0,0,1,7,1,1,1
2463,57,17,0,0,1,7,1,1,1
2464,60,21,0,0,1,7,1,1,1
2465,64,18,0,0,1,7,1,1,1
2466,63,13,0,0,1,7,1,1,1
2467,66,17,0,0,1,7,1,1,1
2468,64,13,0,0,0,8,0,0,0
2469,59,11,0,0,1,8,1,1,1
2470,59,16,0,0,1,8,1,1,1
2471,57,11,0,0,1,8,1,1,1
2472,62,12,0,0,1,8,1,1,1
2473,66,14,0,0,1,8,1,1,1
2474,66,19,0,0,1,7,2,1,1
2475,61,21,0,0,1,7,1,1,1
2476,65,18,0,0,1,7,1,1,1
2477,69,15,0,0,1,7,1,1,1
2478,74,17,0,0,1,7,1,1,1
2479,70,20,0,0,1,7,1,1,1
2480,67,16,0,0,1,7,1,1,1
2481,63,13,0,0,1,7,1,1,1
2482,61,9,0,0,1,7,1,1,1
2483,65,11,0,0,1,7,1,1,1
2484,67,16,0,0,0,8,0,0,0
2485,65,20,0,0,0,9,0,0,0
2486,61,19,0,0,1,9,1,1,1
2487,56,19,0,0,1,9,1,1,1
2488,52,16,0,0,1,9,1,1,1
2489,52,11,0,0,1,9,1,1,1
2490,57,10,0,0,1,8,2,1,2
2491,56,5,0,0,0,9,0,0,0
2492,55,1,0,0,1,9,1,1,1
2493,58,97,0,0,1,9,1,1,1
2494,62,99,0,0,1,9,1,1,1
2495,62,4,0,0,1,8,2,1,2
2496,59,8,0,0,0,9,0,0,0
2497,54,6,0,0,1,8,2,1,1
2498,49,7,0,0,1,8,1,1,1
2499,45,5,0,0,1,8,1,1,1
2500,42,10,0,0,1,8,1,1,1
2501,47,9,0,0,1,7,2,1,1
2502,42,10,0,0,1,7,1,1,1
2503,46,7,0,0,1,7,1,1,1
2504,51,4,0,0,1,7,1,1,1
2505,48,100,0,0,1,7,1,1,1
2506,50,4,0,0,1,7,1,1,1
2507,46,1,0,0,1,7,1,1,1
2508,50,99,0,0,1,7,1,1,1
2509,48,94,0,0,1,7,1,1,1
2510,53,95,0,0,0,8,0,0,0
2511,48,96,0,0,1,8,1,1,1
2512,53,94,0,0,1,8,1,1,1
2513,57,97,0,0,1,7,1,1,1
2514,52,96,0,0,1,7,1,1,1
2515,47,97,0,0,1,6,2,1,1
2516,49,93,0,0,0,7,0,0,0
2517,45,90,0,0,1,7,1,1,1
2518,41,92,0,0,1,7,1,1,1
2519,45,94,0,0,1,7,1,1,1
2520,48,98,0,0,1,7,1,1,1
2521,46,93,0,0,0,8,0,0,0
2522,48,98,0,0,1,8,1,1,1
2523,53,98,0,0,0,9,0,0,0
2524,57,1,0,0,0,10,0,0,0
2525,52,1,0,0,0,11,0,0,0
2526,49,96,0,0,4,11,1,4,1
2527,49,91,0,0,0,12,0,0,0
2528,47,87,0,0,1,12,1,1,1
2529,51,83,0,0,1,12,1,1,1
2530,46,81,0,0,1,12,1,1,1
2531,48,86,0,0,1,12,1,1,1
2532,53,85,0,0,1,12,1,1,1
2533,50,89,0,0,1,12,1,1,1
2534,48,85,0,0,1,12,1,1,1
2535,52,83,0,0,1,11,2,1,1
2536,53,78,0,0,1,11,1,1,1
2537,48,79,0,0,1,11,1,1,1
2538,51,75,0,0,0,12,0,0,0
2539,51,80,0,0,1,12,1,1,1
2540,55,79,0,0,1,12,1,1,1
2541,53,84,0,0,1,12,1,1,1
2542,58,84,0,0,1,12,1,1,1
2543,62,80,0,0,1,12,1,1,1
2544,66,77,0,0,0,13,0,0,0
2545,68,73,0,0,1,13,1,1,1
2546,66,68,0,0,0,14,0,0,0
2547,61,67,0,0,1,13,2,1,1
2548,65,63,0,0,1,13,1,1,1
2549,61,67,0,0,1,12,1,1,1
2550,65,63,0,0,1,12,1,1,1
2551,64,68,0,0,1,12,1,1,1
2552,63,73,0,0,1,12,1,1,1
2553,61,69,0,0,1,12,1,1,1
2554,65,66,0,0,1,12,1,1,1
2555,60,64,0,0,1,12,1,1,1
2556,59,59,0,0,1,11,1,1,1
2557,60,54,0,0,1,11,1,1,1
2558,65,54,0,0,1,11,1,1,1
2559,65,59,0,0,0,12,0,0,0
2560,70,57,0,0,1,11,2,1,1
2561,72,53,0,0,1,10,1,1,1
2562,77,53,0,0,2,9,2,2,1
2563,81,52,0,0,0,10,0,0,0
2564,78,48,0,0,1,10,1,1,1
2565,80,44,0,0,0,11,0,0,0
2566,75,43,0,0,1,10,2,1,1
2567,76,48,0,0,4,10,1,4,1
2568,79,44,0,0,1,9,2,1,1
2569,74,45,0,0,1,9,1,1,1
2570,70,43,0,0,1,9,1,1,1
2571,67,48,0,0,1,9,1,1,1
2572,72,50,0,0,1,8,2,1,1
2573,67,48,0,5,6,8,1,6,1
2574,64,44,0,0,1,7,2,1,1
2575,67,40,0,0,1,7,1,1,1
2576,64,36,0,0,1,7,1,1,1
2577,61,40,0,5,6,7,1,6,1
2578,57,36,0,0,1,6,2,1,1
2579,53,38,0,0,0,7,0,0,0
2580,53,33,0,0,0,8,0,0,0
2581,54,28,0,0,1,8,1,1,1
2582,59,30,0,0,1,7,2,1,1
2583,60,25,0,0,1,7,1,1,1
2584,55,25,0,0,0,8,0,0,0
2585,53,20,0,0,1,8,1,1,1
2586,56,16,0,0,2,8,1,2,1
2587,60,20,0,0,0,9,0,0,0
2588,58,15,0,0,1,8,2,1,1
2589,60,10,0,0,1,8,1,1,1
2590,60,5,0,0,1,7,2,1,1
2591,55,4,0,0,0,8,0,0,0
2592,55,9,0,0,0,9,0,0,0
2593,60,9,0,0,1,9,1,1,1
2594,61,14,0,0,0,10,0,0,0
2595,61,9,0,0,1,10,1,1,1
2596,64,5,0,0,1,9,2,1,1
2597,68,2,0,0,1,9,1,1,1
2598,68,7,0,0,1,9,1,1,1
2599,73,7,0,0,0,10,0,0,0
2600,73,12,0,0,1,9,2,1,1
2601,68,10,0,0,0,10,0,0,0
2602,71,6,0,0,1,9,2,1,1
2603,76,7,0,0,0,10,0,0,0
2604,81,7,0,0,1,10,1,1,1
2605,85,4,0,0,1,10,1,1,1
2606,89,7,0,0,1,10,1,1,1
2607,86,11,0,0,1,10,1,1,1
2608,82,8,0,0,1,10,1,1,1
2609,77,8,0,0,1,10,1,1,1
2610,81,11,0,0,1,9,2,1,1
2611,76,12,0,5,6,9,1,6,1
2612,71,11,0,0,1,8,2,1,1
2613,73,6,0,0,1,7,2,1,1
2614,77,10,0,0,0,8,0,0,0
2615,75,5,0,0,1,8,1,1,1
2616,78,9,0,0,1,8,1,1,1
2617,82,7,0,5,7,8,1,7,1
2618,85,3,0,5,4,8,1,4,1
2619,83,8,0,0,1,8,1,1,1
2620,82,13,0,0,1,8,1,1,1
2621,87,12,0,0,1,8,1,1,1
2622,87,7,0,0,1,8,1,1,1
2623,89,3,0,0,1,8,1,1,1
2624,85,6,0,0,0,9,0,0,0
2625,80,8,0,0,1,9,1,1,1
2626,85,10,0,0,1,9,1,1,1
2627,86,15,0,0,1,9,1,1,1
2628,85,20,0,0,1,9,1,1,1
2629,84,25,0,0,1,9,1,1,1
2630,80,27,0,0,1,8,2,1,1
2631,75,29,0,0,0,9,0,0,0
2632,70,30,0,0,1,9,1,1,1
2633,66,33,0,0,1,8,2,1,1
2634,71,32,0,0,1,8,1,1,1
2635,66,30,0,0,1,7,2,1,1
2636,69,26,0,0,1,7,1,1,1
2637,73,24,0,0,0,8,0,0,0
2638,72,29,0,0,1,8,1,1,1
2639,71,34,0,0,1,8,1,1,1
2640,67,32,0,0,1,8,1,1,1
2641,68,27,0,0,1,8,1,1,1
2642,72,30,0,0,1,7,2,1,1
2643,67,30,0,0,0,8,0,0,0
2644,62,32,0,0,1,8,1,1,1
2645,59,28,0,0,1,8,1,1,1
2646,63,30,0,0,1,8,1,1,1
2647,67,26,0,0,1,8,1,1,1
2648,63,25,0,0,1,8,1,1,1
2649,63,20,0,0,1,8,1,1,1
2650,64,15,0,0,1,8,1,1,1
2651,62,20,0,0,1,8,1,1,1
2652,67,21,0,0,1,8,1,1,1
2653,72,22,0,0,1,8,1,1,1
2654,75,18,0,0,0,9,0,0,0
2655,73,22,0,0,1,9,1,1,1
2656,78,20,0,0,1,9,1,1,1
2657,76,15,0,0,1,9,1,1,1
2658,80,12,0,0,1,9,1,1,1
2659,78,16,0,0,1,9,1,1,1
2660,81,21,0,0,0,10,0,0,0
2661,77,18,0,0,1,10,1,1,1
2662,82,19,0,0,1,10,1,1,1
2663,78,17,0,0,1,10,1,1,1
2664,78,21,0,0,0,11,0,0,0
2665,81,18,0,0,0,12,0,0,0
2666,86,16,0,0,1,12,1,1,1
2667,91,15,0,0,1,12,1,1,1
2668,96,13,0,0,1,12,1,1,1
2669,100,16,0,0,1,12,1,1,1
2670,5,16,0,0,1,12,1,1,1
2671,100,15,0,0,1,12,1,1,1
2672,95,16,0,0,1,12,1,1,1
2673,100,17,0,0,1,12,1,1,1
2674,4,14,0,0,1,12,1,1,1
2675,3,10,0,0,1,12,1,1,1
2676,1,14,0,0,1,12,1,1,1
2677,98,11,0,0,1,9,2,1,1
2678,1,7,0,0,0,10,0,0,0
2679,97,10,0,0,1,9,1,1,1
2680,98,5,0,0,1,9,1,1,1
2681,93,4,0,0,1,9,1,1,1
2682,97,8,0,0,2,9,1,2,1
2683,92,9,0,0,1,9,1,1,1
2684,87,9,0,0,1,9,1,1,1
2685,89,14,0,0,1,9,1,1,1
2686,91,19,0,0,1,9,1,1,1
2687,90,24,0,0,1,9,1,1,1
2688,95,25,0,0,1,8,2,1,1
2689,92,28,0,0,1,8,1,1,1
2690,88,25,0,0,1,8,1,1,1
2691,92,22,0,0,1,8,1,1,1
2692,91,17,0,0,1,8,1,1,1
2693,96,17,0,0,1,8,1,1,1
2694,91,15,0,0,1,8,1,1,1
2695,87,13,0,0,1,8,1,1,1
2696,89,17,0,0,1,8,1,1,1
2697,91,12,0,5,7,8,1,7,1
2698,94,9,0,0,1,8,1,1,1
2699,98,6,0,0,1,8,1,1,1
2700,3,7,0,0,1,8,1,1,1
2701,98,7,0,0,1,8,1,1,1
2702,97,2,0,0,1,8,1,1,1
2703,98,7,0,0,1,8,1,1,1
2704,100,2,0,0,1,8,1,1,1
2705,96,5,0,0,1,8,1,1,1
2706,93,10,0,0,1,8,1,1,1
2707,94,5,0,0,1,7,2,1,1
2708,89,6,0,0,0,8,0,0,0
2709,92,10,0,0,1,8,1,1,1
2710,96,7,0,0,1,8,1,1,1
2711,96,2,0,0,1,8,1,1,1
2712,99,98,0,0,1,8,1,1,1
2713,96,2,0,0,1,8,1,1,1
2714,1,0,0,0,1,8,1,1,1
2715,5,97,0,0,1,8,1,1,1
2716,5,2,0,0,1,8,1,1,1
2717,1,5,0,0,1,8,1,1,1
2718,1,100,0,0,1,8,1,1,1
2719,0,95,0,0,1,8,1,1,1
2720,2,90,0,0,1,8,1,1,1
2721,2,95,0,0,1,8,1,1,1
2722,6,98,0,0,1,8,1,1,1
2723,5,3,0,0,1,8,1,1,1
2724,2,7,0,0,1,7,1,1,1
2725,6,9,0,0,1,7,1,1,1
2726,11,8,0,0,0,8,0,0,0
2727,16,7,0,0,1,8,1,1,1
2728,21,4,0,0,1,8,1,1,1
2729,25,6,0,0,1,8,1,1,1
2730,30,8,0,0,1,8,1,1,1
2731,35,6,0,0,1,7,2,1,1
2732,40,6,0,0,0,8,0,0,0
2733,41,11,0,0,0,9,0,0,0
2734,36,9,0,0,1,9,1,1,1
2735,38,14,0,0,1,9,1,1,1
2736,33,11,0,0,1,8,2,1,1
2737,36,15,5,0,3,8,1,3,1
2738,38,11,5,0,0,9,0,0,0
2739,33,9,0,0,1,9,1,1,1
2740,29,7,0,0,1,9,1,1,1
2741,28,12,0,0,1,8,2,1,1
2742,23,11,0,0,0,9,0,0,0
2743,18,10,0,0,1,9,1,1,1
2744,18,5,0,0,1,9,1,1,1
2745,13,7,0,0,1,9,1,1,1
2746,18,5,0,0,1,8,2,1,1
2747,13,4,0,0,0,9,0,0,0
2748,10,7,0,0,1,8,2,1,1
2749,15,5,0,0,1,8,1,1,1
2750,12,1,5,0,5,8,1,5,1
2751,7,3,0,0,1,8,1,1,1
2752,7,8,0,0,1,7,2,1,1
2753,4,4,5,0,3,7,1,3,1
2754,6,8,5,0,0,8,0,0,0
2755,1,8,0,0,1,8,1,1,1
2756,6,9,0,0,1,8,1,1,1
2757,6,4,0,0,1,7,2,1,1
2758,4,99,0,0,0,8,0,0,0
2759,4,94,0,0,1,8,1,1,1
2760,1,90,0,0,1,8,1,1,1
2761,2,86,0,0,1,8,1,1,1
2762,99,82,0,0,0,9,0,0,0
2763,2,86,0,0,1,8,2,1,1
2764,6,89,5,0,3,8,1,3,1
2765,10,87,5,0,0,9,0,0,0
2766,6,89,0,0,1,9,1,1,1
2767,3,93,0,0,0,10,0,0,0
2768,7,90,0,0,1,9,2,1,1
2769,12,91,0,0,1,8,2,1,1
2770,7,92,0,0,1,7,2,1,1
2771,12,92,5,0,3,7,1,3,1
2772,15,96,5,0,0,8,0,0,0
2773,14,91,0,0,1,8,1,1,1
2774,11,95,0,0,1,8,1,1,1
2775,14,92,0,0,0,9,0,0,0
2776,19,90,0,0,1,8,2,1,1
2777,22,94,5,0,3,8,1,3,1
2778,18,97,10,0,3,8,1,3,1
2779,14,100,10,0,0,9,0,0,0
2780,11,4,5,0,1,9,1,1,1
2781,6,2,0,0,1,8,2,1,1
2782,5,7,0,0,2,8,1,2,1
2783,0,5,0,0,0,9,0,0,0
2784,2,10,5,0,3,9,1,3,1
2785,0,14,5,0,0,10,0,0,0
2786,100,10,0,0,1,9,2,1,1
2787,95,7,0,0,0,10,0,0,0
2788,92,4,0,0,2,10,1,2,1
2789,92,99,0,0,0,11,0,0,0
2790,90,3,0,0,0,12,0,0,0
2791,93,7,0,0,0,13,0,0,0
2792,89,7,0,0,2,12,2,2,1
2793,84,5,5,0,5,11,2,5,1
2794,89,3,0,0,1,10,2,1,1
2795,85,6,0,0,1,9,2,1,1
2796,88,2,0,0,2,9,1,2,1
2797,90,98,0,0,0,10,0,0,0
2798,95,98,0,0,1,9,2,1,1
2799,91,1,0,0,1,9,1,1,1
2800,89,6,0,0,0,10,0,0,0
2801,85,3,0,0,1,9,2,1,1
2802,87,99,5,0,5,9,1,5,1
2803,90,4,10,0,3,9,1,3,1
2804,93,0,15,0,3,9,1,3,1
2805,89,98,10,0,1,9,1,1,1
2806,85,2,10,0,0,10,0,0,0
2807,82,5,5,0,1,9,2,1,1
2808,87,4,5,0,0,10,0,0,0
2809,83,1,0,0,1,9,2,1,1
2810,85,96,0,0,2,9,1,2,1
2811,86,91,0,0,0,10,0,0,0
2812,91,89,0,0,1,9,2,1,1
2813,91,84,0,0,0,10,0,0,0
2814,96,86,0,0,2,10,1,2,1
2815,94,82,5,0,3,10,1,3,1
2816,89,84,5,0,0,11,0,0,0
2817,84,86,5,0,0,12,0,0,0
2818,82,82,0,0,1,11,2,1,1
2819,77,81,5,5,8,11,1,8,1
2820,79,85,0,0,1,9,3,1,1
2821,83,89,0,0,2,9,1,2,1
2822,84,85,5,0,3,9,1,3,1
2823,86,80,5,0,2,9,1,2,1
2824,91,80,5,0,2,9,1,2,1
2825,88,76,5,0,2,9,1,2,1
2826,93,77,10,0,3,9,1,3,1
2827,98,78,10,0,2,9,1,2,1
2828,100,73,10,0,2,9,1,2,1
2829,97,69,10,0,2,9,1,2,1
2830,1,68,10,0,2,9,1,2,1
2831,99,63,10,0,2,9,1,2,1
2832,2,59,5,0,1,8,2,1,1
2833,98,56,0,0,1,7,2,1,1
2834,93,56,0,0,0,8,0,0,0
2835,97,57,0,0,2,8,1,2,1
2836,98,62,0,0,0,9,0,0,0
2837,3,63,0,0,1,9,1,1,1
2838,8,62,0,0,2,9,1,2,1
2839,7,57,0,0,4,9,1,4,1
2840,11,54,5,0,3,9,1,3,1
2841,6,57,5,0,2,9,1,2,1
2842,11,55,5,0,2,9,1,2,1
2843,10,51,5,0,2,9,1,2,1
2844,5,51,5,0,2,9,1,2,1
2845,1,48,10,0,3,9,1,3,1
2846,96,46,10,0,0,10,0,0,0
2847,93,42,10,0,2,10,1,2,1
2848,98,43,10,0,0,11,0,0,0
2849,95,39,10,0,0,12,0,0,0
2850,97,43,5,5,6,12,1,6,1
2851,0,47,5,5,0,13,0,0,0
2852,96,46,5,5,0,14,0,0,0
2853,92,50,10,0,3,13,2,3,1
2854,91,45,10,0,2,12,2,2,1
2855,95,48,10,0,2,11,2,2,1
2856,97,43,15,0,5,11,1,5,1
2857,99,48,15,0,0,12,0,0,0
2858,94,49,20,0,3,12,1,3,1
2859,92,45,25,0,3,12,1,3,1
2860,90,40,30,0,5,12,1,5,1
2861,90,45,30,0,2,11,2,2,1
2862,87,48,30,0,2,11,1,2,1
2863,91,49,30,0,2,11,1,2,1
2864,93,54,30,0,2,11,1,2,1
2865,96,58,30,0,2,10,2,2,1
2866,97,53,30,0,2,9,2,2,1
2867,92,51,30,0,2,9,1,2,1
2868,97,51,35,0,3,8,2,3,1
2869,1,54,40,0,5,8,1,5,1
2870,3,59,40,0,0,9,0,0,0
2871,100,55,40,0,2,8,2,2,1
2872,96,52,40,0,2,8,1,2,1
2873,98,57,40,0,2,8,1,2,1
2874,3,54,45,0,5,8,1,5,1
2875,99,51,45,0,2,8,1,2,1
2876,98,46,40,0,4,8,1,4,1
2877,97,41,45,0,5,8,1,5,1
2878,1,45,45,0,2,8,1,2,1
2879,98,41,50,0,5,8,1,5,1
2880,95,36,50,0,2,7,2,2,1
2881,97,32,50,0,2,7,1,2,1
2882,1,29,50,0,0,8,0,0,0
2883,3,33,50,0,2,8,1,2,1
2884,3,38,50,0,2,8,1,2,1
2885,1,34,50,0,2,8,1,2,1
2886,6,34,50,0,0,9,0,0,0
2887,2,37,50,0,2,9,1,2,1
2888,7,37,50,0,2,9,1,2,1
2889,11,38,50,0,0,10,0,0,0
2890,7,39,55,0,5,10,1,5,1
2891,4,35,50,0,4,10,1,4,1
2892,3,40,50,0,0,11,0,0,0
2893,99,43,55,0,5,11,1,5,1
2894,1,38,60,0,5,11,1,5,1
2895,5,37,60,0,0,12,0,0,0
2896,8,42,55,0,4,11,2,4,1
2897,7,37,55,0,2,10,2,2,1
2898,2,34,55,0,0,11,0,0,0
2899,0,39,55,0,2,10,1,2,1
2900,5,39,60,5,8,10,1,8,1
2901,10,39,65,5,5,10,1,5,1
2902,6,36,70,5,5,9,2,5,1
2903,4,41,75,5,5,9,1,5,1
2904,8,44,75,5,0,10,0,0,0
2905,4,41,80,5,5,10,1,5,1
2906,3,36,85,5,5,10,1,5,1
2907,7,32,90,5,5,10,1,5,1
2908,8,37,90,5,0,11,0,0,0
2909,6,42,95,5,5,11,1,5,1
2910,11,42,100,5,5,10,2,5,1
2911,13,37,95,10,6,10,1,6,1
2912,10,33,100,10,5,10,1,5,1
2913,5,32,100,10,5,10,1,5,1
2914,9,30,100,10,0,11,0,0,0
2915,4,31,95,10,4,11,1,4,1
2916,6,36,95,5,2,9,3,2,1
2917,5,41,95,0,2,9,1,2,1
2918,1,43,100,0,5,9,1,5,1
2919,96,42,100,0,0,9,0,0,0
2920,0,40,100,0,5,9,1,5,1
2921,5,40,100,0,2,8,2,2,1
2922,9,43,100,0,5,7,2,5,1
2923,14,40,100,0,0,8,0,0,0
2924,18,37,95,5,6,8,1,6,1
2925,22,35,100,5,5,8,1,5,1
2926,25,40,100,5,0,9,0,0,0
2927,23,35,100,5,0,10,0,0,0
2928,21,30,95,10,6,10,1,6,1
2929,26,30,100,10,5,10,1,5,1
2930,30,33,95,10,4,9,2,4,1
2931,30,38,100,10,5,8,2,5,1
2932,31,33,95,15,6,8,1,6,1
2933,36,32,95,15,0,9,0,0,0
2934,37,28,95,15,0,10,0,0,0
2935,42,29,90,20,6,10,1,6,1
2936,38,32,95,20,5,10,1,5,1
2937,39,37,100,20,5,10,1,5,1
2938,40,42,100,20,0,11,0,0,0
2939,39,37,100,20,5,10,2,5,1
2940,40,42,100,20,5,9,2,5,1
2941,41,47,100,20,5,9,1,5,1
2942,43,43,100,20,5,9,1,5,1
2943,46,47,100,20,5,9,1,5,1
2944,47,52,100,20,5,9,1,5,1
2945,44,55,100,20,0,10,0,0,0
2946,44,50,100,20,0,11,0,0,0
2947,48,48,95,25,6,11,1,6,1
2948,45,52,100,25,5,11,1,5,1
2949,46,57,100,25,0,12,0,0,0
2950,50,55,95,30,6,12,1,6,1
2951,50,60,100,30,5,12,1,5,1
2952,45,58,100,25,3,11,2,3,1
2953,41,60,100,25,5,10,2,5,1
2954,36,60,95,30,6,10,1,6,1
2955,33,64,100,30,5,10,1,5,1
2956,37,62,100,30,5,10,1,5,1
2957,33,59,100,30,5,9,2,5,1
2958,30,64,95,35,6,9,1,6,1
2959,29,59,95,35,0,10,0,0,0
2960,34,60,90,35,4,8,3,4,1
2961,35,65,90,35,0,9,0,0,0
2962,33,70,90,35,0,10,0,0,0
2963,36,73,95,35,5,10,1,5,1
2964,40,70,100,35,5,9,2,5,1
2965,45,68,100,35,5,8,2,5,1
2966,46,63,100,35,0,9,0,0,0
2967,42,65,95,40,6,9,1,6,1
2968,44,70,100,40,5,9,1,5,1
2969,41,66,100,40,5,8,2,5,1
2970,39,70,95,45,6,8,1,6,1
2971,36,66,90,50,6,8,1,6,1
2972,34,61,85,55,6,8,1,6,1
2973,31,57,90,55,5,8,1,5,1
2974,31,52,90,55,0,9,0,0,0
2975,36,55,85,60,6,9,1,6,1
2976,31,56,90,60,5,8,2,5,1
2977,29,60,90,60,0,8,0,0,0
2978,24,58,95,60,5,8,1,5,1
2979,23,53,95,60,0,9,0,0,0
2980,21,48,95,60,0,10,0,0,0
2981,26,48,95,60,0,11,0,0,0
2982,25,44,100,60,5,10,2,5,2
2983,29,44,95,65,6,10,1,6,1
2984,28,40,95,65,0,11,0,0,0
2985,29,44,95,65,0,12,0,0,0
2986,28,49,100,65,5,11,2,5,1
2987,26,45,100,65,5,9,3,5,2
2988,22,48,95,70,6,9,1,6,1
2989,19,51,90,75,6,9,1,6,1
2990,14,50,85,80,6,9,1,6,1
2991,13,54,80,85,6,9,1,6,1
2992,11,50,75,90,6,9,1,6,1
2993,16,51,70,95,6,9,1,6,1
2994,20,54,65,100,6,9,1,6,1
2995,20,49,60,100,6,9,1,6,1
2996,19,44,55,100,6,9,1,6,1
2997,14,43,55,100,0,10,0,0,0
2998,14,38,60,100,5,10,1,5,1
2999,16,33,55,100,6,10,1,6,1
3000,11,31,60,100,5,9,2,5,1
3001,12,36,55,100,6,9,1,6,1
3002,8,39,50,100,6,9,1,6,1
3003,7,35,45,100,6,9,1,6,1
3004,5,39,40,100,6,9,1,6,1
3005,9,36,35,100,6,9,1,6,1
3006,11,41,30,100,6,9,1,6,1
3007,13,46,25,100,6,9,1,6,1
3008,18,48,25,100,0,10,0,0,0
3009,20,52,20,95,1,9,2,1,1
3010,16,51,15,100,6,9,1,6,1
3011,12,48,15,100,0,10,0,0,0
3012,10,52,15,100,0,10,0,0,0
3013,5,52,15,100,0,11,0,0,0
3014,8,56,15,100,0,12,0,0,0
3015,7,61,15,100,7,12,1,7,1
3016,11,64,15,100,0,13,0,0,0
3017,9,69,15,100,0,14,0,0,0
3018,6,65,10,100,6,13,2,6,1
3019,7,60,5,100,6,12,2,6,1
3020,5,64,5,100,7,12,1,7,1
3021,3,60,0,100,6,11,2,6,1
3022,98,62,0,100,7,11,1,7,1
3023,94,64,0,100,7,11,1,7,1
3024,90,67,0,100,0,12,0,0,0
3025,92,72,0,100,7,12,1,7,1
3026,92,67,0,100,7,12,1,7,1
3027,92,62,0,100,7,12,1,7,1
3028,94,57,5,100,5,12,1,5,1
3029,91,61,5,100,0,12,0,0,0
3030,96,60,5,100,7,12,1,7,1
3031,92,57,0,100,6,11,1,6,1
3032,97,57,0,100,6,9,3,6,1
3033,99,61,0,100,0,10,0,0,0
3034,2,65,5,100,8,10,1,8,1
3035,4,70,5,100,0,11,0,0,0
3036,3,75,5,100,7,10,2,7,1
3037,98,74,5,100,0,11,0,0,0
3038,2,77,0,100,6,10,2,6,1
3039,1,82,0,100,7,10,1,7,1
3040,98,78,0,100,6,9,2,6,1
3041,95,74,0,100,6,9,1,6,1
3042,90,77,0,100,7,9,1,7,1
3043,95,78,0,100,6,7,2,6,1
3044,0,77,0,100,0,8,0,0,0
3045,0,82,0,100,6,7,2,6,2
3046,5,80,0,100,0,8,0,0,0
3047,1,77,0,100,0,9,0,0,0
3048,6,77,0,100,0,10,0,0,0
3049,1,78,10,100,8,9,2,8,2
3050,99,73,5,100,6,8,2,6,1
3051,95,76,5,100,0,9,0,0,0
3052,90,77,0,100,6,8,2,6,1
3053,95,75,0,100,6,7,2,6,1
3054,97,79,0,100,6,7,1,6,1
3055,96,75,0,100,7,7,1,7,1
3056,1,75,0,100,0,8,0,0,0
3057,4,71,0,100,0,9,0,0,0
3058,4,66,0,100,7,9,1,7,1
3059,8,63,0,100,6,8,2,6,1
3060,6,58,0,100,0,9,0,0,0
3061,4,63,0,100,6,8,1,6,1
3062,99,64,0,100,0,9,0,0,0
3063,94,62,0,100,7,9,1,7,1
3064,94,67,0,100,7,9,1,7,1
3065,96,63,0,100,0,10,0,0,0
3066,98,67,0,100,6,8,3,6,2
3067,93,68,0,100,0,9,0,0,0
3068,89,66,0,100,0,10,0,0,0
3069,92,62,0,100,6,10,1,6,1
3070,87,64,0,100,6,10,1,6,1
3071,88,69,5,100,5,9,2,5,1
3072,87,64,5,100,0,10,0,0,0
3073,88,69,5,95,2,10,1,2,1
3074,89,73,5,95,0,11,0,0,0
3075,85,76,10,95,5,10,2,5,1
3076,87,71,0,100,6,9,2,6,2
3077,84,67,0,100,7,9,1,7,1
3078,89,67,0,100,7,9,1,7,1
3079,89,72,5,100,5,8,2,5,1
3080,93,68,10,100,5,8,1,5,1
3081,93,73,10,100,0,9,0,0,0
3082,96,69,5,100,6,9,1,6,1
3083,92,70,5,100,0,10,0,0,0
3084,95,74,10,100,5,10,1,5,1
3085,96,69,10,100,0,11,0,0,0
3086,91,71,15,100,5,10,2,5,1
3087,94,67,15,100,7,10,1,7,1
3088,92,71,15,100,7,10,1,7,1
3089,94,75,10,100,6,9,2,6,1
3090,96,80,10,100,0,10,0,0,0
3091,1,82,10,100,7,10,1,7,1
3092,97,85,15,100,5,9,1,5,1
3093,2,86,15,100,0,10,0,0,0
3094,7,85,20,100,5,9,2,5,1
3095,12,86,20,100,7,9,1,7,1
3096,8,89,20,100,0,10,0,0,0
3097,6,84,20,100,7,10,1,7,1
3098,2,87,20,100,7,10,1,7,1
3099,98,89,20,100,7,10,1,7,1
3100,2,86,20,100,0,11,0,0,0
3101,5,82,20,100,0,12,0,0,0
3102,100,82,20,100,0,13,0,0,0
3103,2,87,20,100,0,14,0,0,0
3104,3,91,20,100,7,14,1,7,1
3105,8,89,20,100,0,15,0,0,0
3106,13,89,20,100,0,16,0,0,0
3107,8,86,25,95,3,16,1,3,1
3108,6,81,25,90,2,15,2,2,1
3109,7,76,25,90,0,16,0,0,0
3110,10,72,25,90,0,17,0,0,0
3111,13,69,25,85,2,15,2,2,1
3112,13,74,25,85,0,16,0,0,0
3113,8,72,30,80,3,15,2,3,1
3114,12,68,30,85,7,15,1,7,1
3115,16,65,30,85,0,16,0,0,0
3116,11,66,25,80,1,14,3,1,1
3117,10,61,20,75,1,12,3,1,1
3118,12,57,20,70,2,11,2,2,1
3119,10,52,15,65,1,11,1,1,1
3120,14,49,10,60,1,10,1,1,1
3121,18,47,10,55,2,10,1,2,1
3122,16,42,10,60,7,9,1,7,1
3123,12,39,10,60,0,10,0,0,0
3124,8,42,5,55,1,9,2,1,1
3125,3,41,0,55,4,8,2,4,1
3126,8,40,0,50,1,8,1,1,1
3127,11,36,0,45,1,8,1,1,1
3128,16,35,0,45,0,9,0,0,0
3129,19,31,0,45,0,10,0,0,0
3130,24,31,0,45,0,11,0,0,0
3131,25,36,0,55,7,10,2,7,2
3132,29,40,0,55,0,11,0,0,0
3133,27,35,0,50,1,10,2,1,1
3134,25,39,0,45,1,9,2,1,1
3135,26,34,0,45,0,10,0,0,0
3136,22,38,0,50,7,10,1,7,1
3137,27,36,0,45,1,9,2,1,1
3138,22,36,0,45,0,10,0,0,0
3139,18,34,0,45,0,11,0,0,0
3140,13,37,0,45,0,12,0,0,0
3141,8,36,0,40,1,11,2,1,1
3142,6,40,0,40,0,12,0,0,0
3143,11,42,0,35,1,11,2,1,1
3144,6,41,0,30,1,11,1,1,1
3145,1,41,0,25,1,11,1,1,1
3146,5,39,0,20,1,11,1,1,1
3147,10,39,0,15,1,10,2,1,1
3148,12,34,0,10,1,9,1,1,1
3149,17,34,0,5,1,9,1,1,1
3150,15,38,0,10,7,9,1,7,1
3151,19,42,0,5,1,8,1,1,1
3152,14,41,0,5,0,9,0,0,0
3153,17,37,0,5,4,8,2,4,1
3154,13,34,0,0,1,8,1,1,1
3155,10,30,0,0,1,8,1,1,1
3156,7,26,0,0,0,9,0,0,0
3157,11,24,0,0,0,9,0,0,0
3158,14,20,0,0,0,9,0,0,0
3159,15,15,0,0,1,9,1,1,1
3160,11,18,0,0,0,10,0,0,0
3161,7,15,0,0,1,9,2,1,1
3162,9,10,0,0,1,8,1,1,1
3163,14,10,0,0,1,7,2,1,1
3164,10,7,0,0,1,7,1,1,1
3165,12,12,5,0,3,7,1,3,1
3166,8,15,5,0,0,8,0,0,0
3167,6,19,0,0,1,8,1,1,1
3168,8,24,0,0,1,7,2,1,1
3169,12,27,0,0,1,7,1,1,1
3170,9,22,0,0,0,8,0,0,0
3171,13,18,0,0,1,7,1,1,1
3172,8,18,0,0,1,7,1,1,1
3173,4,15,5,0,3,7,1,3,1
3174,99,14,0,0,1,6,1,1,1
3175,98,19,0,0,0,7,0,0,0
3176,98,24,0,0,1,7,1,1,1
3177,2,27,0,0,0,8,0,0,0
3178,1,31,0,0,1,7,2,1,1
3179,4,27,0,0,1,7,1,1,1
3180,99,27,0,0,1,6,1,1,1
3181,99,32,0,0,1,6,1,1,1
3182,97,28,0,0,0,7,0,0,0
3183,93,25,0,0,1,7,1,1,1
3184,88,28,0,0,1,7,1,1,1
3185,91,32,0,0,1,7,1,1,1
3186,94,27,0,0,1,7,1,1,1
3187,98,25,0,0,1,7,1,1,1
3188,3,23,0,0,1,7,1,1,1
3189,98,23,0,0,1,7,1,1,1
3190,95,19,0,0,1,7,1,1,1
3191,98,22,0,0,1,7,1,1,1
3192,96,18,0,0,1,7,1,1,1
3193,95,22,0,0,0,8,0,0,0
3194,99,20,0,0,1,8,1,1,1
3195,94,21,0,0,1,8,1,1,1
3196,99,21,0,0,1,8,1,1,1
3197,98,16,0,0,1,8,1,1,1
3198,99,12,0,0,1,8,1,1,1
3199,95,8,0,0,1,8,1,1,1
3200,98,4,0,0,1,8,1,1,1
3201,2,5,0,0,1,8,1,1,1
3202,2,10,0,0,1,8,1,1,1
3203,98,8,0,0,1,7,1,1,1
3204,0,12,0,0,1,7,1,1,1
3205,5,14,0,0,1,7,1,1,1
3206,4,9,0,0,0,8,0,0,0
3207,6,5,0,0,0,8,0,0,0
3208,11,6,0,0,1,8,1,1,1
3209,7,9,0,0,1,8,1,1,1
3210,12,11,0,0,1,8,1,1,1
3211,7,11,0,0,1,8,1,1,1
3212,7,6,0,0,1,8,1,1,1
3213,12,5,0,0,1,8,1,1,1
3214,7,5,0,0,1,8,1,1,1
3215,3,8,0,0,1,8,1,1,1
3216,8,8,0,0,1,8,1,1,1
3217,9,13,0,0,1,8,1,1,1
3218,14,12,0,0,1,8,1,1,1
3219,11,16,0,0,1,8,1,1,1
3220,15,19,0,0,0,9,0,0,0
3221,10,18,0,0,1,9,1,1,1
3222,5,20,0,0,1,9,1,1,1
3223,9,17,0,0,1,9,1,1,1
3224,4,17,0,0,1,9,1,1,1
3225,7,13,0,0,0,10,0,0,0
3226,6,18,5,0,3,10,1,3,1
3227,11,16,0,0,1,10,1,1,1
3228,6,19,0,0,1,10,1,1,1
3229,2,18,0,0,1,10,1,1,1
3230,5,14,0,0,1,10,1,1,1
3231,0,14,0,0,1,10,1,1,1
3232,97,19,0,0,1,9,1,1,1
3233,2,22,0,0,1,9,1,1,1
3234,98,25,0,0,1,9,1,1,1
3235,3,27,0,0,0,10,0,0,0
3236,6,30,0,0,0,11,0,0,0
3237,2,33,0,0,1,11,1,1,1
3238,98,30,0,0,1,11,1,1,1
3239,98,35,0,0,1,11,1,1,1
3240,3,33,5,0,3,11,1,3,1
3241,5,28,5,0,0,12,0,0,0
3242,1,31,0,0,1,12,1,1,1
3243,97,27,0,0,1,11,1,1,1
3244,94,31,0,0,1,11,1,1,1
3245,95,36,0,0,0,12,0,0,0
3246,100,35,0,0,1,12,1,1,1
3247,95,34,0,0,1,12,1,1,1
3248,99,37,0,0,1,11,2,1,1
3249,99,32,0,0,1,10,2,1,1
3250,2,28,0,0,1,10,1,1,1
3251,98,30,0,0,1,10,1,1,1
3252,96,34,0,0,1,10,1,1,1
3253,94,39,0,0,1,10,1,1,1
3254,90,42,0,0,1,10,1,1,1
3255,95,43,0,0,4,10,1,4,1
3256,99,41,0,0,1,10,1,1,1
3257,98,36,0,0,1,10,1,1,1
3258,2,34,0,0,1,10,1,1,1
3259,97,33,0,0,1,10,1,1,1
3260,96,38,0,0,1,10,1,1,1
3261,98,42,0,0,1,10,1,1,1
3262,95,39,0,0,1,10,1,1,1
3263,90,41,0,0,1,10,1,1,1
3264,92,37,0,0,1,10,1,1,1
3265,96,34,0,0,1,10,1,1,1
3266,94,29,0,0,1,10,1,1,1
3267,94,34,0,0,1,10,1,1,1
3268,89,32,0,0,1,10,1,1,1
3269,92,28,0,0,1,10,1,1,1
3270,93,24,0,0,1,10,1,1,1
3271,89,22,0,0,1,10,1,1,1
3272,94,21,0,0,0,11,0,0,0
3273,90,17,0,0,1,11,1,1,1
3274,88,13,0,0,1,10,2,1,1
3275,84,16,0,0,1,10,1,1,1
3276,81,12,0,0,1,9,1,1,1
3277,85,9,0,0,1,9,1,1,1
3278,90,10,0,0,1,9,1,1,1
3279,86,12,0,0,1,9,1,1,1
3280,81,13,0,0,4,9,1,4,1
3281,85,14,0,0,1,9,1,1,1
3282,82,17,0,0,1,8,2,1,1
3283,85,21,0,0,1,8,1,1,1
3284,84,26,0,0,0,9,0,0,0
3285,88,29,0,0,1,9,1,1,1
3286,92,27,0,0,1,9,1,1,1
3287,92,22,0,0,1,9,1,1,1
3288,93,27,0,0,1,9,1,1,1
3289,97,28,0,0,1,9,1,1,1
3290,0,24,0,0,1,9,1,1,1
3291,95,25,0,0,1,9,1,1,1
3292,90,24,0,0,1,9,1,1,1
3293,88,20,0,0,1,9,1,1,1
3294,84,22,0,0,1,9,1,1,1
3295,88,20,0,0,1,9,1,1,1
3296,91,16,0,0,1,9,1,1,1
3297,91,11,0,0,1,9,1,1,1
3298,88,7,0,0,1,9,1,1,1
3299,88,2,0,0,1,8,1,1,1
3300,92,6,0,0,1,8,1,1,1
3301,96,7,0,0,1,8,1,1,1
3302,94,12,0,0,1,8,1,1,1
3303,99,12,0,0,1,8,1,1,1
3304,3,14,0,0,1,8,1,1,1
3305,2,19,0,0,1,8,1,1,1
3306,5,15,0,0,1,8,1,1,1
3307,1,17,0,0,1,8,1,1,1
3308,96,15,0,0,0,9,0,0,0
3309,94,10,0,0,1,9,1,1,1
3310,89,10,0,0,1,9,1,1,1
3311,84,11,0,0,1,9,1,1,1
3312,80,13,0,0,1,9,1,1,1
3313,78,9,0,0,1,9,1,1,1
3314,78,4,0,0,1,9,1,1,1
3315,74,6,0,0,1,9,1,1,1
3316,77,3,0,0,1,9,1,1,1
3317,76,8,0,0,1,9,1,1,1
3318,80,4,0,0,1,9,1,1,1
3319,82,100,0,0,1,9,1,1,1
3320,87,98,0,0,1,9,1,1,1
3321,82,99,0,0,1,9,1,1,1
3322,78,96,0,0,1,9,1,1,1
3323,77,1,0,0,1,9,1,1,1
3324,79,97,0,0,1,9,1,1,1
3325,75,100,0,0,1,9,1,1,1
3326,80,99,0,0,1,9,1,1,1
3327,79,95,0,0,1,9,1,1,1
3328,81,99,0,0,1,9,1,1,1
3329,85,95,0,0,1,9,1,1,1
3330,81,99,0,0,2,9,1,2,1
3331,86,99,0,0,1,9,1,1,1
3332,91,98,5,0,3,9,1,3,1
3333,92,93,0,0,1,9,1,1,1
3334,89,97,0,0,1,9,1,1,1
3335,84,95,0,0,1,9,1,1,1
3336,81,99,0,0,1,9,1,1,1
3337,82,3,0,0,1,9,1,1,1
3338,86,7,0,0,1,9,1,1,1
3339,85,2,0,0,1,9,1,1,1
3340,90,3,0,0,1,9,1,1,1
3341,90,98,0,0,1,8,2,1,1
3342,94,95,0,0,1,8,1,1,1
3343,92,100,0,0,1,8,1,1,1
3344,88,3,0,0,1,8,1,1,1
3345,93,0,0,0,1,8,1,1,1
3346,88,3,0,0,1,8,1,1,1
3347,85,100,0,0,1,8,1,1,1
3348,81,96,0,0,1,8,1,1,1
3349,77,93,0,0,1,8,1,1,1
3350,80,97,0,0,1,8,1,1,1
3351,83,93,0,0,1,8,1,1,1
3352,78,94,0,0,1,8,1,1,1
3353,82,96,0,0,1,7,2,1,1
3354,82,91,0,0,0,8,0,0,0
3355,86,88,0,0,1,8,1,1,1
3356,91,89,0,0,1,8,1,1,1
3357,90,84,0,0,1,8,1,1,1
3358,94,88,0,0,1,8,1,1,1
3359,95,92,0,0,1,8,1,1,1
3360,100,94,0,0,1,8,1,1,1
3361,5,93,0,0,1,8,1,1,1
3362,5,98,0,0,1,8,1,1,1
3363,10,0,0,0,1,8,1,1,1
3364,8,95,0,0,1,8,1,1,1
3365,9,0,0,0,1,8,1,1,1
3366,13,2,0,0,1,7,2,1,1
3367,11,6,0,0,1,7,1,1,1
3368,12,1,0,0,1,7,1,1,1
3369,9,5,0,0,1,7,1,1,1
3370,14,7,0,0,1,7,1,1,1
3371,9,7,0,0,1,7,1,1,1
3372,13,3,0,0,1,7,1,1,1
3373,17,5,0,0,1,7,1,1,1
3374,22,5,0,0,1,7,1,1,1
3375,24,10,0,0,1,7,1,1,1
3376,29,11,0,0,1,7,1,1,1
3377,27,16,0,0,1,7,1,1,1
3378,24,12,0,0,1,7,1,1,1
3379,21,8,0,0,0,8,0,0,0
3380,23,13,0,0,1,7,2,1,1
3381,18,13,0,0,1,7,1,1,1
3382,15,17,0,0,1,7,1,1,1
3383,11,15,0,0,1,7,1,1,1
3384,6,13,0,0,0,8,0,0,0
3385,2,15,0,0,0,9,0,0,0
3386,97,14,0,0,1,7,2,1,1
3387,1,16,0,0,1,7,1,1,1
3388,6,18,0,0,1,7,1,1,1
3389,5,23,0,0,1,7,1,1,1
3390,5,28,0,0,1,7,1,1,1
3391,0,25,0,0,1,7,1,1,1
3392,5,23,0,0,1,7,1,1,1
3393,1,26,0,0,0,8,0,0,0
3394,100,31,0,0,1,7,1,1,1
3395,0,26,0,0,0,8,0,0,0
3396,99,31,0,0,1,6,2,1,1
3397,99,36,0,0,1,6,1,1,1
3398,94,38,0,0,1,6,1,1,1
3399,89,39,0,0,1,6,1,1,1
3400,94,40,0,0,1,6,1,1,1
3401,89,39,0,0,1,6,1,1,1
3402,90,44,0,0,1,6,1,1,1
3403,94,43,0,0,1,6,1,1,1
3404,90,41,0,0,1,6,1,1,1
3405,85,43,0,0,1,6,1,1,1
3406,86,38,0,0,1,6,1,1,1
3407,89,34,0,0,1,6,1,1,1
3408,85,36,0,0,1,6,1,1,1
3409,85,31,0,0,1,6,1,1,1
3410,84,26,0,0,1,6,1,1,1
3411,89,25,0,0,1,6,1,1,1
3412,86,22,0,0,1,6,1,1,1
3413,88,26,0,0,1,6,1,1,1
3414,91,30,0,0,1,6,1,1,1
3415,96,29,0,0,1,6,1,1,1
3416,93,32,0,0,1,6,1,1,1
3417,92,37,0,0,1,6,1,1,1
3418,89,41,0,0,1,6,1,1,1
3419,88,36,0,0,1,6,1,1,1
3420,89,31,0,0,0,6,0,0,0
3421,88,27,0,0,0,7,0,0,0
3422,93,26,0,0,2,6,1,2,1
3423,88,29,0,0,1,6,1,1,1
3424,86,33,0,0,1,6,1,1,1
3425,83,29,0,0,1,6,1,1,1
3426,87,26,0,0,1,6,1,1,1
3427,91,29,0,0,0,7,0,0,0
3428,87,32,0,0,1,6,2,1,1
3429,92,32,0,0,1,6,1,1,1
3430,89,36,0,0,1,6,1,1,1
3431,86,32,0,0,1,6,1,1,1
3432,88,27,0,0,1,6,1,1,1
3433,91,31,0,0,1,6,1,1,1
3434,90,36,0,0,1,6,1,1,1
3435,85,38,0,0,1,6,1,1,1
3436,86,33,0,0,1,6,1,1,1
3437,81,35,0,0,1,6,1,1,1
3438,84,31,0,0,1,6,1,1,1
3439,89,29,0,0,1,6,1,1,1
3440,89,34,0,0,1,6,1,1,1
3441,93,30,0,0,1,6,1,1,1
3442,90,26,0,0,1,6,1,1,1
3443,85,26,0,0,2,6,1,2,1
3444,82,30,0,0,1,6,1,1,1
3445,87,28,0,0,2,6,1,2,1
3446,84,32,0,0,1,6,1,1,1
3447,87,35,0,0,1,6,1,1,1
3448,89,40,0,0,1,6,1,1,1
3449,92,36,0,0,1,6,1,1,1
3450,91,32,0,0,0,7,0,0,0
3451,89,36,0,0,1,7,1,1,1
3452,84,37,0,0,1,7,1,1,1
3453,79,34,0,0,1,7,1,1,1
3454,83,31,0,0,1,7,1,1,1
3455,82,26,0,0,1,7,1,1,1
3456,85,21,0,0,1,7,1,1,1
3457,80,20,0,0,1,7,1,1,1
3458,83,24,0,0,1,7,1,1,1
3459,86,20,0,0,1,7,1,1,1
3460,88,15,0,0,1,7,1,1,1
3461,91,19,0,0,1,7,1,1,1
3462,92,14,0,0,1,7,1,1,1
3463,94,19,0,0,1,7,1,1,1
3464,98,22,0,0,1,7,1,1,1
3465,95,26,0,0,1,7,1,1,1
3466,97,31,0,0,1,7,1,1,1
3467,92,31,0,0,1,7,1,1,1
3468,91,35,0,0,1,7,1,1,1
3469,86,33,0,0,1,7,1,1,1
3470,86,28,0,0,1,7,1,1,1
3471,89,32,0,0,1,7,1,1,1
3472,89,27,0,0,0,8,0,0,0
3473,94,29,0,0,1,7,2,1,1
3474,98,32,0,0,1,7,1,1,1
3475,94,35,0,0,1,6,2,1,1
3476,89,36,0,0,0,7,0,0,0
3477,94,35,0,0,1,6,2,1,1
3478,89,35,0,0,1,6,1,1,1
3479,93,32,0,0,1,6,1,1,1
3480,88,30,0,0,1,6,1,1,1
3481,91,26,0,0,1,6,1,1,1
3482,86,28,0,0,1,6,1,1,1
3483,90,31,0,0,1,6,1,1,1
3484,92,27,0,0,1,6,1,1,1
3485,97,28,0,0,1,6,1,1,1
3486,100,32,0,0,1,6,1,1,1
3487,97,36,0,0,1,6,1,1,1
3488,92,36,0,0,1,6,1,1,1
3489,90,31,0,0,1,6,1,1,1
3490,85,31,0,0,1,6,1,1,1
3491,85,26,0,0,1,6,1,1,1
3492,80,26,0,0,1,6,1,1,1
3493,76,22,0,0,1,6,1,1,1
3494,81,22,0,0,1,6,1,1,1
3495,84,18,0,0,1,6,1,1,1
3496,86,22,0,0,1,6,1,1,1
3497,82,20,0,0,1,5,2,1,1
3498,85,24,0,0,1,5,1,1,1
3499,89,27,0,0,0,6,0,0,0
3500,94,24,0,0,1,6,1,1,1
3501,96,29,0,0,1,6,1,1,1
3502,1,29,0,0,2,6,1,2,1
3503,98,25,0,0,0,7,0,0,0
3504,3,27,0,0,1,7,1,1,1
3505,6,23,0,0,1,6,2,1,1
3506,1,20,0,0,0,7,0,0,0
3507,96,21,0,0,0,8,0,0,0
3508,92,24,0,0,1,7,1,1,1
3509,97,25,0,0,1,7,1,1,1
3510,100,29,0,0,1,7,1,1,1
3511,95,31,0,0,1,7,1,1,1
3512,90,29,0,0,0,7,0,0,0
3513,91,34,0,0,1,6,2,1,1
3514,96,32,0,0,0,7,0,0,0
3515,98,28,0,0,1,7,1,1,1
3516,97,33,0,0,1,6,2,1,1
3517,92,31,0,0,1,6,1,1,1
3518,89,35,0,0,1,6,1,1,1
3519,86,31,0,0,1,6,1,1,1
3520,82,29,0,0,2,6,1,2,1
3521,84,25,0,0,1,6,1,1,1
3522,82,20,0,0,1,6,1,1,1
3523,82,25,0,0,1,6,1,1,1
3524,78,23,0,0,2,6,1,2,1
3525,83,23,0,0,1,6,1,1,1
3526,84,28,0,0,1,6,1,1,1
3527,84,23,0,0,1,6,1,1,1
3528,79,25,0,0,1,6,1,1,1
3529,83,26,0,0,0,7,0,0,0
3530,88,29,0,0,1,7,1,1,1
3531,83,30,0,0,1,6,2,1,1
3532,84,25,0,0,2,6,1,2,1
3533,79,24,0,0,1,6,1,1,1
3534,83,21,0,0,1,6,1,1,1
3535,87,23,0,0,1,6,1,1,1
3536,88,18,0,0,0,7,0,0,0
3537,83,17,0,0,1,6,2,1,1
3538,87,20,0,0,1,6,1,1,1
3539,90,24,0,0,1,6,1,1,1
3540,95,24,0,0,2,6,1,2,1
3541,91,26,0,0,2,6,1,2,1
3542,89,31,0,0,2,6,1,2,1
3543,85,33,0,0,1,6,1,1,1
3544,87,29,0,0,1,6,1,1,1
3545,89,34,0,0,1,6,1,1,1
3546,93,30,0,0,1,6,1,1,1
3547,88,32,0,0,1,6,1,1,1
3548,92,35,0,0,1,6,1,1,1
3549,97,33,0,0,1,6,1,1,1
3550,2,31,0,0,0,7,0,0,0
3551,1,26,0,0,1,7,1,1,1
3552,3,22,0,0,1,6,2,1,1
3553,100,25,0,0,1,6,1,1,1
3554,4,27,0,0,1,6,1,1,1
3555,100,25,0,0,1,6,1,1,1
3556,97,22,0,0,2,6,1,2,1
3557,98,26,0,0,1,6,1,1,1
3558,94,25,0,0,1,6,1,1,1
3559,94,20,0,0,2,6,1,2,1
3560,97,16,0,0,1,6,1,1,1
3561,94,20,0,0,1,6,1,1,1
3562,98,23,0,0,1,6,1,1,1
3563,93,22,0,0,1,6,1,1,1
3564,92,27,0,0,1,6,1,1,1
3565,92,22,0,0,1,6,1,1,1
3566,92,27,5,0,3,6,1,3,1
3567,95,22,0,0,1,6,1,1,1
3568,92,27,0,0,1,6,1,1,1
3569,91,31,0,0,1,6,1,1,1
3570,86,32,0,0,1,5,2,1,1
3571,90,29,0,0,0,6,0,0,0
3572,95,30,0,0,2,6,1,2,1
3573,95,25,0,0,1,6,1,1,1
3574,90,24,0,0,2,6,1,2,1
3575,93,28,0,0,2,6,1,2,1
3576,98,29,0,0,1,6,1,1,1
3577,1,33,0,0,1,6,1,1,1
3578,1,38,0,0,2,5,2,2,1
3579,6,37,0,0,2,5,1,2,1
3580,7,41,0,0,0,5,0,0,0
3581,8,36,0,0,2,5,1,2,1
3582,6,32,0,0,2,5,1,2,1
3583,8,27,0,0,0,5,0,0,0
3584,13,26,0,0,0,6,0,0,0
3585,12,21,0,0,0,6,0,0,0
3586,12,16,0,0,0,7,0,0,0
3587,7,15,0,0,1,7,1,1,1
3588,12,17,0,0,1,7,1,1,1
3589,17,15,0,0,0,8,0,0,0
3590,16,10,0,0,0,9,0,0,0
3591,20,14,0,0,0,10,0,0,0
3592,25,15,0,0,1,9,2,1,1
3593,26,11,0,5,7,9,1,7,1
3594,27,6,0,0,2,8,2,2,1
3595,29,1,0,0,2,7,2,2,1
3596,33,4,0,0,2,7,1,2,1
3597,37,7,0,0,1,7,1,1,1
3598,35,12,0,0,2,7,1,2,1
3599,32,16,0,0,0,8,0,0,0
3600,36,13,0,0,2,8,1,2,1
3601,41,11,0,0,1,8,1,1,1
3602,43,16,0,0,2,8,1,2,1
3603,46,13,0,0,1,8,1,1,1
3604,48,8,0,0,2,8,1,2,1
3605,46,13,0,0,1,8,1,1,1
3606,41,11,0,0,1,8,1,1,1
3607,37,9,0,0,2,7,2,2,1
3608,34,4,0,0,2,7,1,2,1
3609,30,6,0,0,1,7,1,1,1
3610,33,3,0,0,2,7,1,2,1
3611,28,4,0,0,2,7,1,2,1
3612,31,0,0,0,2,7,1,2,1
3613,34,5,0,0,2,7,1,2,1
3614,33,100,0,0,2,7,1,2,1
3615,37,97,0,0,2,7,1,2,1
3616,32,96,0,0,2,7,1,2,1
3617,27,98,0,0,2,7,1,2,1
3618,23,96,0,0,2,6,2,2,1
3619,19,100,0,0,2,6,1,2,1
3620,21,95,0,0,0,7,0,0,0
3621,16,95,0,0,1,6,1,1,1
3622,21,94,0,0,1,5,2,1,1
3623,26,93,0,0,2,5,1,2,1
3624,24,88,0,0,1,5,1,1,1
3625,20,85,0,0,0,6,0,0,0
3626,18,90,0,0,0,6,0,0,0
3627,22,93,0,0,0,7,0,0,0
3628,26,91,0,0,2,7,1,2,1
3629,30,88,0,0,2,7,1,2,1
3630,28,92,0,0,2,7,1,2,1
3631,33,93,0,0,0,8,0,0,0
3632,37,97,0,0,0,9,0,0,0
3633,39,92,0,5,6,9,1,6,1
3634,38,97,0,0,1,9,1,1,1
3635,37,92,0,0,2,9,1,2,1
3636,34,97,0,0,0,10,0,0,0
3637,39,95,0,0,2,9,2,2,1
3638,34,94,0,0,2,9,1,2,1
3639,33,99,0,0,2,9,1,2,1
3640,30,96,0,0,2,9,1,2,1
3641,30,1,0,0,2,8,1,2,1
3642,28,6,0,0,2,7,2,2,1
3643,33,7,0,0,1,7,1,1,1
3644,32,12,0,0,2,6,2,2,1
3645,31,17,0,0,0,7,0,0,0
3646,26,15,0,0,2,7,1,2,1
3647,22,17,0,0,2,7,1,2,1
3648,27,16,0,0,2,7,1,2,1
3649,26,21,0,0,2,7,1,2,1
3650,22,18,0,0,2,7,1,2,1
3651,27,16,0,0,0,8,0,0,0
3652,27,21,0,0,0,9,0,0,0
3653,32,22,0,0,1,8,2,1,1
3654,36,19,0,0,1,7,2,1,1
3655,36,24,0,0,2,7,1,2,1
3656,32,21,0,0,2,7,1,2,1
3657,32,16,0,0,2,6,2,2,1
3658,37,16,5,0,3,6,1,3,1
3659,38,11,5,0,0,7,0,0,0
3660,40,15,0,0,1,7,1,1,1
3661,37,11,0,0,2,7,1,2,1
3662,42,11,0,0,2,6,2,2,1
3663,47,11,0,0,0,7,0,0,0
3664,51,8,5,0,3,7,1,3,1
3665,51,13,5,0,2,7,1,2,1
3666,46,11,5,0,0,8,0,0,0
3667,42,8,0,0,1,7,2,1,1
3668,45,4,0,0,2,7,1,2,1
3669,49,7,0,0,0,8,0,0,0
3670,54,6,0,0,2,8,1,2,1
3671,59,9,5,0,3,8,1,3,1
3672,63,11,5,0,2,7,2,2,1
3673,62,6,5,0,0,8,0,0,0
3674,57,7,5,0,2,8,1,2,1
3675,54,11,5,0,2,7,2,2,1
3676,50,7,10,0,3,7,1,3,1
3677,55,6,15,0,5,7,1,5,1
3678,59,9,15,0,2,7,1,2,1
3679,60,14,15,0,2,6,2,2,1
3680,59,9,15,0,2,6,1,2,1
3681,64,10,15,0,0,7,0,0,0
3682,60,6,20,0,3,7,1,3,1
3683,57,10,20,0,2,6,2,2,1
3684,53,13,20,0,0,7,0,0,0
3685,58,16,20,0,2,6,2,2,1
3686,62,18,25,0,3,6,1,3,1
3687,63,23,25,0,0,7,0,0,0
3688,68,24,25,0,2,6,2,2,1
3689,72,27,30,0,3,6,1,3,1
3690,76,24,30,0,0,7,0,0,0
3691,73,28,30,0,2,7,1,2,1
3692,73,33,35,0,3,7,1,3,1
3693,68,32,35,0,2,7,1,2,1
3694,68,27,40,0,3,7,1,3,1
3695,68,32,45,0,3,7,1,3,1
3696,71,28,45,0,0,8,0,0,0
3697,73,33,45,0,2,7,2,2,1
3698,68,34,45,0,2,7,1,2,1
3699,70,38,45,0,0,8,0,0,0
3700,73,34,45,0,0,9,0,0,0
3701,76,38,45,0,2,8,2,2,1
3702,71,37,45,0,2,8,1,2,1
3703,69,42,40,5,6,8,1,6,1
3704,65,38,40,5,0,9,0,0,0
3705,60,38,45,0,3,8,2,3,1
3706,57,34,50,0,3,7,1,3,1
3707,52,36,55,0,3,7,1,3,1
3708,47,34,55,0,2,7,1,2,1
3709,45,29,55,0,0,8,0,0,0
3710,48,25,55,0,2,7,2,2,1
3711,43,25,60,0,3,7,1,3,1
3712,45,29,60,0,2,7,1,2,1
3713,43,34,65,0,3,7,1,3,1
3714,47,38,70,0,3,6,2,3,1
3715,50,42,75,0,3,6,1,3,1
3716,45,44,80,0,3,6,1,3,1
3717,50,45,85,0,3,6,1,3,1
3718,46,47,90,0,3,6,1,3,1
3719,49,52,90,0,0,7,0,0,0
3720,44,50,90,0,2,6,2,2,1
3721,49,52,90,0,2,5,2,2,1
3722,44,49,95,0,3,5,1,3,1
3723,40,47,100,0,3,5,1,3,1
3724,43,43,100,0,0,6,0,0,0
3725,41,39,100,0,3,6,1,3,1
3726,42,34,100,0,0,7,0,0,0
3727,47,36,100,0,2,7,1,2,1
3728,42,39,100,0,2,6,2,2,1
3729,43,44,100,0,2,5,2,2,1
3730,48,46,100,0,0,6,0,0,0
3731,50,42,100,0,3,6,1,3,1
3732,45,43,100,0,0,7,0,0,0
3733,50,43,100,0,2,6,2,2,1
3734,46,46,100,0,0,7,0,0,0
3735,49,49,100,0,3,6,2,3,1
3736,44,50,100,0,2,5,2,2,1
3737,39,50,100,0,3,5,1,3,1
3738,37,46,100,0,3,5,1,3,1
3739,32,46,100,0,0,6,0,0,0
3740,29,51,100,0,0,7,0,0,0
3741,31,55,100,0,2,7,1,2,1
3742,32,50,100,0,3,7,1,3,1
3743,27,52,100,0,3,7,1,3,1
3744,26,47,100,0,2,6,2,2,1
3745,30,50,100,0,3,6,1,3,1
3746,35,48,100,0,3,6,1,3,1
3747,38,44,100,0,3,6,1,3,1
3748,42,48,100,0,3,6,1,3,1
3749,37,47,100,0,0,7,0,0,0
3750,40,44,100,0,2,7,1,2,1
3751,36,42,100,0,3,7,1,3,1
3752,31,41,100,0,2,6,2,2,1
3753,32,45,100,0,0,7,0,0,0
3754,28,48,100,0,2,6,2,2,1
3755,33,46,100,0,0,7,0,0,0
3756,28,48,100,0,2,7,1,2,1
3757,31,52,100,0,2,7,1,2,1
3758,26,54,100,0,0,8,0,0,0
3759,21,53,100,0,3,8,1,3,1
3760,17,52,100,0,2,7,2,2,1
3761,13,49,100,0,3,7,1,3,1
3762,12,44,100,0,3,7,1,3,1
3763,17,46,100,0,3,7,1,3,1
3764,22,46,100,0,2,6,2,2,1
3765,25,49,100,0,2,5,2,2,1
3766,21,47,100,0,0,5,0,0,0
3767,22,42,100,0,0,6,0,0,0
3768,20,47,100,0,0,7,0,0,0
3769,16,50,100,0,3,7,1,3,1
3770,15,46,100,0,3,7,1,3,1
3771,17,50,100,0,3,7,1,3,1
3772,22,51,100,0,3,7,1,3,1
3773,17,50,100,0,3,7,1,3,1
3774,20,54,100,0,3,7,1,3,1
3775,18,50,100,0,3,7,1,3,1
3776,14,48,100,0,3,7,1,3,1
3777,9,46,100,0,3,7,1,3,1
3778,4,47,100,0,3,7,1,3,1
3779,0,50,100,0,0,8,0,0,0
3780,1,55,100,0,3,8,1,3,1
3781,97,52,100,0,3,8,1,3,1
3782,93,49,100,0,2,8,1,2,1
3783,97,45,100,0,2,7,2,2,1
3784,92,44,100,0,0,8,0,0,0
3785,87,43,100,0,3,8,1,3,1
3786,92,45,100,0,3,8,1,3,1
3787,96,46,100,0,3,7,1,3,1
3788,93,43,100,0,0,7,0,0,0
3789,89,40,100,0,0,7,0,0,0
3790,85,37,100,0,2,5,3,2,1
3791,89,34,100,0,3,5,1,3,1
3792,90,39,100,0,0,5,0,0,0
3793,86,40,100,0,3,5,1,3,1
3794,82,43,100,0,3,5,1,3,1
3795,77,44,100,0,0,6,0,0,0
3796,80,47,100,0,3,6,1,3,1
3797,85,46,100,0,3,6,1,3,1
3798,88,42,100,0,3,5,1,3,1
3799,93,44,100,0,0,6,0,0,0
3800,90,48,100,0,3,6,1,3,1
3801,85,47,100,0,3,6,1,3,1
3802,85,42,100,0,3,6,1,3,1
3803,87,38,100,0,0,7,0,0,0
3804,82,38,100,0,0,7,0,0,0
3805,84,33,100,0,0,8,0,0,0
3806,79,32,100,0,3,8,1,3,1
3807,84,31,100,0,3,8,1,3,1
3808,88,28,100,0,3,7,2,3,1
3809,90,33,100,0,3,7,1,3,1
3810,94,31,100,0,3,7,1,3,1
3811,95,27,100,0,3,7,1,3,1
3812,96,31,100,0,3,7,1,3,1
3813,93,28,100,0,3,7,1,3,1
3814,92,33,100,0,3,7,1,3,1
3815,94,28,100,0,0,8,0,0,0
3816,97,24,100,0,3,7,2,3,1
3817,94,20,100,0,3,7,1,3,1
3818,97,16,100,0,3,7,1,3,1
3819,2,17,100,0,3,7,1,3,1
3820,98,14,100,0,0,7,0,0,0
3821,93,14,100,0,3,7,1,3,1
3822,97,17,100,0,3,7,1,3,1
3823,95,21,100,0,3,7,1,3,1
3824,93,26,100,5,7,7,1,7,1
3825,98,25,100,0,3,7,1,3,1
3826,0,20,100,0,3,7,1,3,1
3827,95,22,100,0,3,7,1,3,1
3828,90,23,100,0,3,7,1,3,1
3829,89,18,100,0,3,6,2,3,1
3830,85,20,100,0,3,6,1,3,1
3831,88,16,100,0,3,6,1,3,1
3832,83,18,100,0,0,7,0,0,0
3833,88,18,100,0,3,7,1,3,1
3834,93,21,100,0,0,8,0,0,0
3835,91,26,100,0,0,9,0,0,0
3836,87,29,100,0,3,9,1,3,1
3837,83,28,100,0,3,8,2,3,1
3838,82,23,95,5,6,8,1,6,1
3839,87,23,90,0,1,7,2,1,1
3840,83,25,95,0,3,7,1,3,1
3841,78,23,100,0,3,7,1,3,1
3842,83,24,100,0,3,7,1,3,1
3843,78,23,100,5,8,7,1,8,1
3844,78,18,100,0,3,6,2,3,1
3845,82,20,100,0,3,6,1,3,1
3846,84,25,100,0,3,5,2,3,1
3847,80,27,100,5,8,5,1,8,1
3848,76,30,100,5,0,6,0,0,0
3849,79,27,100,0,3,6,1,3,1
3850,78,22,100,0,3,6,1,3,1
3851,74,20,100,0,0,7,0,0,0
3852,75,15,100,0,3,7,1,3,1
3853,76,20,100,0,3,7,1,3,1
3854,75,25,100,0,0,8,0,0,0
3855,80,28,100,5,8,8,1,8,1
3856,75,28,100,0,3,8,1,3,1
3857,73,33,100,0,3,8,1,3,1
3858,69,30,100,0,3,8,1,3,1
3859,64,30,100,0,3,7,2,3,1
3860,64,25,100,5,8,7,1,8,1
3861,68,21,100,0,3,7,1,3,1
3862,67,16,100,0,0,8,0,0,0
3863,70,12,100,0,3,8,1,3,1
3864,73,8,100,0,0,9,0,0,0
3865,69,12,100,0,3,8,2,3,1
3866,72,8,100,0,3,7,2,3,1
3867,67,8,100,0,0,8,0,0,0
3868,67,13,100,5,8,8,1,8,1
3869,69,9,95,5,4,7,2,4,1
3870,64,8,95,5,0,8,0,0,0
3871,61,4,90,0,1,7,2,1,1
3872,64,8,95,0,3,7,1,3,1
3873,63,3,95,0,0,8,0,0,0
3874,61,99,90,5,6,8,1,6,1
3875,56,98,85,10,6,8,1,6,1
3876,52,95,80,15,6,8,1,6,1
3877,56,93,85,10,3,8,1,3,1
3878,57,97,85,10,0,9,0,0,0
3879,57,2,90,15,8,9,1,8,1
3880,53,5,90,15,0,10,0,0,0
3881,58,6,95,10,3,10,1,3,1
3882,61,3,100,5,3,9,2,3,1
3883,61,8,95,10,6,9,1,6,1
3884,56,8,100,5,3,9,1,3,1
3885,57,12,100,5,0,10,0,0,0
3886,58,7,100,5,5,10,1,5,1
3887,53,5,100,0,3,10,1,3,1
3888,58,3,100,0,0,11,0,0,0
3889,57,8,100,0,3,9,3,3,1
3890,58,13,100,0,3,9,1,3,1
3891,61,9,100,0,3,9,1,3,1
3892,56,10,100,0,0,10,0,0,0
3893,60,13,100,0,3,10,1,3,1
3894,57,16,100,0,3,9,2,3,1
3895,61,18,100,0,3,9,1,3,1
3896,59,23,100,0,3,9,1,3,1
3897,61,18,100,0,3,8,2,3,1
3898,62,23,100,0,3,8,1,3,1
3899,58,20,100,0,0,9,0,0,0
3900,63,21,100,0,3,9,1,3,1
3901,65,16,100,0,3,9,1,3,1
3902,65,11,100,0,3,8,2,3,1
3903,69,13,100,0,3,8,1,3,1
3904,73,9,100,0,3,7,2,3,1
3905,75,14,100,0,5,7,1,5,1
3906,70,13,100,0,3,6,2,3,1
3907,75,12,100,0,0,7,0,0,0
3908,79,14,100,0,5,7,1,5,1
3909,84,14,100,0,3,7,1,3,1
3910,83,10,100,0,3,7,1,3,1
3911,78,9,100,0,3,7,1,3,1
3912,77,14,100,0,0,8,0,0,0
3913,80,9,100,0,3,8,1,3,1
3914,81,5,100,0,3,8,1,3,1
3915,81,100,100,0,0,9,0,0,0
3916,81,95,100,0,3,7,3,3,1
3917,76,95,95,0,4,7,1,4,1
3918,74,100,95,0,0,7,0,0,0
3919,75,95,90,0,4,6,1,4,1
3920,72,91,95,0,3,5,2,3,1
3921,75,95,100,0,3,5,1,3,1
3922,72,99,100,0,0,6,0,0,0
3923,72,94,100,0,0,7,0,0,0
3924,70,89,100,0,3,7,1,3,1
3925,71,94,100,0,0,8,0,0,0
3926,73,99,100,0,3,8,1,3,1
3927,76,3,95,0,4,8,1,4,1
3928,80,5,100,0,3,7,2,3,1
3929,77,8,100,0,0,8,0,0,0
3930,72,7,100,0,3,8,1,3,1
3931,67,5,100,0,3,8,1,3,1
3932,65,0,100,0,3,7,2,3,1
3933,67,96,100,0,3,7,1,3,1
3934,71,93,100,0,3,7,1,3,1
3935,72,88,95,0,4,6,2,4,1
3936,74,93,95,0,0,7,0,0,0
3937,76,97,100,0,3,6,2,3,1
3938,76,92,100,0,0,7,0,0,0
3939,74,97,100,0,3,6,2,3,1
3940,69,97,100,0,3,6,1,3,1
3941,65,98,100,0,0,7,0,0,0
3942,67,94,100,0,3,7,1,3,1
3943,62,94,100,0,3,6,2,3,1
3944,58,94,100,0,3,6,1,3,1
3945,53,96,100,0,3,6,1,3,1
3946,57,99,100,0,3,6,1,3,1
3947,52,1,100,0,3,6,1,3,1
3948,47,1,100,0,3,6,1,3,1
3949,43,99,100,0,3,6,1,3,1
3950,47,96,100,0,3,6,1,3,1
3951,46,91,100,0,3,6,1,3,1
3952,51,89,100,0,3,6,1,3,1
3953,56,90,100,0,3,6,1,3,1
3954,58,94,100,0,3,5,2,3,1
3955,54,91,100,0,0,6,0,0,0
3956,49,90,100,0,3,6,1,3,1
3957,47,86,100,0,3,6,1,3,1
3958,48,90,100,0,3,6,1,3,1
3959,44,90,100,0,3,6,1,3,1
3960,43,85,100,0,3,6,1,3,1
3961,47,81,100,0,3,6,1,3,1
3962,50,77,95,0,4,6,1,4,1
3963,47,74,100,0,3,6,1,3,1
3964,51,73,100,0,3,6,1,3,1
3965,51,78,100,0,3,6,1,3,1
3966,53,73,100,0,0,7,0,0,0
3967,52,68,95,0,4,7,1,4,1
3968,47,68,95,0,0,8,0,0,0
3969,45,64,95,5,7,8,1,7,1
3970,48,59,95,10,7,8,1,7,1
3971,43,61,95,15,7,8,1,7,1
3972,48,62,100,10,3,8,1,3,1
3973,50,67,100,5,3,7,2,3,1
3974,51,62,100,0,3,7,1,3,1
3975,50,67,100,0,3,6,2,3,1
3976,55,67,100,0,3,6,1,3,1
3977,56,72,100,0,3,6,1,3,1
3978,51,71,100,0,3,5,2,3,1
3979,53,67,100,0,0,6,0,0,0
3980,55,72,100,0,0,7,0,0,0
3981,50,71,100,0,3,6,2,3,1
3982,45,71,100,0,3,6,1,3,1
3983,43,66,100,0,0,7,0,0,0
3984,48,64,100,0,5,7,1,5,1
3985,52,61,95,0,4,7,1,4,1
3986,48,58,100,0,3,7,1,3,1
3987,51,55,100,0,3,7,1,3,1
3988,47,58,100,0,3,7,1,3,1
3989,47,53,100,0,3,7,1,3,1
3990,42,50,100,0,3,7,1,3,1
3991,40,46,100,0,3,7,1,3,1
3992,41,51,95,0,4,7,1,4,1
3993,36,52,100,0,3,7,1,3,1
3994,40,48,100,0,3,7,1,3,1
3995,36,52,100,0,3,7,1,3,1
3996,31,52,100,0,3,7,1,3,1
3997,26,54,100,0,3,7,1,3,1
3998,31,55,100,0,3,7,1,3,1
3999,34,51,100,0,3,7,1,3,1
4000,30,50,100,0,3,7,1,3,1
4001,35,50,100,0,3,7,1,3,1
4002,35,45,100,0,3,7,1,3,1
4003,32,41,100,0,3,7,1,3,1
4004,32,46,100,0,3,7,1,3,1
4005,28,49,100,0,3,7,1,3,1
4006,33,48,100,0,0,8,0,0,0
4007,38,47,100,0,3,8,1,3,1
4008,40,52,100,0,3,8,1,3,1
4009,36,54,100,0,3,8,1,3,1
4010,39,58,100,0,3,8,1,3,1
4011,36,54,100,0,3,8,1,3,1
4012,38,58,100,0,3,8,1,3,1
4013,37,53,100,0,3,8,1,3,1
4014,32,53,100,0,0,9,0,0,0
4015,37,55,100,0,3,9,1,3,1
4016,32,54,100,0,3,9,1,3,1
4017,35,50,100,0,3,9,1,3,1
4018,30,50,100,0,3,9,1,3,1
4019,35,48,100,0,3,9,1,3,1
4020,40,48,100,0,3,9,1,3,1
4021,43,52,100,0,3,9,1,3,1
4022,46,48,100,0,3,9,1,3,1
4023,47,53,100,0,3,9,1,3,1
4024,43,51,100,0,3,8,2,3,1
4025,38,52,100,0,3,8,1,3,1
4026,39,47,100,0,0,9,0,0,0
4027,41,43,100,0,2,8,2,2,1
4028,38,47,100,0,3,8,1,3,1
4029,34,48,100,0,3,8,1,3,1
4030,38,51,100,0,3,8,1,3,1
4031,34,54,100,0,3,8,1,3,1
4032,33,49,100,0,3,8,1,3,1
4033,29,52,100,0,0,9,0,0,0
4034,33,56,100,0,3,9,1,3,1
4035,30,60,100,0,3,9,1,3,1
4036,30,55,100,0,3,9,1,3,1
4037,27,59,100,0,3,8,2,3,1
4038,31,57,100,0,2,7,2,2,1
4039,33,62,100,0,3,7,1,3,1
4040,28,63,100,0,0,8,0,0,0
4041,26,59,100,0,3,8,1,3,1
4042,21,57,100,0,3,8,1,3,1
4043,18,54,100,0,3,8,1,3,1
4044,16,58,100,0,3,7,2,3,1
4045,19,63,100,0,3,7,1,3,1
4046,14,64,100,0,3,7,1,3,1
4047,14,59,100,0,2,7,1,2,1
4048,12,64,100,0,3,7,1,3,1
4049,12,69,100,0,3,7,1,3,1
4050,11,74,100,0,3,7,1,3,1
4051,7,71,100,0,3,7,1,3,1
4052,9,75,100,0,3,7,1,3,1
4053,13,78,100,0,3,5,3,3,2
4054,17,82,100,0,0,6,0,0,0
4055,21,79,100,0,0,7,0,0,0
4056,18,75,100,0,3,7,1,3,1
4057,19,80,100,0,3,7,1,3,1
4058,16,84,100,0,3,7,1,3,1
4059,12,81,100,0,3,7,1,3,1
4060,7,79,100,0,3,7,1,3,1
4061,3,78,100,0,3,7,1,3,1
4062,6,81,100,0,0,8,0,0,0
4063,9,85,100,0,3,8,1,3,1
4064,14,84,100,0,3,8,1,3,1
4065,10,86,100,0,3,8,1,3,1
4066,14,84,100,0,3,8,1,3,1
4067,9,83,100,0,3,8,1,3,1
4068,7,79,100,0,0,9,0,0,0
4069,4,82,100,0,3,9,1,3,1
4070,6,78,100,0,3,9,1,3,1
4071,8,83,100,0,3,9,1,3,1
4072,9,78,100,0,3,9,1,3,1
4073,12,74,100,0,3,9,1,3,1
4074,14,78,100,0,3,8,2,3,1
4075,17,82,100,0,3,8,1,3,1
4076,20,86,100,0,3,8,1,3,1
4077,15,86,100,0,0,9,0,0,0
4078,11,90,100,0,3,9,1,3,1
4079,8,94,100,0,3,9,1,3,1
4080,12,98,100,5,7,9,1,7,1
4081,15,95,100,0,3,8,2,3,1
4082,16,90,100,0,3,8,1,3,1
4083,19,85,100,0,3,7,2,3,1
4084,15,89,100,0,3,7,1,3,1
4085,18,85,100,0,0,8,0,0,0
4086,13,83,100,0,3,8,1,3,1
4087,14,88,100,0,3,8,1,3,1
4088,9,87,100,0,3,8,1,3,1
4089,10,92,100,0,3,8,1,3,1
4090,8,96,100,0,3,8,1,3,1
4091,13,97,100,0,3,8,1,3,1
4092,8,98,100,0,3,8,1,3,1
4093,6,3,100,0,3,8,1,3,1
4094,5,98,100,0,3,8,1,3,1
4095,2,2,95,0,1,7,2,1,1
4096,97,2,100,0,3,7,1,3,1
4097,2,1,100,0,3,7,1,3,1
4098,99,97,100,0,3,7,1,3,1
4099,1,93,100,0,3,7,1,3,1
4100,0,88,100,0,3,7,1,3,1
4101,100,83,100,0,0,8,0,0,0
4102,5,82,100,0,3,8,1,3,1
4103,1,79,95,0,1,7,2,1,1
4104,96,78,100,0,3,7,1,3,1
4105,93,82,100,0,3,7,1,3,1
4106,95,87,100,0,3,7,1,3,1
4107,94,91,100,0,3,7,1,3,1
4108,98,88,100,0,3,6,2,3,1
4109,95,93,100,0,3,5,1,3,1
4110,94,88,100,0,3,5,1,3,1
4111,99,88,100,0,0,6,0,0,0
4112,3,86,100,0,3,6,1,3,1
4113,2,81,100,0,3,6,1,3,1
4114,99,84,100,0,3,6,1,3,1
4115,94,82,100,0,3,6,1,3,1
4116,90,80,100,0,3,6,1,3,1
4117,94,81,100,0,0,7,0,0,0
4118,93,86,100,0,3,6,2,3,1
4119,88,87,100,0,3,6,1,3,1
4120,83,87,100,0,3,6,1,3,1
4121,78,87,100,0,0,7,0,0,0
4122,83,89,100,0,3,6,2,3,1
4123,88,90,100,0,3,6,1,3,1
4124,83,91,100,0,0,7,0,0,0
4125,86,94,100,0,0,8,0,0,0
4126,83,98,100,0,3,7,2,3,1
4127,78,100,100,0,3,7,1,3,1
4128,73,0,100,0,3,7,1,3,1
4129,74,5,100,0,0,8,0,0,0
4130,76,10,100,0,5,8,1,5,1
4131,77,5,100,0,3,8,1,3,1
4132,72,4,100,0,3,8,1,3,1
4133,69,8,100,0,3,7,2,3,1
4134,74,8,100,0,0,8,0,0,0
4135,79,7,100,0,3,8,1,3,1
4136,77,2,100,0,3,8,1,3,1
4137,82,2,95,5,6,8,1,6,1
4138,84,7,100,0,3,7,2,3,1
4139,82,11,100,0,3,7,1,3,1
4140,80,7,100,0,3,7,1,3,1
4141,76,3,100,0,3,7,1,3,1
4142,74,8,100,0,3,7,1,3,1
4143,78,6,100,0,0,8,0,0,0
4144,78,1,100,0,3,7,2,3,1
4145,83,98,100,0,3,6,2,3,1
4146,81,94,100,0,0,7,0,0,0
4147,76,93,95,5,6,7,1,6,1
4148,72,89,100,0,3,7,1,3,1
4149,74,85,100,0,3,6,2,3,1
4150,72,80,100,0,3,6,1,3,1
4151,67,79,100,0,3,6,1,3,1
4152,68,74,100,0,0,7,0,0,0
4153,72,70,100,0,3,7,1,3,1
4154,68,73,100,0,3,7,1,3,1
4155,72,70,100,0,3,7,1,3,1
4156,75,74,100,0,3,6,2,3,1
4157,73,69,100,0,3,6,1,3,1
4158,76,64,100,0,3,6,1,3,1
4159,76,59,100,0,3,6,1,3,1
4160,80,56,95,0,4,6,1,4,1
4161,82,52,100,0,3,5,2,3,1
4162,77,52,100,0,0,6,0,0,0
4163,76,57,100,0,0,7,0,0,0
4164,78,52,100,0,3,5,2,3,1
4165,73,50,100,0,3,5,1,3,1
4166,78,52,100,0,3,5,1,3,1
4167,80,56,100,0,3,5,1,3,1
4168,79,51,100,0,3,5,1,3,1
4169,77,46,100,0,3,5,1,3,1
4170,72,47,100,0,3,5,1,3,1
4171,75,43,100,0,0,6,0,0,0
4172,78,39,100,0,3,5,2,3,1
4173,76,34,100,0,3,5,1,3,1
4174,76,29,100,0,3,5,1,3,1
4175,73,25,100,0,0,6,0,0,0
4176,71,30,95,0,4,6,1,4,1
4177,71,25,95,0,0,7,0,0,0
4178,68,21,90,0,4,7,1,4,1
4179,70,17,90,0,0,8,0,0,0
4180,74,15,90,5,7,8,1,7,1
4181,76,20,95,0,3,8,1,3,1
4182,71,18,100,0,3,7,2,3,1
4183,66,18,95,0,4,7,1,4,1
4184,64,13,100,0,3,7,1,3,1
4185,68,17,100,0,3,7,1,3,1
4186,72,20,100,0,3,6,2,3,1
4187,67,19,100,0,3,6,1,3,1
4188,70,15,95,0,4,5,2,4,1
4189,74,12,90,0,4,5,1,4,1
4190,72,16,90,0,0,6,0,0,0
4191,72,11,95,0,3,6,1,3,1
4192,68,9,100,0,3,5,2,3,1
4193,66,4,95,0,4,5,1,4,1
4194,69,8,90,0,4,5,1,4,1
4195,74,9,85,0,4,5,1,4,1
4196,72,14,90,0,3,5,1,3,1
4197,68,10,85,0,4,5,1,4,1
4198,73,10,80,0,4,5,1,4,1
4199,78,12,75,0,4,5,1,4,1
4200,76,17,70,0,4,5,1,4,1
4201,75,22,65,0,4,5,1,4,1
4202,80,22,60,0,4,5,1,4,1
4203,83,25,65,0,3,5,1,3,1
4204,88,25,70,0,3,5,1,3,1
4205,93,25,75,0,3,5,1,3,1
4206,96,29,75,0,0,6,0,0,0
4207,97,24,75,0,0,7,0,0,0
4208,93,21,75,0,0,8,0,0,0
4209,89,18,80,0,3,8,1,3,1
4210,85,17,85,0,3,8,1,3,1
4211,82,13,80,0,4,8,1,4,1
4212,85,17,85,0,3,7,2,3,1
4213,87,21,85,0,0,8,0,0,0
4214,83,24,90,0,3,7,2,3,1
4215,81,19,95,0,3,6,2,3,1
4216,83,24,100,0,3,4,2,3,1
4217,82,29,100,0,3,4,1,3,1
4218,86,32,100,0,3,4,1,3,1
4219,82,35,100,0,0,5,0,0,0
4220,81,30,100,0,3,5,1,3,1
4221,83,26,100,0,3,5,1,3,1
4222,83,31,95,0,4,5,1,4,1
4223,87,28,100,0,3,5,1,3,1
4224,89,33,100,0,3,5,1,3,1
4225,92,37,95,0,4,5,1,4,1
4226,89,40,90,0,4,5,1,4,1
4227,90,36,90,0,0,6,0,0,0
4228,94,32,95,0,3,5,2,3,1
4229,93,37,100,0,3,5,1,3,1
4230,89,40,100,0,3,5,1,3,1
4231,84,37,100,0,3,5,1,3,1
4232,89,37,100,0,0,6,0,0,0
4233,85,40,95,0,4,6,1,4,1
4234,81,36,100,0,3,6,1,3,1
4235,82,41,100,0,3,6,1,3,1
4236,78,38,100,0,3,6,1,3,1
4237,74,35,100,0,3,6,1,3,1
4238,69,34,100,0,3,6,1,3,1
4239,64,34,100,0,3,6,1,3,1
4240,64,39,100,0,3,6,1,3,1
4241,65,44,100,0,3,6,1,3,1
4242,65,39,100,0,0,7,0,0,0
4243,65,44,100,0,3,6,2,3,1
4244,65,49,100,0,3,6,1,3,1
4245,70,48,95,0,4,6,1,4,1
4246,67,44,100,0,3,5,2,3,1
4247,72,46,95,0,4,5,1,4,1
4248,67,45,90,0,4,5,1,4,1
4249,63,41,95,0,3,5,1,3,1
4250,63,46,90,0,4,5,1,4,1
4251,68,44,90,0,0,6,0,0,0
4252,73,45,90,0,0,7,0,0,0
4253,68,47,95,0,3,6,2,3,1
4254,64,49,100,0,3,6,1,3,1
4255,59,50,100,0,3,5,2,3,1
4256,56,54,100,0,3,5,1,3,1
4257,58,59,100,0,0,6,0,0,0
4258,59,63,100,0,3,6,1,3,1
4259,54,63,95,0,1,5,2,1,1
4260,50,65,90,0,4,5,1,4,1
4261,55,65,90,0,0,6,0,0,0
4262,51,62,95,0,3,6,1,3,1
4263,46,63,100,0,3,6,1,3,1
4264,50,61,100,0,0,7,0,0,0
4265,51,56,100,0,3,7,1,3,1
4266,47,54,100,0,3,7,1,3,1
4267,43,57,100,0,5,7,1,5,1
4268,38,55,100,0,3,6,2,3,1
4269,38,50,100,0,3,5,2,3,1
4270,36,46,95,0,4,5,1,4,1
4271,33,42,95,0,0,6,0,0,0
4272,32,46,100,0,3,5,2,3,1
4273,27,44,95,0,4,5,1,4,1
4274,25,40,90,0,4,5,1,4,1
4275,20,38,90,0,0,6,0,0,0
4276,17,35,85,0,4,6,1,4,1
4277,21,38,90,0,3,5,2,3,1
4278,25,41,90,0,0,6,0,0,0
4279,23,45,85,0,4,6,1,4,1
4280,20,49,80,0,4,6,1,4,1
4281,25,50,75,0,4,5,1,4,1
4282,23,45,80,0,3,4,2,3,1
4283,24,50,80,0,0,5,0,0,0
4284,20,52,75,0,4,5,1,4,1
4285,18,57,70,0,4,5,1,4,1
4286,19,52,65,0,4,5,1,4,1
4287,23,49,60,0,4,5,1,4,1
4288,22,54,55,0,4,5,1,4,1
4289,27,56,50,0,4,5,1,4,1
4290,32,57,45,0,4,5,1,4,1
4291,34,62,40,0,4,5,1,4,1
4292,29,62,35,0,4,5,1,4,1
4293,30,57,30,0,4,5,1,4,1
4294,29,62,25,0,4,5,1,4,1
4295,30,57,20,0,4,5,1,4,1
4296,33,60,15,0,4,5,1,4,1
4297,31,65,10,0,4,5,1,4,1
4298,27,67,5,0,4,5,1,4,1
4299,32,67,0,0,4,5,1,4,1
4300,37,67,0,0,4,5,1,4,1
4301,40,71,0,0,4,5,1,4,1
4302,42,76,0,0,0,6,0,0,0
4303,37,74,0,0,4,6,1,4,1
4304,39,69,0,0,4,6,1,4,1
4305,42,73,5,0,3,5,2,3,1
4306,41,68,0,0,4,4,1,4,1
4307,37,65,5,0,3,4,1,3,1
4308,33,66,10,0,3,4,1,3,1
4309,37,65,5,0,4,4,1,4,1
4310,35,60,5,0,0,4,0,0,0
4311,32,56,0,0,4,4,1,4,1
4312,33,61,0,0,0,5,0,0,0
4313,38,62,0,0,4,5,1,4,1
4314,33,61,5,0,3,5,1,3,1
4315,38,61,0,0,4,5,1,4,1
4316,42,57,0,0,4,5,1,4,1
4317,41,62,0,0,4,5,1,4,1
4318,45,58,0,0,0,6,0,0,0
4319,41,55,0,0,4,6,1,4,1
4320,37,59,0,0,4,6,1,4,1
4321,41,61,0,0,0,7,0,0,0
4322,44,57,0,0,0,8,0,0,0
4323,45,62,0,0,1,8,1,1,1
4324,47,66,5,0,3,7,1,3,1
4325,51,63,5,0,0,8,0,0,0
4326,56,61,0,0,4,8,1,4,1
4327,51,59,0,0,0,9,0,0,0
4328,54,63,0,0,0,10,0,0,0
4329,54,68,0,5,7,10,1,7,1
4330,56,63,0,5,4,10,1,4,1
4331,61,63,0,5,4,10,1,4,1
4332,57,66,5,5,5,10,1,5,1
4333,62,65,0,5,4,9,2,4,1
4334,57,67,0,5,4,8,2,4,1
4335,53,64,0,5,4,7,2,4,1
4336,52,59,0,5,4,7,1,4,1
4337,53,64,0,5,4,7,1,4,1
4338,56,60,0,5,0,8,0,0,0
4339,60,58,5,5,5,8,1,5,1
4340,56,61,0,5,4,8,1,4,1
4341,51,61,0,5,4,8,1,4,1
4342,50,66,0,5,4,8,1,4,1
4343,55,63,0,5,0,9,0,0,0
4344,59,65,0,0,1,8,2,1,1
4345,59,60,0,0,1,7,2,1,1
4346,54,61,5,0,5,6,2,5,1
4347,50,64,0,0,4,6,1,4,1
4348,47,68,0,0,4,6,1,4,1
4349,52,66,0,0,0,7,0,0,0
4350,47,67,0,0,4,6,2,4,2
4351,43,70,0,0,0,7,0,0,0
4352,44,65,0,0,4,7,1,4,1
4353,47,61,0,0,0,8,0,0,0
4354,52,61,0,0,1,7,2,1,1
4355,56,65,0,0,1,6,2,1,1
4356,60,67,0,0,0,7,0,0,0
4357,65,66,0,0,4,6,2,4,1
4358,70,67,0,0,4,6,1,4,1
4359,75,67,0,0,4,6,1,4,1
4360,70,67,0,0,4,6,1,4,1
4361,69,62,0,5,6,6,1,6,1
4362,65,65,0,5,4,6,1,4,1
4363,65,60,0,5,4,6,1,4,1
4364,62,64,0,5,4,6,1,4,1
4365,59,60,0,5,0,7,0,0,0
4366,55,62,0,5,4,7,1,4,1
4367,55,57,0,5,4,7,1,4,1
4368,50,56,0,5,4,6,2,4,1
4369,49,61,0,5,4,6,1,4,1
4370,52,57,0,5,4,6,1,4,1
4371,55,53,0,5,4,6,1,4,1
4372,51,50,0,5,4,6,1,4,1
4373,51,55,0,5,0,7,0,0,0
4374,50,60,0,5,4,7,1,4,1
4375,48,64,0,10,6,7,1,6,1
4376,51,60,0,10,0,8,0,0,0
4377,56,62,0,10,4,8,1,4,1
4378,60,64,10,10,5,7,2,5,2
4379,56,67,5,10,4,7,1,4,1
4380,55,63,0,10,4,7,1,4,1
4381,52,58,0,10,4,7,1,4,1
4382,47,58,0,10,0,8,0,0,0
4383,44,62,0,10,4,8,1,4,1
4384,49,60,0,15,6,8,1,6,1
4385,44,59,10,5,3,6,3,3,2
4386,39,58,5,5,4,6,1,4,1
4387,35,55,0,10,6,6,1,6,1
4388,30,57,0,10,4,6,1,4,1
4389,32,52,0,10,0,7,0,0,0
4390,29,56,5,5,3,7,1,3,1
4391,32,60,15,0,3,6,2,3,2
4392,27,58,15,0,0,7,0,0,0
4393,32,61,20,0,5,7,1,5,1
4394,36,64,15,0,4,6,1,4,1
4395,38,59,20,0,3,5,2,3,1
4396,34,57,20,0,0,6,0,0,0
4397,35,53,15,0,4,6,1,4,1
4398,36,48,20,0,3,5,2,3,1
4399,38,43,20,0,0,5,0,0,0
4400,42,46,10,0,4,4,2,4,2
4401,38,49,15,0,3,4,1,3,1
4402,34,47,15,0,0,5,0,0,0
4403,32,51,10,0,4,5,1,4,1
4404,28,48,10,0,0,6,0,0,0
4405,24,45,15,0,3,6,1,3,1
4406,20,41,20,0,3,5,2,3,1
4407,19,46,25,0,3,5,1,3,1
4408,19,51,30,0,3,5,1,3,1
4409,16,47,35,0,3,5,1,3,1
4410,14,42,35,0,0,5,0,0,0
4411,19,45,40,0,3,4,2,3,1
4412,14,44,45,0,3,4,1,3,1
4413,12,39,45,0,0,5,0,0,0
4414,10,35,50,0,3,5,1,3,1
4415,10,40,50,0,0,6,0,0,0
4416,14,43,45,0,4,6,1,4,1
4417,11,46,45,0,0,7,0,0,0
4418,9,51,50,0,3,7,1,3,1
4419,13,55,50,0,0,8,0,0,0
4420,17,57,50,0,0,9,0,0,0
4421,12,56,45,0,4,9,1,4,1
4422,12,51,50,0,3,7,3,3,1
4423,17,50,45,0,4,7,1,4,1
4424,16,55,45,0,0,8,0,0,0
4425,15,60,40,0,4,8,1,4,1
4426,20,58,35,0,4,8,1,4,1
4427,15,56,30,0,4,8,1,4,1
4428,10,58,30,0,0,9,0,0,0
4429,15,57,35,0,3,9,1,3,1
4430,13,62,40,0,3,8,2,3,1
4431,12,67,40,0,0,9,0,0,0
4432,11,72,35,0,4,9,1,4,1
4433,15,68,40,0,3,8,2,3,1
4434,18,64,45,0,3,7,2,3,1
4435,21,60,50,0,3,6,2,3,1
4436,20,65,50,0,0,7,0,0,0
4437,15,65,55,0,3,7,1,3,1
4438,10,63,60,0,3,7,1,3,1
4439,13,67,60,0,0,8,0,0,0
4440,9,64,55,0,4,8,1,4,1
4441,14,64,50,0,4,8,1,4,1
4442,12,60,55,0,3,7,2,3,1
4443,7,61,50,0,4,7,1,4,1
4444,12,60,55,0,3,6,2,3,1
4445,12,55,60,0,3,6,1,3,1
4446,17,52,60,0,0,7,0,0,0
4447,21,49,55,0,4,7,1,4,1
4448,25,51,55,0,0,8,0,0,0
4449,29,55,55,0,0,9,0,0,0
4450,26,50,50,0,4,8,2,4,1
4451,21,52,45,0,4,8,1,4,1
4452,25,48,40,0,4,8,1,4,1
4453,20,45,40,0,0,9,0,0,0
4454,18,41,45,0,3,8,2,3,1
4455,21,45,50,0,3,8,1,3,1
4456,18,41,55,0,3,7,2,3,1
4457,22,37,60,0,3,7,1,3,1
4458,21,32,65,0,3,7,1,3,1
4459,18,36,70,0,3,7,1,3,1
4460,21,32,70,0,0,8,0,0,0
4461,17,35,75,0,3,7,2,3,1
4462,18,40,70,0,4,7,1,4,1
4463,17,45,70,0,0,8,0,0,0
4464,12,47,75,0,3,7,2,3,1
4465,17,47,70,0,4,7,1,4,1
4466,22,45,65,0,4,7,1,4,1
4467,22,40,60,0,4,6,2,4,1
4468,26,42,55,0,4,6,1,4,1
4469,28,37,50,0,4,6,1,4,1
4470,24,35,45,0,4,6,1,4,1
4471,26,30,45,0,0,7,0,0,0
4472,29,34,40,0,4,7,1,4,1
4473,33,32,45,0,3,6,2,3,1
4474,35,28,40,0,4,6,1,4,1
4475,38,24,35,0,4,6,1,4,1
4476,40,19,30,0,4,6,1,4,1
4477,39,24,35,0,3,6,1,3,1
4478,36,21,35,0,2,6,1,2,1
4479,39,25,40,0,3,6,1,3,1
4480,44,25,45,0,3,6,1,3,1
4481,46,29,50,0,3,6,1,3,1
4482,51,30,55,0,3,6,1,3,1
4483,56,30,60,0,3,6,1,3,1
4484,51,30,65,0,3,6,1,3,1
4485,46,30,70,0,3,6,1,3,1
4486,43,33,75,0,3,6,1,3,1
4487,40,29,80,0,3,6,1,3,1
4488,40,34,85,0,3,6,1,3,1
4489,38,39,90,0,3,6,1,3,1
4490,34,42,85,0,4,6,1,4,1
4491,39,42,80,0,4,6,1,4,1
4492,44,42,75,0,4,6,1,4,1
4493,47,46,70,0,4,6,1,4,1
4494,52,44,65,0,4,6,1,4,1
4495,48,48,60,0,4,6,1,4,1
4496,43,47,55,0,4,6,1,4,1
4497,48,45,60,0,3,6,1,3,1
4498,49,49,55,0,4,6,1,4,1
4499,54,51,60,0,3,6,1,3,1
4500,59,52,65,0,3,6,1,3,1
4501,63,54,70,0,3,6,1,3,1
4502,60,58,70,0,0,7,0,0,0
4503,56,55,75,0,3,6,2,3,1
4504,59,59,80,0,3,6,1,3,1
4505,56,63,85,0,3,6,1,3,1
4506,61,63,90,0,3,5,2,3,1
4507,63,58,95,0,3,5,1,3,1
4508,67,61,100,0,3,5,1,3,1
4509,63,64,100,0,0,6,0,0,0
4510,66,60,100,0,3,6,1,3,1
4511,68,56,100,0,3,6,1,3,1
4512,73,58,100,0,0,7,0,0,0
4513,74,63,95,0,4,7,1,4,1
4514,79,63,100,0,3,7,1,3,1
4515,77,59,100,0,3,7,1,3,1
4516,74,63,100,0,3,7,1,3,1
4517,76,58,100,0,3,6,2,3,1
4518,77,53,100,0,3,5,2,3,1
4519,81,57,100,0,0,6,0,0,0
4520,76,59,95,0,4,6,1,4,1
4521,76,54,95,0,0,7,0,0,0
4522,73,50,100,0,3,7,1,3,1
4523,76,47,100,0,3,6,2,3,1
4524,75,42,100,0,3,6,1,3,1
4525,79,39,95,0,4,6,1,4,1
4526,74,41,90,0,4,6,1,4,1
4527,79,42,95,0,3,6,1,3,1
4528,77,46,95,0,0,7,0,0,0
4529,77,41,95,0,0,8,0,0,0
4530,77,36,90,0,1,7,2,1,1
4531,79,32,95,0,3,7,1,3,1
4532,82,36,100,0,3,7,1,3,1
4533,77,35,100,0,3,7,1,3,1
4534,81,33,100,0,3,7,1,3,1
4535,84,37,100,0,3,6,2,3,1
4536,84,32,100,0,3,5,2,3,2
4537,86,27,100,0,3,5,1,3,1
4538,84,31,100,0,5,5,1,5,1
4539,79,30,100,0,3,5,1,3,1
4540,76,33,100,0,3,5,1,3,1
4541,73,38,100,0,3,5,1,3,1
4542,76,34,100,0,3,5,1,3,1
4543,77,39,100,0,0,6,0,0,0
4544,81,37,95,0,4,6,1,4,1
4545,86,38,100,0,3,5,2,3,2
4546,85,43,100,0,3,5,1,3,1
4547,88,47,100,0,0,6,0,0,0
4548,88,42,100,0,0,7,0,0,0
4549,84,45,100,0,3,7,1,3,1
4550,84,40,100,0,3,7,1,3,1
4551,79,38,100,0,3,7,1,3,1
4552,81,33,100,0,3,6,2,3,1
4553,85,30,100,0,3,6,1,3,1
4554,90,32,100,0,3,6,1,3,1
4555,95,33,100,0,3,6,1,3,1
4556,91,29,100,0,3,6,1,3,1
4557,96,31,100,0,3,6,1,3,1
4558,97,27,100,0,3,6,1,3,1
4559,95,31,100,0,3,6,1,3,1
4560,99,30,100,0,3,6,1,3,1
4561,3,34,100,0,3,6,1,3,1
4562,4,38,100,0,3,6,1,3,1
4563,7,34,100,0,3,5,1,3,1
4564,12,33,100,0,3,5,1,3,1
4565,12,28,100,0,3,5,1,3,1
4566,7,29,100,0,0,6,0,0,0
4567,9,25,100,0,0,6,0,0,0
4568,6,29,95,5,6,6,1,6,1
4569,8,34,90,10,6,6,1,6,1
4570,6,38,85,10,4,6,1,4,1
4571,4,34,85,10,0,6,0,0,0
4572,9,36,80,15,6,6,1,6,1
4573,10,41,75,20,6,6,1,6,1
4574,14,37,75,20,0,7,0,0,0
4575,14,32,75,20,0,8,0,0,0
4576,13,28,70,25,6,8,1,6,1
4577,15,32,70,25,0,9,0,0,0
4578,18,28,65,30,6,8,2,6,1
4579,16,33,65,35,7,8,1,7,1
4580,18,28,65,35,0,8,0,0,0
4581,21,25,60,40,6,7,2,6,1
4582,25,29,55,45,6,7,1,6,1
4583,25,34,50,50,6,7,1,6,1
4584,20,34,40,60,6,6,2,6,2
4585,23,31,35,65,6,6,1,6,1
4586,27,28,30,70,6,6,1,6,1
4587,22,28,30,70,0,7,0,0,0
4588,26,25,25,75,6,7,1,6,1
4589,31,24,20,80,6,6,2,6,1
4590,28,28,20,85,7,6,1,7,1
4591,29,23,20,85,0,7,0,0,0
4592,31,19,20,90,7,7,1,7,1
4593,27,18,20,90,0,8,0,0,0
4594,31,19,20,95,7,7,2,7,1
4595,28,15,25,95,5,7,1,5,1
4596,29,11,25,100,7,7,1,7,1
4597,34,9,25,100,0,8,0,0,0
4598,29,9,30,100,5,8,1,5,1
4599,24,11,30,100,7,8,1,7,1
4600,28,8,25,100,6,7,2,6,1
4601,27,3,25,100,0,8,0,0,0
4602,26,98,25,100,0,9,0,0,0
4603,30,1,25,100,0,10,0,0,0
4604,29,96,25,100,7,10,1,7,1
4605,26,0,25,100,7,10,1,7,1
4606,26,95,25,100,7,10,1,7,1
4607,28,91,25,100,0,11,0,0,0
4608,30,96,20,100,6,10,1,6,1
4609,30,1,15,100,6,10,1,6,1
4610,30,5,15,100,0,11,0,0,0
4611,28,1,15,100,0,12,0,0,0
4612,28,96,10,100,6,11,1,6,1
4613,30,100,10,100,7,11,1,7,1
4614,26,1,10,100,0,12,0,0,0
4615,25,6,5,100,6,12,1,6,1
4616,26,1,5,100,7,12,1,7,1
4617,26,96,5,100,7,11,1,7,1
4618,23,93,5,95,2,10,2,2,1
4619,26,89,10,100,8,10,1,8,1
4620,22,86,10,100,0,11,0,0,0
4621,27,87,5,100,6,11,1,6,1
4622,32,90,5,100,7,11,1,7,1
4623,27,91,5,100,7,11,1,7,1
4624,23,94,0,100,6,10,2,6,1
4625,26,90,0,100,6,9,2,6,1
4626,29,87,0,100,6,9,1,6,1
4627,34,85,0,100,6,9,1,6,1
4628,31,89,0,100,6,8,2,6,1
4629,27,86,0,100,0,9,0,0,0
4630,32,85,0,100,0,10,0,0,0
4631,32,80,0,100,0,11,0,0,0
4632,29,83,0,100,7,11,1,7,1
4633,26,87,0,100,0,12,0,0,0
4634,29,91,0,100,7,12,1,7,1
4635,26,95,0,100,6,10,3,6,1
4636,31,95,0,100,6,9,2,6,1
4637,30,100,0,100,6,8,2,6,1
4638,34,3,0,100,6,8,1,6,1
4639,38,5,0,100,7,7,2,7,1
4640,42,2,0,100,7,7,1,7,1
4641,44,6,0,100,7,7,1,7,1
4642,43,1,0,100,0,8,0,0,0
4643,46,97,0,100,7,8,1,7,1
4644,46,92,0,100,0,9,0,0,0
4645,51,91,0,100,6,9,1,6,1
4646,55,89,0,100,0,10,0,0,0
4647,57,93,0,100,0,11,0,0,0
4648,52,96,0,100,7,11,1,7,1
4649,56,99,0,100,0,12,0,0,0
4650,55,4,0,100,7,12,1,7,1
4651,60,3,0,95,2,11,2,2,1
4652,57,99,0,90,2,10,2,2,1
4653,54,4,0,95,7,10,1,7,1
4654,59,4,0,100,6,9,2,6,1
4655,56,8,0,95,1,8,2,1,1
4656,58,3,0,100,7,8,1,7,1
4657,63,3,0,95,2,8,1,2,1
4658,65,8,5,90,3,7,2,3,1
4659,70,9,5,95,7,7,1,7,1
4660,73,5,0,100,6,7,1,6,1
4661,74,100,0,100,0,8,0,0,0
4662,73,95,0,100,6,8,1,6,1
4663,78,96,0,100,6,8,1,6,1
4664,79,91,0,100,6,8,1,6,1
4665,80,87,0,100,4,8,1,4,1
4666,85,85,0,100,6,8,1,6,1
4667,81,87,0,100,6,7,2,6,1
4668,77,90,0,100,6,6,2,6,1
4669,75,95,0,100,7,6,1,7,1
4670,80,94,0,100,6,6,1,6,1
4671,82,89,0,100,0,7,0,0,0
4672,81,84,0,100,6,7,1,6,1
4673,86,83,0,100,6,6,2,6,1
4674,87,78,0,100,6,6,1,6,1
4675,83,77,0,100,0,7,0,0,0
4676,78,78,0,100,6,7,1,6,1
4677,81,74,0,100,6,7,1,6,1
4678,78,70,0,100,6,7,1,6,1
4679,74,68,0,100,6,6,2,6,1
4680,73,63,5,100,5,6,1,5,1
4681,69,66,5,100,0,7,0,0,0
4682,65,64,5,100,0,8,0,0,0
4683,68,61,15,100,5,7,2,5,2
4684,64,62,25,100,5,6,2,5,2
4685,67,59,30,100,5,6,1,5,1
4686,72,59,30,100,0,7,0,0,0
4687,68,61,25,100,6,7,1,6,1
4688,64,58,25,100,7,7,1,7,1
4689,63,63,30,100,5,7,1,5,1
4690,67,60,30,100,0,8,0,0,0
4691,68,65,35,100,5,8,1,5,1
4692,70,69,30,100,6,8,1,6,1
4693,66,73,25,100,6,8,1,6,1
4694,62,71,30,100,5,8,1,5,1
4695,60,76,35,100,5,7,2,5,1
4696,58,71,30,100,6,6,2,6,1
4697,53,71,35,100,5,6,1,5,1
4698,48,71,40,100,5,6,1,5,1
4699,51,74,40,100,0,7,0,0,0
4700,51,69,40,95,2,7,1,2,1
4701,55,66,40,95,0,8,0,0,0
4702,53,61,45,95,5,8,1,5,1
4703,50,65,45,95,0,9,0,0,0
4704,52,69,50,90,3,8,2,3,1
4705,53,74,45,95,6,7,2,6,1
4706,53,79,45,95,0,8,0,0,0
4707,54,84,50,95,5,8,1,5,1
4708,59,86,50,90,2,8,1,2,1
4709,55,83,45,95,6,8,1,6,1
4710,51,86,45,90,2,8,1,2,1
4711,52,91,45,90,0,9,0,0,0
4712,51,86,50,90,5,9,1,5,1
4713,55,89,50,90,0,10,0,0,0
4714,54,84,55,85,3,10,1,3,1
4715,49,85,60,85,5,10,1,5,1
4716,54,86,60,80,2,10,1,2,1
4717,58,87,60,80,0,11,0,0,0
4718,61,92,65,80,5,10,2,5,1
4719,62,96,70,85,8,10,1,8,1
4720,57,97,70,85,0,11,0,0,0
4721,60,93,65,85,4,11,1,4,1
4722,57,89,70,90,8,11,1,8,1
4723,56,84,70,90,0,12,0,0,0
4724,60,81,70,90,0,13,0,0,0
4725,65,84,70,90,0,14,0,0,0
4726,61,80,65,90,4,13,2,4,1
4727,59,76,65,85,2,11,3,2,1
4728,61,80,65,85,0,12,0,0,0
4729,56,82,60,90,6,12,1,6,1
4730,61,79,60,85,2,11,2,2,1
4731,59,84,60,80,2,10,2,2,1
4732,64,83,60,80,0,11,0,0,0
4733,68,80,65,80,5,11,1,5,1
4734,68,75,60,80,4,10,2,4,1
4735,70,80,55,80,4,9,2,4,1
4736,74,83,55,80,0,10,0,0,0
4737,75,87,55,80,0,11,0,0,0
4738,78,91,55,80,0,11,0,0,0
4739,81,87,50,80,4,10,2,4,1
4740,76,88,45,80,4,8,2,4,1
4741,81,87,45,80,0,9,0,0,0
4742,86,88,45,80,0,10,0,0,0
4743,88,83,45,80,0,11,0,0,0
4744,91,80,40,80,4,11,1,4,1
4745,96,77,40,80,0,12,0,0,0
4746,97,72,40,80,0,13,0,0,0
4747,92,74,40,80,0,14,0,0,0
4748,96,77,35,75,1,13,2,1,1
4749,94,72,30,70,1,11,3,1,1
4750,89,73,30,70,0,12,0,0,0
4751,93,75,30,70,0,13,0,0,0
4752,98,76,25,70,4,11,3,4,1
4753,94,74,20,70,4,10,2,4,1
4754,99,74,25,70,5,10,1,5,1
4755,97,70,20,65,1,10,1,1,1
4756,93,66,20,65,0,11,0,0,0
4757,98,66,15,60,1,11,1,1,1
4758,2,63,15,60,0,12,0,0,0
4759,97,64,10,55,1,12,1,1,1
4760,2,61,10,55,0,13,0,0,0
4761,2,66,5,50,1,13,1,1,1
4762,1,71,0,45,1,12,1,1,1
4763,98,67,0,45,4,12,1,4,1
4764,2,63,0,40,2,12,1,2,1
4765,5,67,0,35,1,12,1,1,1
4766,10,69,0,35,0,13,0,0,0
4767,5,69,0,30,1,11,3,1,1
4768,2,73,0,25,1,11,1,1,1
4769,1,68,0,25,4,11,1,4,1
4770,97,69,0,25,0,12,0,0,0
4771,92,67,0,25,0,13,0,0,0
4772,89,70,0,20,1,12,2,1,1
4773,93,68,0,20,0,13,0,0,0
4774,98,69,0,20,0,14,0,0,0
4775,2,67,0,15,1,13,2,1,1
4776,4,62,0,10,1,12,2,1,1
4777,8,66,0,10,0,13,0,0,0
4778,10,62,0,5,1,13,1,1,1
4779,11,67,0,0,1,13,1,1,1
4780,10,62,0,0,1,12,2,1,1
4781,6,65,0,0,0,13,0,0,0
4782,11,67,0,0,1,12,2,1,1
4783,15,69,0,0,1,11,2,1,1
4784,19,71,0,0,1,10,2,1,1
4785,24,73,0,0,0,11,0,0,0
4786,22,78,0,0,1,11,1,1,1
4787,25,73,0,0,1,11,1,1,1
4788,28,77,0,0,1,10,1,1,1
4789,25,81,0,0,4,10,1,4,1
4790,30,83,0,0,1,9,2,1,1
4791,25,80,0,0,0,10,0,0,0
4792,20,81,0,5,7,10,1,7,1
4793,15,80,0,0,1,10,1,1,1
4794,11,79,0,0,1,10,1,1,1
4795,15,77,0,0,1,10,1,1,1
4796,10,76,0,0,1,9,2,1,1
4797,15,75,0,0,0,10,0,0,0
4798,10,76,0,0,1,10,1,1,1
4799,11,71,0,0,4,9,1,4,1
4800,6,70,0,0,1,8,2,1,1
4801,6,75,0,0,0,9,0,0,0
4802,3,79,0,0,4,9,1,4,1
4803,0,75,0,0,4,9,1,4,1
4804,97,71,0,0,1,9,1,1,1
4805,94,75,0,0,0,10,0,0,0
4806,98,78,0,0,1,9,2,1,1
4807,93,77,0,0,0,10,0,0,0
4808,95,82,0,0,4,10,1,4,1
4809,100,83,0,0,1,10,1,1,1
4810,4,81,0,0,1,9,2,1,1
4811,2,85,0,0,1,9,1,1,1
4812,100,81,0,0,1,9,1,1,1
4813,4,83,0,0,1,9,1,1,1
4814,4,88,0,0,1,8,2,1,1
4815,3,93,0,0,1,7,2,1,1
4816,2,98,0,0,1,7,1,1,1
4817,6,2,0,0,1,6,2,1,1
4818,9,6,0,0,0,7,0,0,0
4819,12,9,0,0,1,6,2,1,1
4820,16,12,0,0,1,6,1,1,1
4821,16,7,0,0,1,5,2,1,1
4822,19,3,0,0,1,5,1,1,1
4823,15,7,0,0,1,5,1,1,1
4824,10,8,0,0,1,5,1,1,1
4825,9,3,0,0,1,5,1,1,1
4826,5,99,0,0,1,5,1,1,1
4827,4,4,0,0,0,6,0,0,0
4828,3,9,0,0,1,6,1,1,1
4829,100,12,0,0,1,6,1,1,1
4830,4,14,0,0,1,6,1,1,1
4831,2,18,0,0,1,6,1,1,1
4832,99,22,0,0,1,6,1,1,1
4833,3,25,0,0,1,6,1,1,1
4834,4,21,0,0,1,6,1,1,1
4835,99,20,0,0,1,6,1,1,1
4836,98,15,0,0,1,6,1,1,1
4837,94,12,0,0,1,6,1,1,1
4838,90,14,0,0,1,6,1,1,1
4839,93,11,0,0,1,6,1,1,1
4840,89,14,0,0,1,6,1,1,1
4841,94,13,0,0,1,6,1,1,1
4842,99,13,0,0,1,6,1,1,1
4843,4,14,0,0,1,5,2,1,1
4844,4,19,0,0,1,5,1,1,1
4845,9,19,0,0,1,5,1,1,1
4846,8,24,0,0,1,5,1,1,1
4847,6,28,0,0,1,5,1,1,1
4848,5,23,0,0,1,5,1,1,1
4849,1,21,0,0,1,5,1,1,1
4850,98,25,0,0,1,5,1,1,1
4851,93,25,0,0,1,5,1,1,1
4852,92,20,0,0,1,5,1,1,1
4853,96,18,0,0,1,5,1,1,1
4854,96,23,0,0,1,5,1,1,1
4855,100,25,0,0,1,5,1,1,1
4856,5,25,0,0,1,5,1,1,1
4857,10,26,0,0,1,5,1,1,1
4858,14,28,0,0,0,6,0,0,0
4859,16,32,0,0,1,6,1,1,1
4860,16,37,0,0,1,6,1,1,1
4861,17,32,0,0,1,6,1,1,1
4862,15,27,0,0,1,6,1,1,1
4863,20,28,0,0,1,6,1,1,1
4864,22,33,0,0,1,6,1,1,1
4865,18,35,0,0,1,6,1,1,1
4866,15,39,0,0,1,5,2,1,1
4867,13,35,0,0,1,5,1,1,1
4868,14,39,0,0,1,5,1,1,1
4869,18,37,0,0,1,5,1,1,1
4870,19,32,0,0,1,5,1,1,1
4871,18,27,0,0,1,5,1,1,1
4872,20,22,0,0,0,6,0,0,0
4873,25,21,0,0,1,6,1,1,1
4874,28,25,0,0,1,6,1,1,1
4875,33,26,0,0,1,6,1,1,1
4876,37,23,0,0,1,6,1,1,1
4877,34,27,0,0,1,6,1,1,1
4878,33,22,0,0,1,5,2,1,1
4879,33,27,0,0,1,5,1,1,1
4880,29,24,0,0,0,6,0,0,0
4881,25,21,0,0,1,6,1,1,1
4882,23,17,0,0,1,6,1,1,1
4883,27,20,0,0,1,6,1,1,1
4884,24,16,0,0,0,7,0,0,0
4885,29,16,0,0,0,8,0,0,0
4886,33,19,0,0,1,8,1,1,1
4887,38,20,0,0,1,8,1,1,1
4888,33,19,0,0,1,7,2,1,1
4889,28,18,0,0,1,7,1,1,1
4890,24,21,0,0,1,6,2,1,1
4891,20,19,0,0,1,5,2,1,1
4892,25,19,0,0,1,5,1,1,1
4893,29,17,0,0,1,5,1,1,1
4894,30,21,0,0,1,5,1,1,1
4895,26,23,0,0,1,5,1,1,1
4896,24,28,0,0,0,6,0,0,0
4897,21,32,0,0,0,7,0,0,0
4898,26,32,0,0,1,7,1,1,1
4899,27,27,0,0,1,7,1,1,1
4900,32,26,0,0,1,7,1,1,1
4901,29,22,0,0,1,7,1,1,1
4902,25,20,0,0,1,7,1,1,1
4903,24,15,0,0,1,7,1,1,1
4904,20,18,0,0,1,7,1,1,1
4905,22,14,0,0,1,7,1,1,1
4906,27,16,0,0,1,6,2,1,1
4907,22,16,0,0,1,6,1,1,1
4908,27,17,0,0,1,6,1,1,1
4909,27,12,0,0,1,6,1,1,1
4910,31,15,0,0,1,6,1,1,1
4911,26,17,0,0,1,6,1,1,1
4912,28,22,0,0,1,6,1,1,1
4913,28,27,0,0,1,6,1,1,1
4914,30,32,0,0,1,6,1,1,1
4915,29,37,0,0,1,6,1,1,1
4916,24,37,0,0,1,6,1,1,1
4917,28,33,0,0,1,6,1,1,1
4918,31,37,0,0,1,6,1,1,1
4919,28,41,0,0,1,6,1,1,1
4920,26,45,0,0,1,6,1,1,1
4921,25,41,0,0,1,6,1,1,1
4922,25,36,0,0,1,6,1,1,1
4923,21,38,0,0,1,6,1,1,1
4924,16,37,0,0,0,7,0,0,0
4925,21,38,0,0,1,7,1,1,1
4926,16,37,0,0,1,7,1,1,1
4927,19,33,0,0,1,7,1,1,1
4928,18,28,0,0,1,7,1,1,1
4929,13,26,0,0,1,7,1,1,1
4930,8,26,0,0,1,7,1,1,1
4931,4,28,0,0,1,7,1,1,1
4932,1,24,0,0,1,7,1,1,1
4933,6,23,0,0,1,7,1,1,1
4934,3,19,0,0,1,7,1,1,1
4935,98,19,0,0,1,7,1,1,1
4936,94,22,0,0,0,8,0,0,0
4937,90,20,0,0,1,8,1,1,1
4938,95,18,0,0,1,8,1,1,1
4939,91,21,0,0,1,7,1,1,1
4940,95,20,0,0,1,7,1,1,1
4941,91,22,0,0,1,6,2,1,1
4942,92,27,0,0,0,7,0,0,0
4943,94,31,0,0,1,7,1,1,1
4944,93,26,0,0,1,7,1,1,1
4945,97,23,0,0,1,7,1,1,1
4946,1,24,0,0,1,7,1,1,1
4947,99,20,0,0,1,7,1,1,1
4948,97,16,0,0,1,7,1,1,1
4949,93,18,0,0,1,6,1,1,1
4950,89,15,0,0,1,6,1,1,1
4951,90,20,0,0,1,6,1,1,1
4952,86,17,0,0,1,6,1,1,1
4953,90,20,0,0,1,6,1,1,1
4954,90,25,0,0,0,7,0,0,0
4955,91,30,0,0,1,7,1,1,1
4956,89,34,0,0,1,7,1,1,1
4957,93,37,0,0,1,6,2,1,1
4958,88,35,0,0,1,6,1,1,1
4959,90,40,0,0,1,6,1,1,1
4960,91,35,0,0,1,6,1,1,1
4961,89,30,0,0,1,6,1,1,1
4962,93,33,0,0,1,6,1,1,1
4963,97,31,0,0,1,6,1,1,1
4964,93,34,0,0,1,6,1,1,1
4965,89,37,0,0,1,6,1,1,1
4966,87,42,0,0,1,6,1,1,1
4967,84,45,0,0,1,6,1,1,1
4968,80,48,0,0,1,6,1,1,1
4969,81,53,0,0,1,6,1,1,1
4970,85,56,0,0,1,6,1,1,1
4971,80,57,0,0,1,6,1,1,1
4972,81,53,0,0,0,7,0,0,0
4973,81,58,0,0,1,7,1,1,1
4974,83,53,0,0,1,7,1,1,1
4975,86,57,0,0,1,6,2,1,2
4976,84,52,0,0,1,6,1,1,1
4977,79,55,0,0,0,7,0,0,0
4978,77,51,0,0,0,8,0,0,0
4979,72,49,0,0,1,8,1,1,1
4980,77,47,0,0,1,8,1,1,1
4981,82,47,0,0,1,8,1,1,1
4982,86,44,0,0,1,8,1,1,1
4983,81,44,0,0,1,8,1,1,1
4984,85,46,0,0,1,8,1,1,1
4985,81,49,0,0,1,8,1,1,1
4986,85,52,0,0,1,8,1,1,1
4987,89,48,0,0,1,8,1,1,1
4988,89,53,0,0,1,8,1,1,1
4989,90,48,0,0,1,8,1,1,1
4990,92,44,0,0,1,8,1,1,1
4991,87,43,0,0,1,8,1,1,1
4992,91,40,0,0,1,8,1,1,1
4993,87,41,0,0,1,8,1,1,1
4994,88,37,0,0,1,8,1,1,1
4995,92,35,0,0,1,8,1,1,1
4996,89,31,0,0,1,8,1,1,1
4997,93,34,0,0,1,8,1,1,1
4998,88,32,0,0,1,8,1,1,1
4999,84,29,0,0,1,8,1,1,1
5000,88,31,0,0,1,8,1,1,1
5001,91,36,0,0,1,8,1,1,1
5002,92,41,0,0,1,8,1,1,1
5003,88,43,0,0,1,8,1,1,1
5004,83,44,0,0,1,8,1,1,1
5005,81,48,0,0,1,8,1,1,1
5006,86,47,0,0,1,8,1,1,1
5007,90,50,0,0,1,7,2,1,1
5008,85,48,0,0,1,7,1,1,1
5009,88,52,0,0,1,7,1,1,1
5010,93,53,0,0,1,7,1,1,1
5011,88,51,0,0,1,7,1,1,1
5012,86,56,0,0,1,7,1,1,1
5013,86,51,0,0,1,7,1,1,1
5014,90,53,0,0,1,7,1,1,1
5015,87,49,0,0,1,7,1,1,1
5016,91,52,0,0,1,7,1,1,1
5017,90,47,0,0,1,7,1,1,1
5018,95,47,0,0,1,7,1,1,1
5019,98,43,0,0,1,7,1,1,1
5020,99,48,0,0,1,7,1,1,1
5021,97,44,0,0,1,7,1,1,1
5022,96,39,0,0,1,7,1,1,1
5023,98,43,0,0,1,7,1,1,1
5024,3,44,0,0,1,7,1,1,1
5025,99,41,0,0,1,7,1,1,1
5026,94,43,0,0,1,7,1,1,1
5027,90,41,0,0,1,7,1,1,1
5028,94,42,0,0,1,6,2,1,1
5029,93,37,0,0,1,6,1,1,1
5030,88,37,0,0,1,6,1,1,1
5031,86,41,0,0,0,7,0,0,0
5032,91,44,0,0,1,7,1,1,1
5033,95,46,0,0,1,7,1,1,1
5034,91,43,0,0,1,7,1,1,1
5035,89,38,0,0,1,7,1,1,1
5036,84,37,0,0,1,7,1,1,1
5037,89,40,0,0,0,8,0,0,0
5038,86,44,0,0,1,8,1,1,1
5039,84,39,0,0,1,8,1,1,1
5040,87,43,0,0,1,7,2,1,1
5041,88,38,0,0,1,7,1,1,1
5042,91,42,0,0,0,8,0,0,0
5043,88,38,0,0,0,9,0,0,0
5044,89,33,0,0,1,9,1,1,1
5045,84,33,0,0,1,9,1,1,1
5046,89,31,0,0,1,9,1,1,1
5047,93,34,0,0,1,9,1,1,1
5048,96,38,0,0,1,9,1,1,1
5049,100,34,0,0,1,8,2,1,1
5050,96,38,0,0,1,8,1,1,1
5051,1,41,0,0,1,8,1,1,1
5052,98,37,0,0,1,7,2,1,1
5053,96,41,0,0,1,7,1,1,1
5054,91,40,0,0,1,7,1,1,1
5055,95,44,0,0,1,7,1,1,1
5056,99,46,0,0,1,7,1,1,1
5057,98,51,0,0,1,7,1,1,1
5058,93,52,0,0,1,6,2,1,2
5059,89,49,0,0,1,6,1,1,1
5060,84,51,0,0,1,5,2,1,1
5061,89,48,0,0,0,6,0,0,0
5062,94,49,0,0,1,6,1,1,1
5063,97,52,0,0,0,7,0,0,0
5064,2,50,0,0,1,7,1,1,1
5065,6,53,0,0,1,7,1,1,1
5066,10,50,0,0,1,7,1,1,1
5067,6,47,0,0,1,7,1,1,1
5068,10,46,0,0,1,7,1,1,1
5069,9,41,0,0,1,7,1,1,1
5070,5,39,0,0,1,7,1,1,1
5071,0,41,0,0,1,7,1,1,1
5072,3,37,0,0,1,7,1,1,1
5073,1,42,0,0,1,7,1,1,1
5074,96,42,0,0,1,7,1,1,1
5075,97,47,0,0,1,7,1,1,1
5076,92,46,0,0,1,7,1,1,1
5077,93,41,0,0,1,7,1,1,1
5078,98,42,0,0,1,7,1,1,1
5079,93,42,0,0,1,7,1,1,1
5080,89,44,0,0,1,7,1,1,1
5081,87,39,0,0,1,7,1,1,1
5082,90,35,0,0,1,7,1,1,1
5083,90,40,0,0,0,8,0,0,0
5084,94,41,0,0,1,8,1,1,1
5085,97,37,0,0,1,8,1,1,1
5086,2,37,0,0,1,8,1,1,1
5087,7,35,0,0,1,8,1,1,1
5088,3,38,0,0,1,8,1,1,1
5089,7,35,0,0,1,8,1,1,1
5090,9,31,0,0,1,8,1,1,1
5091,7,35,0,0,1,8,1,1,1
5092,8,40,0,0,1,8,1,1,1
5093,12,43,0,0,1,7,2,1,1
5094,17,41,0,0,1,7,1,1,1
5095,14,36,0,0,0,8,0,0,0
5096,17,40,0,0,1,8,1,1,1
5097,22,38,0,0,1,8,1,1,1
5098,17,36,0,0,1,8,1,1,1
5099,22,38,0,0,1,8,1,1,1
5100,25,41,0,0,1,8,1,1,1
5101,26,46,0,0,1,8,1,1,1
5102,23,50,0,0,1,8,1,1,1
5103,26,46,0,0,1,8,1,1,1
5104,26,51,0,0,1,8,1,1,1
5105,22,54,0,0,1,8,1,1,1
5106,18,57,0,0,1,8,1,1,1
5107,21,53,0,0,1,8,1,1,1
5108,22,58,0,0,1,8,1,1,1
5109,25,62,0,0,1,8,1,1,1
5110,26,67,0,0,1,8,1,1,1
5111,27,72,0,0,1,8,1,1,1
5112,27,77,0,0,1,8,1,1,1
5113,24,80,0,0,1,8,1,1,1
5114,22,85,0,0,1,8,1,1,1
5115,17,84,0,0,0,9,0,0,0
5116,14,88,0,0,1,9,1,1,1
5117,19,85,0,0,1,8,2,1,1
5118,21,90,0,0,1,7,2,1,1
5119,22,85,0,0,1,7,1,1,1
5120,18,83,0,0,1,7,1,1,1
5121,19,79,0,0,1,7,1,1,1
5122,21,83,0,0,1,7,1,1,1
5123,20,78,0,0,1,7,1,1,1
5124,24,81,0,0,1,7,1,1,1
5125,26,76,0,0,1,7,1,1,1
5126,21,77,0,0,1,7,1,1,1
5127,24,73,0,0,1,7,1,1,1
5128,21,77,0,0,1,7,1,1,1
5129,16,75,0,0,1,7,1,1,1
5130,11,74,0,0,1,7,1,1,1
5131,14,78,0,0,1,6,2,1,1
5132,17,74,0,0,1,6,1,1,1
5133,14,70,0,0,1,6,1,1,1
5134,9,70,0,0,1,6,1,1,1
5135,13,72,0,0,1,6,1,1,1
5136,9,75,0,0,1,6,1,1,1
5137,10,70,0,0,1,6,1,1,1
5138,12,65,0,0,0,7,0,0,0
5139,8,68,0,0,1,7,1,1,1
5140,3,68,0,0,1,7,1,1,1
5141,1,63,0,0,1,7,1,1,1
5142,5,61,0,0,1,7,1,1,1
5143,10,60,0,0,1,7,1,1,1
5144,14,57,0,0,1,7,1,1,1
5145,17,53,0,0,1,7,1,1,1
5146,17,48,0,0,1,7,1,1,1
5147,21,50,0,0,1,7,1,1,1
5148,18,54,0,0,0,8,0,0,0
5149,13,52,0,0,1,8,1,1,1
5150,9,50,0,0,1,8,1,1,1
5151,12,46,0,0,1,8,1,1,1
5152,9,41,0,0,1,8,1,1,1
5153,13,45,0,0,1,8,1,1,1
5154,12,40,0,0,1,8,1,1,1
5155,14,45,0,0,1,7,2,1,1
5156,18,43,0,0,1,7,1,1,1
5157,23,44,0,0,1,7,1,1,1
5158,24,49,0,0,1,7,1,1,1
5159,26,54,0,0,1,7,1,1,1
5160,31,54,0,0,1,7,1,1,1
5161,35,51,0,0,1,7,1,1,1
5162,31,48,0,0,1,7,1,1,1
5163,35,51,0,0,1,7,1,1,1
5164,39,48,0,0,1,6,1,1,1
5165,37,43,0,0,1,6,1,1,1
5166,41,47,0,0,1,6,1,1,1
5167,36,45,0,0,1,5,1,1,1
5168,33,49,0,0,1,4,1,1,1
5169,33,54,0,0,1,4,1,1,1
5170,29,57,0,0,0,5,0,0,0
5171,25,54,0,0,0,6,0,0,0
5172,29,50,0,0,0,7,0,0,0
5173,24,53,0,0,0,8,0,0,0
5174,27,48,0,0,1,7,2,1,1
5175,24,53,0,0,0,8,0,0,0
5176,29,51,5,0,5,8,1,5,1
5177,25,53,0,0,1,8,1,1,1
5178,23,58,0,0,1,8,1,1,1
5179,27,61,0,0,1,7,2,1,1
5180,22,61,0,0,1,7,1,1,1
5181,27,62,0,0,1,6,2,1,1
5182,30,66,0,0,0,7,0,0,0
5183,35,66,0,0,1,7,1,1,1
5184,31,67,0,0,1,6,2,1,2
5185,28,71,0,0,0,7,0,0,0
5186,26,76,0,0,1,6,2,1,1
5187,22,74,0,0,0,7,0,0,0
5188,23,69,0,0,1,7,1,1,1
5189,28,71,0,0,1,7,1,1,1
5190,32,73,0,0,0,7,0,0,0
5191,35,69,0,0,1,7,1,1,1
5192,31,67,0,0,1,7,1,1,1
5193,27,63,0,0,1,7,1,1,1
5194,24,66,0,0,1,6,2,1,1
5195,19,67,0,0,1,6,1,1,1
5196,24,67,0,0,1,6,1,1,1
5197,26,72,0,0,0,7,0,0,0
5198,31,73,0,0,1,7,1,1,1
5199,33,69,0,0,1,7,1,1,1
5200,31,64,0,0,1,7,1,1,1
5201,36,67,0,0,1,7,1,1,1
5202,35,62,0,0,1,7,1,1,1
5203,38,58,0,0,1,7,1,1,1
5204,33,59,0,0,1,6,1,1,1
5205,31,63,0,0,1,6,1,1,1
5206,33,59,0,0,1,6,1,1,1
5207,29,56,0,0,1,6,1,1,1
5208,33,53,0,0,1,6,1,1,1
5209,29,55,0,0,1,5,1,1,1
5210,28,50,0,0,1,5,1,1,1
5211,33,52,0,0,0,6,0,0,0
5212,29,48,0,0,1,6,1,1,1
5213,34,48,0,0,1,6,1,1,1
5214,29,46,0,0,1,6,1,1,1
5215,33,50,0,0,0,7,0,0,0
5216,31,55,0,0,0,7,0,0,0
5217,29,59,0,0,1,6,1,1,1
5218,33,56,0,0,0,7,0,0,0
5219,31,52,0,0,1,6,2,1,1
5220,26,50,0,0,0,6,0,0,0
5221,30,54,0,0,1,4,2,1,1
5222,35,54,0,0,0,5,0,0,0
5223,33,59,0,0,1,5,1,1,1
5224,29,62,0,0,1,4,1,1,1
5225,32,58,0,0,0,5,0,0,0
5226,27,56,0,0,0,6,0,0,0
5227,23,53,0,0,1,6,1,1,1
5228,28,55,0,0,1,6,1,1,1
5229,32,57,0,0,1,6,1,1,1
5230,35,53,0,0,1,6,1,1,1
5231,32,50,0,0,0,7,0,0,0
5232,37,50,0,0,1,7,1,1,1
5233,41,52,0,0,1,7,1,1,1
5234,39,47,0,0,1,7,1,1,1
5235,34,47,0,0,1,7,1,1,1
5236,29,49,0,0,1,7,1,1,1
5237,34,46,0,0,1,7,1,1,1
5238,38,43,0,0,0,8,0,0,0
5239,42,44,0,0,1,7,2,1,1
5240,47,43,0,0,0,8,0,0,0
5241,52,42,0,0,0,9,0,0,0
5242,54,37,5,0,5,8,2,5,1
5243,58,39,0,0,1,8,1,1,1
5244,53,39,0,0,0,9,0,0,0
5245,57,36,0,0,2,8,2,2,1
5246,62,33,5,5,8,7,1,8,1
5247,61,28,5,5,0,8,0,0,0
5248,64,32,5,5,0,9,0,0,0
5249,65,27,0,10,6,9,1,6,1
5250,70,26,0,5,1,8,2,1,1
5251,75,25,5,10,8,8,1,8,1
5252,79,26,5,10,0,9,0,0,0
5253,80,31,0,5,1,9,1,1,1
5254,75,31,0,0,1,9,1,1,1
5255,78,35,5,5,8,9,1,8,1
5256,76,31,10,10,8,9,1,8,1
5257,79,27,15,10,5,9,1,5,1
5258,75,26,10,5,1,8,2,1,1
5259,76,30,5,0,1,8,1,1,1
5260,73,26,0,0,4,8,1,4,1
5261,68,26,0,0,4,8,1,4,1
5262,72,24,0,0,4,8,1,4,1
5263,68,26,5,0,5,8,1,5,1
5264,64,29,0,0,1,7,2,1,1
5265,66,33,0,0,4,7,1,4,1
5266,63,29,0,0,1,6,2,1,1
5267,60,33,0,0,1,6,1,1,1
5268,65,32,0,0,0,7,0,0,0
5269,66,36,0,0,4,7,1,4,1
5270,66,31,0,0,0,8,0,0,0
5271,70,32,0,0,4,8,1,4,1
5272,72,28,0,0,1,7,2,1,1
5273,69,23,0,0,1,6,2,1,1
5274,74,25,0,0,4,6,1,4,1
5275,78,29,0,0,0,7,0,0,0
5276,73,27,0,0,0,8,0,0,0
5277,75,22,0,0,1,8,1,1,1
5278,80,20,0,0,1,6,3,1,1
5279,81,25,5,0,3,6,1,3,1
5280,76,24,0,0,1,6,1,1,1
5281,75,19,0,0,0,7,0,0,0
5282,79,22,0,0,1,6,2,1,1
5283,81,17,0,0,1,6,1,1,1
5284,86,16,0,0,1,6,1,1,1
5285,89,13,0,0,0,7,0,0,0
5286,90,18,0,0,1,6,2,1,1
5287,88,22,0,0,4,6,1,4,1
5288,93,23,0,0,4,6,1,4,1
5289,89,26,0,0,1,5,2,1,1
5290,90,21,0,0,0,6,0,0,0
5291,94,19,5,0,3,6,1,3,1
5292,89,19,0,0,4,6,1,4,1
5293,92,23,0,0,4,6,1,4,1
5294,93,28,0,0,4,6,1,4,1
5295,95,32,0,0,1,5,2,1,1
5296,98,28,0,0,4,5,1,4,1
5297,3,30,0,0,4,5,1,4,1
5298,1,35,0,0,4,5,1,4,1
5299,6,36,0,0,4,5,1,4,1
5300,5,31,0,0,0,6,0,0,0
5301,6,26,0,0,1,5,2,1,1
5302,8,21,0,0,0,6,0,0,0
5303,12,23,0,0,1,6,1,1,1
5304,8,21,0,0,0,7,0,0,0
5305,4,24,0,0,4,7,1,4,1
5306,100,27,0,0,1,6,2,1,1
5307,95,30,0,0,1,6,1,1,1
5308,94,35,0,0,1,6,1,1,1
5309,90,38,0,0,1,6,1,1,1
5310,91,43,0,0,1,6,1,1,1
5311,88,47,0,0,1,6,1,1,1
5312,84,49,0,0,0,7,0,0,0
5313,89,50,0,0,1,7,1,1,1
5314,84,52,0,0,1,6,2,1,1
5315,79,53,0,0,4,6,1,4,1
5316,82,49,0,0,2,6,1,2,1
5317,78,53,5,0,3,5,2,3,1
5318,74,50,0,0,4,5,1,4,1
5319,72,46,0,0,4,5,1,4,1
5320,72,51,0,0,0,6,0,0,0
5321,73,46,5,0,3,5,2,3,1
5322,77,42,5,0,0,6,0,0,0
5323,72,42,0,0,1,5,2,1,1
5324,74,47,0,0,4,5,1,4,1
5325,77,43,0,0,4,5,1,4,1
5326,74,47,0,0,2,5,1,2,1
5327,72,52,0,0,4,5,1,4,1
5328,77,53,0,0,2,5,1,2,1
5329,81,56,0,0,0,6,0,0,0
5330,86,55,0,0,4,6,1,4,1
5331,87,50,0,0,4,6,1,4,1
5332,87,45,0,0,4,6,1,4,1
5333,87,50,0,0,4,6,1,4,1
5334,91,47,0,0,4,6,1,4,1
5335,86,48,0,0,4,6,1,4,1
5336,81,49,0,0,4,6,1,4,1
5337,86,49,0,0,4,6,1,4,1
5338,83,52,0,0,0,7,0,0,0
5339,78,50,0,0,4,7,1,4,1
5340,74,52,0,0,4,7,1,4,1
5341,74,47,0,0,1,7,1,1,1
5342,78,44,0,0,4,7,1,4,1
5343,80,40,0,0,2,7,1,2,1
5344,77,36,0,0,2,7,1,2,1
5345,74,40,0,0,4,7,1,4,1
5346,79,42,0,0,4,7,1,4,1
5347,84,42,0,0,4,7,1,4,1
5348,84,37,0,0,4,7,1,4,1
5349,88,34,0,0,4,7,1,4,1
5350,87,29,0,0,4,7,1,4,1
5351,85,34,0,0,4,7,1,4,1
5352,90,34,0,0,4,7,1,4,1
5353,86,31,0,0,1,6,2,1,1
5354,82,34,0,0,4,6,1,4,1
5355,77,33,0,0,0,7,0,0,0
5356,73,36,0,0,1,7,1,1,1
5357,72,31,0,0,4,7,1,4,1
5358,74,27,0,0,1,6,2,1,1
5359,70,25,0,0,0,7,0,0,0
5360,75,25,0,0,0,8,0,0,0
5361,79,27,0,0,1,7,2,1,1
5362,75,30,0,0,4,7,1,4,1
5363,77,34,5,0,5,7,1,5,1
5364,82,37,5,0,0,8,0,0,0
5365,81,42,0,0,4,8,1,4,1
5366,86,43,0,0,4,8,1,4,1
5367,81,42,0,0,4,8,1,4,1
5368,84,46,0,0,0,9,0,0,0
5369,88,44,0,0,4,9,1,4,1
5370,93,42,0,0,4,9,1,4,1
5371,93,47,0,0,4,9,1,4,1
5372,96,44,0,0,4,9,1,4,1
5373,97,39,0,0,2,9,1,2,1
5374,92,39,0,0,4,9,1,4,1
5375,87,40,0,0,2,9,1,2,1
5376,84,44,0,0,1,7,3,1,2
5377,89,46,0,0,0,8,0,0,0
5378,86,49,0,0,1,6,3,1,1
5379,84,44,0,0,0,7,0,0,0
5380,85,40,0,0,0,8,0,0,0
5381,86,35,0,0,4,6,3,4,1
5382,91,32,0,0,4,6,1,4,1
5383,95,30,0,0,4,6,1,4,1
5384,92,35,0,0,4,6,1,4,1
5385,96,31,0,0,0,7,0,0,0
5386,92,33,0,0,4,6,2,4,1
5387,93,37,0,0,0,7,0,0,0
5388,89,36,0,0,4,6,2,4,1
5389,85,33,0,0,2,5,2,2,1
5390,80,32,0,0,0,6,0,0,0
5391,84,35,0,0,4,6,1,4,1
5392,87,31,0,0,4,6,1,4,1
5393,83,30,0,0,4,6,1,4,1
5394,80,26,0,0,4,6,1,4,1
5395,77,30,0,0,4,6,1,4,1
5396,72,30,0,0,4,6,1,4,1
5397,71,25,0,0,4,6,1,4,1
5398,66,25,0,0,4,6,1,4,1
5399,68,29,0,0,4,6,1,4,1
5400,63,27,0,0,2,6,1,2,1
5401,68,27,0,0,2,6,1,2,1
5402,73,28,0,0,4,6,1,4,1
5403,74,33,0,0,4,6,1,4,1
5404,79,33,0,0,4,6,1,4,1
5405,82,37,0,0,4,6,1,4,1
5406,79,41,0,0,4,6,1,4,1
5407,82,45,0,0,4,6,1,4,1
5408,82,40,0,0,4,6,1,4,1
5409,83,35,0,0,1,6,1,1,1
5410,83,30,0,0,1,5,2,1,1
5411,87,32,0,0,4,5,1,4,1
5412,91,35,0,0,0,6,0,0,0
5413,89,40,0,0,4,6,1,4,1
5414,84,41,0,0,4,6,1,4,1
5415,85,46,0,0,4,6,1,4,1
5416,80,48,0,0,4,6,1,4,1
5417,81,53,0,0,2,5,2,2,1
5418,82,48,0,0,0,6,0,0,0
5419,84,53,0,0,4,6,1,4,1
5420,87,48,0,0,4,6,1,4,1
5421,88,53,0,0,4,6,1,4,1
5422,91,57,0,0,1,6,1,1,1
5423,94,53,0,0,4,6,1,4,1
5424,98,51,0,0,1,6,1,1,1
5425,96,55,0,0,0,7,0,0,0
5426,1,54,0,0,4,6,1,4,1
5427,0,49,0,0,0,7,0,0,0
5428,1,54,0,0,0,8,0,0,0
5429,96,54,0,0,4,8,1,4,1
5430,93,50,0,0,4,8,1,4,1
5431,98,49,0,0,4,8,1,4,1
5432,96,53,0,0,1,8,1,1,1
5433,97,58,0,0,4,8,1,4,1
5434,2,57,0,0,1,8,1,1,1
5435,4,52,0,0,0,9,0,0,0
5436,99,52,0,0,4,9,1,4,1
5437,100,47,0,0,1,9,1,1,1
5438,4,45,0,0,1,9,1,1,1
5439,99,43,0,0,0,10,0,0,0
5440,98,38,0,0,0,11,0,0,0
5441,3,39,0,5,7,11,1,7,1
5442,7,36,0,5,0,12,0,0,0
5443,6,31,0,5,4,12,1,4,1
5444,2,34,0,5,0,13,0,0,0
5445,97,35,0,0,1,12,2,1,1
5446,98,30,0,0,4,12,1,4,1
5447,93,32,0,0,0,13,0,0,0
5448,92,37,0,0,0,14,0,0,0
5449,97,35,0,0,0,15,0,0,0
5450,2,34,0,0,0,16,0,0,0
5451,97,35,0,0,1,15,2,1,1
5452,94,32,0,0,1,15,1,1,1
5453,97,28,0,0,0,16,0,0,0
5454,94,32,0,0,4,16,1,4,1
5455,96,37,10,0,5,14,3,5,2
5456,92,34,10,0,0,15,0,0,0
5457,97,35,5,0,1,13,3,1,1
5458,95,30,0,0,1,11,3,1,1
5459,96,25,0,0,1,11,1,1,1
5460,91,25,5,0,5,11,1,5,1
5461,87,22,0,0,4,10,2,4,1
5462,83,26,0,0,4,9,2,4,1
5463,80,22,0,0,4,9,1,4,1
5464,83,26,0,0,4,9,1,4,1
5465,86,30,0,0,1,8,2,1,1
5466,82,27,0,0,0,9,0,0,0
5467,87,27,0,0,1,7,3,1,1
5468,87,32,0,0,1,7,1,1,1
5469,90,36,5,0,5,7,1,5,1
5470,89,31,0,0,1,6,2,1,1
5471,84,30,0,0,1,6,1,1,1
5472,86,26,0,0,1,6,1,1,1
5473,81,25,0,0,1,6,1,1,1
5474,82,30,0,0,1,6,1,1,1
5475,85,34,0,0,0,7,0,0,0
5476,87,30,0,0,1,5,3,1,1
5477,83,32,0,0,0,6,0,0,0
5478,85,28,0,0,1,6,1,1,1
5479,90,29,0,0,1,6,1,1,1
5480,85,28,0,0,1,6,1,1,1
5481,88,32,0,0,2,6,1,2,1
5482,92,35,0,0,0,7,0,0,0
5483,97,33,0,0,1,6,2,1,1
5484,92,32,0,0,1,6,1,1,1
5485,93,27,0,0,1,6,1,1,1
5486,89,24,0,0,4,6,1,4,1
5487,85,28,0,0,1,5,2,1,1
5488,81,30,0,0,0,6,0,0,0
5489,83,26,0,0,4,6,1,4,1
5490,88,28,0,0,4,6,1,4,1
5491,93,28,0,0,0,7,0,0,0
5492,88,26,0,0,1,6,2,1,1
5493,93,27,0,0,0,7,0,0,0
5494,91,32,0,0,1,7,1,1,1
5495,87,34,0,0,1,6,2,1,1
5496,92,35,0,0,0,7,0,0,0
5497,89,39,0,0,4,7,1,4,1
5498,91,35,0,0,1,6,2,1,1
5499,88,31,0,0,1,6,1,1,1
5500,89,36,0,0,0,7,0,0,0
5501,85,37,0,0,4,7,1,4,1
5502,81,41,0,0,4,7,1,4,1
5503,79,46,0,0,1,7,1,1,1
5504,75,48,0,0,1,7,1,1,1
5505,80,48,0,0,1,7,1,1,1
5506,84,46,0,0,0,8,0,0,0
5507,88,43,0,0,1,8,1,1,1
5508,93,41,0,0,1,8,1,1,1
5509,92,36,0,0,1,7,2,1,1
5510,90,41,0,0,1,6,2,1,1
5511,95,41,0,0,1,6,1,1,1
5512,93,36,0,0,4,6,1,4,1
5513,90,32,0,0,4,6,1,4,1
5514,95,34,0,0,4,6,1,4,1
5515,90,35,0,0,1,6,1,1,1
5516,87,39,0,0,1,6,1,1,1
5517,85,35,0,0,4,6,1,4,1
5518,81,39,0,0,1,6,1,1,1
5519,81,44,0,0,4,5,2,4,1
5520,85,46,0,0,1,5,1,1,1
5521,85,51,0,0,1,5,1,1,1
5522,88,55,0,0,4,5,1,4,1
5523,91,51,0,0,0,6,0,0,0
5524,91,56,0,0,1,5,2,1,1
5525,88,53,0,0,1,5,1,1,1
5526,87,48,0,0,4,5,1,4,1
5527,86,43,0,0,0,6,0,0,0
5528,86,48,0,0,0,7,0,0,0
5529,85,53,0,0,1,7,1,1,1
5530,83,57,0,0,2,6,2,2,1
5531,84,62,0,0,1,6,1,1,1
5532,84,67,0,0,1,6,1,1,1
5533,89,67,0,0,1,5,2,1,1
5534,89,62,0,0,0,6,0,0,0
5535,91,58,0,0,1,6,1,1,1
5536,95,54,0,0,0,7,0,0,0
5537,99,52,0,0,1,7,1,1,1
5538,2,55,0,0,1,7,1,1,1
5539,100,59,0,0,1,6,1,1,1
5540,97,63,0,0,0,7,0,0,0
5541,93,66,5,0,5,7,1,5,1
5542,89,63,0,0,1,7,1,1,1
5543,84,64,0,0,0,8,0,0,0
5544,87,60,0,0,4,8,1,4,1
5545,92,62,5,0,5,8,1,5,1
5546,94,66,0,0,4,8,1,4,1
5547,92,71,0,0,1,8,1,1,1
5548,97,71,0,0,1,8,1,1,1
5549,99,67,0,0,1,8,1,1,1
5550,3,63,0,0,1,7,2,1,1
5551,8,62,0,0,1,7,1,1,1
5552,6,67,0,0,1,7,1,1,1
5553,6,72,0,0,4,6,2,4,1
5554,10,69,5,0,5,6,1,5,1
5555,15,69,5,0,0,7,0,0,0
5556,16,64,0,0,1,7,1,1,1
5557,17,59,0,0,1,7,1,1,1
5558,17,64,0,0,0,8,0,0,0
5559,17,69,0,0,0,9,0,0,0
5560,18,65,0,0,0,10,0,0,0
5561,13,66,0,0,1,10,1,1,1
5562,9,64,0,0,4,10,1,4,1
5563,9,59,0,0,1,9,2,1,1
5564,4,59,0,0,0,10,0,0,0
5565,99,57,0,0,1,10,1,1,1
5566,3,53,0,0,4,10,1,4,1
5567,5,49,0,0,1,10,1,1,1
5568,8,53,0,0,4,10,1,4,1
5569,4,55,0,0,0,11,0,0,0
5570,1,51,0,0,1,10,2,1,1
5571,96,52,0,0,1,9,2,1,1
5572,98,57,0,0,4,9,1,4,1
5573,93,57,0,0,0,10,0,0,0
5574,91,62,0,0,1,10,1,1,1
5575,96,62,0,0,1,9,2,1,1
5576,93,66,0,0,1,8,2,1,1
5577,97,62,0,0,1,8,1,1,1
5578,96,67,0,0,4,8,1,4,1
5579,96,62,0,0,4,8,1,4,1
5580,100,58,0,0,1,7,2,1,1
5581,1,54,0,0,1,7,1,1,1
5582,2,49,0,0,0,8,0,0,0
5583,97,49,0,0,1,8,1,1,1
5584,93,52,0,0,1,7,2,1,1
5585,88,53,0,0,1,7,1,1,1
5586,87,58,0,0,0,8,0,0,0
5587,82,60,0,0,1,8,1,1,1
5588,87,60,0,0,1,7,2,1,1
5589,84,63,0,0,1,5,3,1,1
5590,87,60,0,0,1,5,1,1,1
5591,92,59,0,0,0,6,0,0,0
5592,90,55,0,0,1,5,2,1,1
5593,86,58,0,0,1,5,1,1,1
5594,81,58,0,0,4,5,1,4,1
5595,80,63,0,0,1,5,1,1,1
5596,85,63,0,0,4,5,1,4,1
5597,80,62,0,0,4,5,1,4,1
5598,75,61,0,0,1,5,1,1,1
5599,77,56,0,0,4,5,1,4,1
5600,77,51,0,0,4,5,1,4,1
5601,77,56,0,0,4,5,1,4,1
5602,82,56,0,0,1,5,1,1,1
5603,87,57,0,0,4,5,1,4,1
5604,82,59,0,0,1,5,1,1,1
5605,80,54,0,0,4,5,1,4,1
5606,75,54,5,0,3,5,1,3,1
5607,71,57,0,0,4,5,1,4,1
5608,72,52,0,0,0,6,0,0,0
5609,76,52,0,0,1,5,2,1,2
5610,80,55,0,0,4,5,1,4,1
5611,79,60,0,0,4,5,1,4,1
5612,76,55,0,0,4,5,1,4,1
5613,76,60,0,0,4,5,1,4,1
5614,72,58,0,0,1,5,1,1,1
5615,76,56,0,0,4,5,1,4,1
5616,75,51,0,0,1,5,1,1,1
5617,70,51,0,0,4,5,1,4,1
5618,68,46,0,0,4,5,1,4,1
5619,72,43,0,0,4,5,1,4,1
5620,69,47,0,0,1,5,1,1,1
5621,67,52,0,0,4,5,1,4,1
5622,63,55,0,0,4,5,1,4,1
5623,68,54,0,0,4,5,1,4,1
5624,67,59,0,0,4,5,1,4,1
5625,63,61,0,0,4,5,1,4,1
5626,67,63,0,0,4,5,1,4,1
5627,72,61,0,0,1,5,1,1,1
5628,70,66,0,0,4,5,1,4,1
5629,72,70,0,0,1,5,1,1,1
5630,68,68,0,0,4,5,1,4,1
5631,72,66,0,0,4,5,1,4,1
5632,73,71,0,0,0,6,0,0,0
5633,73,66,0,0,0,7,0,0,0
5634,72,61,0,0,1,7,1,1,1
5635,72,66,0,0,4,7,1,4,1
5636,71,61,0,0,4,7,1,4,1
5637,71,56,0,0,4,7,1,4,1
5638,67,59,0,0,4,7,1,4,1
5639,62,59,0,0,4,7,1,4,1
5640,63,54,0,0,1,7,1,1,1
5641,59,57,0,0,4,7,1,4,1
5642,59,62,0,0,1,6,2,1,1
5643,54,62,0,0,4,6,1,4,1
5644,53,57,0,0,4,6,1,4,1
5645,49,60,0,0,4,6,1,4,1
5646,44,59,0,0,4,6,1,4,1
5647,42,64,0,0,4,6,1,4,1
5648,40,68,0,0,4,6,1,4,1
5649,37,64,0,0,4,6,1,4,1
5650,32,63,0,0,4,6,1,4,1
5651,36,60,0,0,4,6,1,4,1
5652,41,61,0,0,4,6,1,4,1
5653,40,66,0,0,4,6,1,4,1
5654,35,65,0,0,0,7,0,0,0
5655,40,63,0,0,0,8,0,0,0
5656,45,61,0,0,4,8,1,4,1
5657,50,62,0,0,4,8,1,4,1
5658,52,57,0,0,4,8,1,4,1
5659,48,61,0,0,4,8,1,4,1
5660,46,57,0,0,0,9,0,0,0
5661,49,53,0,0,4,9,1,4,1
5662,46,57,5,0,3,9,1,3,1
5663,42,59,0,0,4,9,1,4,1
5664,46,57,0,0,2,8,2,2,1
5665,49,61,0,0,1,7,2,1,1
5666,47,66,0,0,0,8,0,0,0
5667,46,61,0,0,2,7,2,2,1
5668,50,59,0,0,0,8,0,0,0
5669,54,62,0,0,2,8,1,2,1
5670,50,65,0,0,2,8,1,2,1
5671,46,68,0,0,2,8,1,2,1
5672,50,65,0,0,4,8,1,4,1
5673,48,60,0,0,4,8,1,4,1
5674,53,58,0,0,2,7,2,2,1
5675,51,63,0,0,4,7,1,4,1
5676,51,68,0,0,0,8,0,0,0
5677,54,63,0,0,0,9,0,0,0
5678,52,68,0,0,2,8,2,2,1
5679,55,71,0,0,2,7,2,2,1
5680,52,67,0,0,4,7,1,4,1
5681,47,67,0,0,4,7,1,4,1
5682,51,70,0,0,4,7,1,4,1
5683,47,72,0,0,4,7,1,4,1
5684,42,71,0,0,4,7,1,4,1
5685,41,66,0,0,4,7,1,4,1
5686,39,70,0,0,4,7,1,4,1
5687,40,75,0,0,4,7,1,4,1
5688,35,77,0,0,4,7,1,4,1
5689,30,78,0,0,1,7,1,1,1
5690,25,78,0,0,4,7,1,4,1
5691,23,74,0,0,4,7,1,4,1
5692,26,70,0,0,4,7,1,4,1
5693,24,74,0,0,0,8,0,0,0
5694,23,79,0,0,2,7,2,2,2
5695,27,83,0,0,4,7,1,4,1
5696,30,79,0,0,4,7,1,4,1
5697,28,74,0,0,4,7,1,4,1
5698,23,74,0,0,4,7,1,4,1
5699,24,69,0,0,4,6,1,4,1
5700,19,71,0,0,0,7,0,0,0
5701,24,72,0,0,2,6,2,2,1
5702,19,73,0,0,2,6,1,2,1
5703,18,78,0,0,0,7,0,0,0
5704,22,82,0,0,0,8,0,0,0
5705,17,83,0,0,2,8,1,2,1
5706,17,88,0,0,0,9,0,0,0
5707,22,86,0,0,2,9,1,2,1
5708,27,88,0,0,2,8,2,2,1
5709,29,92,0,0,2,8,1,2,1
5710,34,94,0,0,2,8,1,2,1
5711,38,92,0,0,0,9,0,0,0
5712,39,87,0,0,2,8,2,2,1
5713,43,90,0,0,0,9,0,0,0
5714,46,94,0,0,2,8,2,2,1
5715,51,93,0,0,4,8,1,4,1
5716,56,91,0,0,0,8,0,0,0
5717,58,87,0,0,0,9,0,0,0
5718,54,90,0,0,2,9,1,2,1
5719,58,87,0,0,4,9,1,4,1
5720,62,84,0,0,4,9,1,4,1
5721,59,88,0,0,2,8,2,2,1
5722,55,84,0,0,4,8,1,4,1
5723,55,79,5,0,3,8,1,3,1
5724,58,83,5,0,2,8,1,2,1
5725,63,81,5,0,2,8,1,2,1
5726,58,83,5,0,2,8,1,2,1
5727,63,84,5,0,2,8,1,2,1
5728,68,83,5,0,2,7,2,2,1
5729,72,81,5,0,2,7,1,2,1
5730,67,80,5,0,2,7,1,2,1
5731,69,85,5,0,2,7,1,2,1
5732,72,82,5,0,2,7,1,2,1
5733,76,78,5,0,2,7,1,2,1
5734,81,78,5,0,0,8,0,0,0
5735,84,82,5,0,2,8,1,2,1
5736,80,83,5,0,2,8,1,2,1
5737,83,79,5,0,0,9,0,0,0
5738,84,84,5,0,0,10,0,0,0
5739,87,80,5,0,2,10,1,2,1
5740,92,80,5,0,2,9,2,2,1
5741,96,82,5,0,0,10,0,0,0
5742,98,77,5,0,2,9,2,2,1
5743,96,82,5,0,2,8,2,2,1
5744,93,78,10,0,5,8,1,5,1
5745,98,78,10,0,2,8,1,2,1
5746,94,75,10,0,2,8,1,2,1
5747,96,79,10,0,2,8,1,2,1
5748,91,79,10,0,2,8,1,2,1
5749,87,81,10,0,0,9,0,0,0
5750,82,81,10,0,2,8,2,2,1
5751,77,80,10,0,2,8,1,2,1
5752,82,80,10,0,0,9,0,0,0
5753,79,76,10,0,2,8,2,2,1
5754,84,77,15,0,5,8,1,5,1
5755,80,74,15,0,2,8,1,2,1
5756,79,79,15,0,2,7,2,2,1
5757,75,77,10,0,1,7,1,1,1
5758,70,75,10,0,0,8,0,0,0
5759,68,70,10,0,2,8,1,2,1
5760,73,71,10,0,2,8,1,2,1
5761,71,76,10,0,2,8,1,2,1
5762,76,77,10,0,2,8,1,2,1
5763,72,80,10,0,2,8,1,2,1
5764,72,75,10,0,2,8,1,2,1
5765,75,79,10,0,2,8,1,2,1
5766,71,76,10,0,2,7,2,2,2
5767,66,74,10,0,0,8,0,0,0
5768,71,73,10,0,2,8,1,2,1
5769,75,70,10,0,2,8,1,2,1
5770,78,75,10,0,2,8,1,2,1
5771,73,76,10,0,2,8,1,2,1
5772,75,80,10,0,0,9,0,0,0
5773,78,76,10,0,2,8,2,2,1
5774,77,81,5,0,4,8,1,4,1
5775,75,76,5,0,2,8,1,2,1
5776,80,76,0,0,4,8,1,4,1
5777,76,78,0,0,2,8,1,2,1
5778,76,83,0,0,2,8,1,2,1
5779,77,78,0,0,2,8,1,2,1
5780,75,83,0,0,2,8,1,2,1
5781,73,79,0,0,4,8,1,4,1
5782,68,77,0,0,2,7,1,2,1
5783,73,78,0,0,2,7,1,2,1
5784,78,76,0,0,2,7,1,2,1
5785,74,73,0,0,2,7,1,2,1
5786,72,69,0,0,2,7,1,2,1
5787,67,70,0,0,0,7,0,0,0
5788,71,68,0,0,2,7,1,2,1
5789,66,68,0,0,2,7,1,2,1
5790,71,67,0,0,2,7,1,2,1
5791,67,70,0,0,2,7,1,2,1
5792,63,73,0,0,2,7,1,2,1
5793,58,75,0,0,2,7,1,2,1
5794,63,74,0,0,2,7,1,2,1
5795,62,79,0,0,2,6,1,2,1
5796,64,75,0,0,4,6,1,4,1
5797,60,73,0,0,2,6,1,2,1
5798,56,76,0,0,2,6,1,2,1
5799,52,79,0,0,2,6,1,2,1
5800,54,84,0,0,0,7,0,0,0
5801,50,86,0,0,2,7,1,2,1
5802,54,83,0,0,2,7,1,2,1
5803,55,78,0,0,2,7,1,2,1
5804,50,78,0,0,2,7,1,2,1
5805,46,81,0,0,2,7,1,2,1
5806,51,81,0,0,2,7,1,2,1
5807,47,84,0,0,2,6,2,2,2
5808,42,86,0,0,0,7,0,0,0
5809,37,85,0,0,2,7,1,2,1
5810,38,80,0,0,2,7,1,2,1
5811,42,82,0,0,0,8,0,0,0
5812,37,83,0,0,0,9,0,0,0
5813,33,81,0,0,2,9,1,2,1
5814,35,77,0,0,2,9,1,2,1
5815,35,72,0,0,0,10,0,0,0
5816,38,76,0,0,0,11,0,0,0
5817,41,79,0,0,2,11,1,2,1
5818,37,81,0,0,2,11,1,2,1
5819,34,76,0,0,2,11,1,2,1
5820,38,80,0,0,2,11,1,2,1
5821,39,85,0,0,2,11,1,2,1
5822,44,86,0,0,2,11,1,2,1
5823,42,81,0,0,2,10,2,2,1
5824,43,77,0,0,2,9,2,2,1
5825,48,78,0,0,0,10,0,0,0
5826,50,73,0,0,2,10,1,2,1
5827,54,70,0,5,6,9,2,6,1
5828,53,65,0,0,2,9,1,2,1
5829,49,62,0,0,0,10,0,0,0
5830,53,65,0,0,0,11,0,0,0
5831,55,69,0,0,2,9,3,2,2
5832,53,65,0,0,0,10,0,0,0
5833,53,60,0,5,7,10,1,7,1
5834,48,59,0,0,2,9,2,2,1
5835,53,60,0,0,2,9,1,2,1
5836,52,55,0,0,2,9,1,2,1
5837,47,54,0,0,2,9,1,2,1
5838,44,50,0,0,2,8,2,2,1
5839,42,55,0,0,2,8,1,2,1
5840,42,50,0,0,2,8,1,2,1
5841,47,49,0,0,0,9,0,0,0
5842,52,48,0,0,2,8,2,2,1
5843,55,44,0,0,2,8,1,2,1
5844,59,46,0,0,2,8,1,2,1
5845,64,44,0,0,2,8,1,2,1
5846,69,43,0,0,2,8,1,2,1
5847,74,44,0,0,2,8,1,2,1
5848,70,47,0,0,2,7,2,2,1
5849,69,51,0,0,2,7,1,2,1
5850,70,47,0,0,2,6,2,2,1
5851,67,50,0,0,2,6,1,2,1
5852,68,55,0,0,0,7,0,0,0
5853,67,60,0,5,6,7,1,6,1
5854,72,61,0,0,2,7,1,2,1
5855,76,58,0,0,2,7,1,2,1
5856,81,58,5,0,3,7,1,3,1
5857,85,60,5,0,2,7,1,2,1
5858,86,65,5,0,2,7,1,2,1
5859,81,63,5,0,2,7,1,2,1
5860,82,59,5,0,2,7,1,2,1
5861,78,57,5,0,2,7,1,2,1
5862,82,59,5,0,2,6,2,2,1
5863,83,64,5,0,2,6,1,2,1
5864,80,60,5,0,0,7,0,0,0
5865,77,56,5,0,2,7,1,2,1
5866,76,51,5,0,2,7,1,2,1
5867,74,56,5,0,2,7,1,2,1
5868,72,51,10,0,3,7,1,3,1
5869,74,56,10,0,2,7,1,2,1
5870,78,59,10,0,0,8,0,0,0
5871,82,56,10,0,2,7,2,2,1
5872,79,51,10,0,2,6,2,2,1
5873,77,56,10,0,2,5,1,2,1
5874,80,60,5,0,1,5,1,1,1
5875,79,55,10,0,3,4,1,3,1
5876,79,50,10,0,0,5,0,0,0
5877,84,52,15,0,3,5,1,3,1
5878,88,51,15,0,2,5,1,2,1
5879,88,56,20,0,3,5,1,3,1
5880,87,60,20,0,0,6,0,0,0
5881,89,65,20,0,0,7,0,0,0
5882,88,70,20,0,2,6,2,2,1
5883,88,75,20,0,2,5,2,2,1
5884,83,76,20,0,0,6,0,0,0
5885,86,80,20,0,0,7,0,0,0
5886,86,85,20,0,2,7,1,2,1
5887,91,84,20,0,2,6,2,2,1
5888,90,89,20,0,2,6,1,2,1
5889,95,88,20,0,0,7,0,0,0
5890,100,91,20,0,2,7,1,2,1
5891,5,90,20,0,2,6,2,2,1
5892,5,85,20,0,2,6,1,2,1
5893,6,80,20,0,0,7,0,0,0
5894,11,80,20,0,2,7,1,2,1
5895,14,84,20,0,0,8,0,0,0
5896,10,81,20,0,2,8,1,2,1
5897,6,85,20,0,2,8,1,2,1
5898,7,90,20,0,2,8,1,2,1
5899,5,94,20,0,2,8,1,2,1
5900,5,89,20,0,2,7,2,2,1
5901,4,94,20,0,2,7,1,2,1
5902,9,93,20,0,0,8,0,0,0
5903,10,88,20,0,2,8,1,2,1
5904,15,90,20,0,0,9,0,0,0
5905,12,86,20,0,2,9,1,2,1
5906,11,81,20,0,2,9,1,2,1
5907,9,86,20,0,2,8,2,2,1
5908,4,85,20,0,2,7,2,2,1
5909,100,86,15,0,4,7,1,4,1
5910,98,82,15,0,0,8,0,0,0
5911,95,78,15,0,0,9,0,0,0
5912,97,73,15,0,2,9,1,2,1
5913,100,69,15,0,2,8,2,2,1
5914,97,65,15,0,2,8,1,2,1
5915,94,61,20,0,3,8,1,3,1
5916,93,66,20,0,2,7,2,2,1
5917,92,71,20,0,2,6,2,2,1
5918,96,73,25,0,3,6,1,3,1
5919,99,68,25,0,0,7,0,0,0
5920,95,65,25,0,0,8,0,0,0
5921,100,64,25,0,2,8,1,2,1
5922,96,67,25,0,2,7,2,2,1
5923,0,69,25,0,2,6,2,2,1
5924,5,70,25,0,2,6,1,2,1
5925,8,74,30,0,3,6,1,3,1
5926,3,75,30,0,0,7,0,0,0
5927,7,78,30,0,0,8,0,0,0
5928,7,73,30,0,2,8,1,2,1
5929,4,77,30,0,2,8,1,2,1
5930,8,74,30,0,2,8,1,2,1
5931,13,75,30,0,2,7,2,2,1
5932,13,70,30,0,2,7,1,2,1
5933,17,74,30,0,2,6,2,2,1
5934,14,78,35,0,3,6,1,3,1
5935,11,75,40,0,3,6,1,3,1
5936,6,77,45,0,3,6,1,3,1
5937,9,73,50,0,3,6,1,3,1
5938,8,77,50,0,0,7,0,0,0
5939,8,72,50,0,0,8,0,0,0
5940,4,75,50,0,2,6,3,2,2
5941,5,70,55,0,3,6,1,3,1
5942,10,70,55,0,2,6,1,2,1
5943,10,75,60,0,3,5,1,3,1
5944,14,78,60,0,2,5,1,2,1
5945,9,78,65,0,3,5,1,3,1
5946,8,73,65,0,0,6,0,0,0
5947,9,78,65,0,0,7,0,0,0
5948,12,82,65,0,0,8,0,0,0
5949,7,82,75,0,3,6,3,3,2
5950,8,77,80,0,3,5,2,3,1
5951,12,79,85,0,3,5,1,3,1
5952,12,74,85,0,0,6,0,0,0
5953,16,71,90,0,3,6,1,3,1
5954,16,76,95,0,3,6,1,3,1
5955,12,73,100,0,3,6,1,3,1
5956,7,75,100,0,0,7,0,0,0
5957,11,71,100,0,3,7,1,3,1
5958,10,66,100,0,3,7,1,3,1
5959,8,71,100,0,3,7,1,3,1
5960,13,70,100,0,0,7,0,0,0
5961,10,66,100,0,3,7,1,3,1
5962,6,69,100,0,3,7,1,3,1
5963,11,70,100,0,3,7,1,3,1
5964,14,74,100,0,3,7,1,3,1
5965,14,79,100,0,3,7,1,3,1
5966,9,81,100,0,3,7,1,3,1
5967,11,77,100,0,0,8,0,0,0
5968,16,76,100,0,3,8,1,3,1
5969,15,81,100,0,3,8,1,3,1
5970,20,82,100,0,3,8,1,3,1
5971,15,81,100,0,3,8,1,3,1
5972,19,84,100,0,3,8,1,3,1
5973,14,85,100,0,3,8,1,3,1
5974,18,81,100,0,3,8,1,3,1
5975,22,84,100,0,3,7,2,3,2
5976,17,84,100,0,0,8,0,0,0
5977,20,80,100,0,3,8,1,3,1
5978,18,84,100,0,0,9,0,0,0
5979,13,84,100,0,3,8,2,3,2
5980,14,89,100,0,3,7,2,3,2
5981,10,90,100,0,3,7,1,3,1
5982,5,87,100,0,0,8,0,0,0
5983,10,86,100,0,3,8,1,3,1
5984,7,89,100,0,3,8,1,3,1
5985,3,92,100,0,3,8,1,3,1
5986,100,96,100,0,3,8,1,3,1
5987,0,92,100,0,3,8,1,3,1
5988,5,93,100,0,3,8,1,3,1
5989,8,97,100,0,3,8,1,3,1
5990,12,95,100,0,0,9,0,0,0
5991,8,91,95,0,1,8,2,1,1
5992,11,87,100,0,3,7,2,3,2
5993,8,84,100,0,3,6,2,3,1
5994,11,81,100,0,3,6,1,3,1
5995,12,86,100,0,0,7,0,0,0
5996,12,81,100,0,3,7,1,3,1
5997,16,84,95,0,1,6,2,1,1
5998,19,87,95,0,0,7,0,0,0
5999,23,84,95,0,2,6,2,2,1
6000,25,80,90,5,6,6,1,6,1
6001,29,77,90,5,0,7,0,0,0
6002,26,73,95,0,3,7,1,3,1
6003,23,69,90,5,6,7,1,6,1
6004,23,74,95,0,3,7,1,3,1
6005,18,73,100,0,3,7,1,3,1
6006,23,75,100,0,0,8,0,0,0
6007,19,72,100,0,3,8,1,3,1
6008,18,77,100,5,8,8,1,8,1
6009,14,80,100,5,0,9,0,0,0
6010,13,85,100,0,3,9,1,3,1
6011,16,89,100,0,3,8,2,3,1
6012,16,84,100,0,3,8,1,3,1
6013,21,81,95,0,4,8,1,4,1
6014,22,86,100,0,3,7,2,3,1
6015,23,81,95,0,4,7,1,4,1
6016,26,77,95,0,0,8,0,0,0
6017,30,79,100,0,3,8,1,3,1
6018,29,74,100,0,0,9,0,0,0
6019,27,69,100,0,3,8,2,3,1
6020,22,70,100,0,3,7,2,3,1
6021,24,66,100,0,3,7,1,3,1
6022,24,61,100,0,0,8,0,0,0
6023,29,59,100,0,3,8,1,3,1
6024,25,62,100,0,3,7,2,3,1
6025,29,59,100,0,3,6,2,3,1
6026,28,64,100,0,3,6,1,3,1
6027,25,60,100,0,3,6,1,3,1
6028,20,60,95,0,4,6,1,4,1
6029,25,60,100,0,3,6,1,3,1
6030,22,55,100,0,3,6,1,3,1
6031,26,52,100,0,3,6,1,3,1
6032,24,48,100,0,3,5,2,3,1
6033,22,43,100,0,3,5,1,3,1
6034,26,42,100,0,3,5,1,3,1
6035,25,47,100,0,0,6,0,0,0
6036,29,50,100,0,3,6,1,3,1
6037,34,49,100,0,3,6,1,3,1
6038,38,53,100,0,3,6,1,3,1
6039,38,48,100,0,3,6,1,3,1
6040,43,48,100,0,0,7,0,0,0
6041,48,47,100,0,3,7,1,3,1
6042,43,46,100,0,3,7,1,3,1
6043,46,43,100,0,2,6,2,2,1
6044,41,43,100,0,3,6,1,3,1
6045,44,39,100,0,3,6,1,3,1
6046,41,43,100,0,3,6,1,3,1
6047,39,39,100,0,3,6,1,3,1
6048,40,43,100,0,3,6,1,3,1
6049,35,44,100,0,3,6,1,3,1
6050,40,43,100,0,3,6,1,3,1
6051,39,38,100,0,3,6,1,3,1
6052,35,36,100,0,3,6,1,3,1
6053,30,36,100,0,0,7,0,0,0
6054,35,36,100,0,3,7,1,3,1
6055,37,31,100,0,3,7,1,3,1
6056,35,26,100,0,3,7,1,3,1
6057,38,31,100,0,3,6,2,3,1
6058,35,34,100,0,3,6,1,3,1
6059,30,34,100,0,3,6,1,3,1
6060,26,37,100,0,3,6,1,3,1
6061,29,33,100,0,3,6,1,3,1
6062,33,35,100,0,3,6,1,3,1
6063,30,31,100,0,3,6,1,3,1
6064,35,33,100,0,3,6,1,3,1
6065,31,36,100,0,3,6,1,3,1
6066,36,37,100,0,3,6,1,3,1
6067,32,40,100,0,3,6,1,3,1
6068,31,45,100,0,3,6,1,3,1
6069,31,50,100,0,3,6,1,3,1
6070,31,45,100,0,3,6,1,3,1
6071,33,49,100,0,3,6,1,3,1
6072,29,45,100,0,3,6,1,3,1
6073,34,44,95,0,4,6,1,4,1
6074,37,48,100,0,3,6,1,3,1
6075,40,52,100,0,3,6,1,3,1
6076,37,57,100,0,0,7,0,0,0
6077,42,55,100,0,3,7,1,3,1
6078,39,52,100,0,0,8,0,0,0
6079,34,54,95,0,1,7,2,1,1
6080,39,53,100,0,3,7,1,3,1
6081,36,56,100,0,3,7,1,3,1
6082,38,61,95,0,1,6,2,1,1
6083,41,65,100,0,3,6,1,3,1
6084,36,63,100,0,3,6,1,3,1
6085,40,59,100,0,3,6,1,3,1
6086,35,58,100,0,3,6,1,3,1
6087,37,63,100,0,3,6,1,3,1
6088,42,63,100,0,3,6,1,3,1
6089,43,68,100,0,3,6,1,3,1
6090,47,71,100,0,3,6,1,3,1
6091,48,66,100,0,2,5,2,2,1
6092,46,71,100,0,0,6,0,0,0
6093,42,68,100,0,3,6,1,3,1
6094,45,71,100,0,3,6,1,3,1
6095,42,75,100,0,3,6,1,3,1
6096,44,79,100,0,3,6,1,3,1
6097,46,75,100,0,3,6,1,3,1
6098,42,78,100,0,3,6,1,3,1
6099,38,81,100,0,3,6,1,3,1
6100,33,83,100,0,3,6,1,3,1
6101,33,88,100,0,3,6,1,3,1
6102,28,86,100,0,3,6,1,3,1
6103,30,81,100,0,0,7,0,0,0
6104,27,85,100,0,3,7,1,3,1
6105,31,86,100,0,3,7,1,3,1
6106,34,90,100,0,0,8,0,0,0
6107,32,86,100,0,3,8,1,3,1
6108,30,81,100,0,3,8,1,3,1
6109,29,76,100,0,3,8,1,3,1
6110,24,77,100,0,3,7,1,3,1
6111,29,78,100,0,3,7,1,3,1
6112,32,82,100,0,3,7,1,3,1
6113,31,87,100,0,0,8,0,0,0
6114,27,89,100,0,3,8,1,3,1
6115,22,89,100,0,3,8,1,3,1
6116,17,91,100,0,3,8,1,3,1
6117,15,96,100,0,3,8,1,3,1
6118,10,93,100,0,3,8,1,3,1
6119,14,90,100,0,3,8,1,3,1
6120,10,87,100,0,3,8,1,3,1
6121,11,82,100,0,3,8,1,3,1
6122,16,85,100,0,3,8,1,3,1
6123,11,82,100,0,3,8,1,3,1
6124,14,86,100,0,3,8,1,3,1
6125,10,90,100,0,3,8,1,3,1
6126,11,95,100,0,3,8,1,3,1
6127,6,96,100,0,3,8,1,3,1
6128,11,98,100,0,3,8,1,3,1
6129,15,1,100,0,3,8,1,3,1
6130,13,6,100,0,3,8,1,3,1
6131,13,1,100,0,3,8,1,3,1
6132,16,97,100,0,3,8,1,3,1
6133,17,2,100,0,3,8,1,3,1
6134,16,97,100,0,0,9,0,0,0
6135,12,94,100,0,3,9,1,3,1
6136,8,97,100,0,3,9,1,3,1
6137,11,1,100,0,3,8,2,3,1
6138,7,4,100,0,3,8,1,3,1
6139,10,8,95,5,6,8,1,6,1
6140,7,4,100,0,3,8,1,3,1
6141,8,9,100,0,0,9,0,0,0
6142,7,14,100,0,3,9,1,3,1
6143,6,9,100,0,3,9,1,3,1
6144,9,13,100,0,3,8,2,3,1
6145,10,8,100,0,3,7,2,3,1
6146,14,7,95,0,1,6,2,1,1
6147,12,11,100,0,3,6,1,3,1
6148,7,12,95,5,6,6,1,6,1
6149,9,8,100,0,3,6,1,3,1
6150,13,11,100,0,3,6,1,3,1
6151,8,11,100,0,3,6,1,3,1
6152,3,10,100,0,3,6,1,3,1
6153,5,5,100,0,0,7,0,0,0
6154,4,1,100,0,3,7,1,3,1
6155,5,96,100,0,0,8,0,0,0
6156,7,91,100,0,3,8,1,3,1
6157,5,87,100,0,3,8,1,3,1
6158,9,84,100,0,3,8,1,3,1
6159,5,82,100,0,3,8,1,3,1
6160,0,81,100,0,3,8,1,3,1
6161,2,76,100,0,3,8,1,3,1
6162,6,79,100,0,5,8,1,5,1
6163,2,82,100,0,0,9,0,0,0
6164,3,77,100,0,3,9,1,3,1
6165,7,81,100,0,3,9,1,3,1
6166,2,82,100,0,3,9,1,3,1
6167,98,85,100,0,2,8,2,2,1
6168,3,83,100,0,2,7,2,2,1
6169,98,83,100,0,3,7,1,3,1
6170,0,78,100,0,3,7,1,3,1
6171,0,83,100,0,3,7,1,3,1
6172,96,82,100,0,3,7,1,3,1
6173,0,83,100,0,3,7,1,3,1
6174,5,85,100,0,3,7,1,3,1
6175,5,90,100,0,3,7,1,3,1
6176,9,93,100,0,3,7,1,3,1
6177,5,97,100,0,3,7,1,3,1
6178,2,93,100,0,3,7,1,3,1
6179,6,91,100,0,3,7,1,3,1
6180,2,92,100,0,3,7,1,3,1
6181,6,95,100,0,3,7,1,3,1
6182,4,90,100,0,3,7,1,3,1
6183,99,92,100,0,3,7,1,3,1
6184,100,97,100,0,3,7,1,3,1
6185,0,92,100,0,3,7,1,3,1
6186,1,97,100,0,3,7,1,3,1
6187,4,92,100,0,0,8,0,0,0
6188,7,89,100,0,3,8,1,3,1
6189,2,87,100,0,2,7,2,2,1
6190,97,86,100,0,3,7,1,3,1
6191,94,82,100,0,0,8,0,0,0
6192,95,77,100,0,2,7,2,2,1
6193,90,78,95,0,4,7,1,4,1
6194,94,81,100,0,3,7,1,3,1
6195,95,77,100,0,3,7,1,3,1
6196,90,77,100,0,3,7,1,3,1
6197,90,72,100,0,3,7,1,3,1
6198,95,74,100,0,3,7,1,3,1
6199,94,79,100,0,3,7,1,3,1
6200,89,80,100,0,3,7,1,3,1
6201,93,77,100,0,3,7,1,3,1
6202,89,74,100,0,3,7,1,3,1
6203,84,74,95,0,4,7,1,4,1
6204,88,72,100,0,3,7,1,3,1
6205,84,69,100,0,3,7,1,3,1
6206,80,72,100,0,3,7,1,3,1
6207,83,75,100,0,3,7,1,3,1
6208,84,70,100,0,3,7,1,3,1
6209,82,66,100,0,3,7,1,3,1
6210,84,71,100,0,3,7,1,3,1
6211,80,68,100,0,3,7,1,3,1
6212,75,68,100,0,3,7,1,3,1
6213,72,72,100,0,3,7,1,3,1
6214,67,74,100,0,3,7,1,3,1
6215,70,78,100,0,3,7,1,3,1
6216,70,83,100,0,3,7,1,3,1
6217,75,83,100,0,3,7,1,3,1
6218,79,82,100,0,3,7,1,3,1
6219,74,82,100,0,3,7,1,3,1
6220,75,77,100,0,0,8,0,0,0
6221,80,75,100,0,3,8,1,3,1
6222,83,79,100,0,0,9,0,0,0
6223,87,77,100,0,3,9,1,3,1
6224,92,78,100,0,2,8,2,2,1
6225,88,76,95,0,1,7,2,1,1
6226,83,75,100,0,3,7,1,3,1
6227,85,70,100,0,0,8,0,0,0
6228,81,73,100,0,2,8,1,2,1
6229,85,70,100,0,3,8,1,3,1
6230,90,71,100,0,3,8,1,3,1
6231,87,75,100,0,3,8,1,3,1
6232,85,80,100,0,2,7,2,2,1
6233,88,75,100,0,3,7,1,3,1
6234,88,70,100,0,3,7,1,3,1
6235,84,67,100,0,3,7,1,3,1
6236,85,72,100,0,0,8,0,0,0
6237,80,73,100,0,3,7,2,3,1
6238,85,74,100,0,3,7,1,3,1
6239,81,71,100,0,3,7,1,3,1
6240,84,67,100,0,0,8,0,0,0
6241,80,70,95,0,1,7,2,1,1
6242,77,66,90,0,1,6,2,1,1
6243,80,70,90,0,2,6,1,2,1
6244,78,66,85,0,1,5,1,1,1
6245,76,62,90,0,3,5,1,3,1
6246,75,57,90,0,0,6,0,0,0
6247,72,60,95,0,3,6,1,3,1
6248,70,65,100,0,3,6,1,3,1
6249,73,61,95,0,1,6,1,1,1
6250,76,57,100,0,3,6,1,3,1
6251,71,58,100,0,0,7,0,0,0
6252,66,57,100,0,3,7,1,3,1
6253,66,53,100,0,3,7,1,3,1
6254,69,56,100,0,3,7,1,3,1
6255,68,52,100,0,3,7,1,3,1
6256,70,47,95,0,1,6,2,1,1
6257,73,43,100,0,3,6,1,3,1
6258,74,48,100,0,3,6,1,3,1
6259,73,52,100,0,3,6,1,3,1
6260,76,49,100,0,3,6,1,3,1
6261,80,51,95,0,1,6,1,1,1
6262,75,50,95,0,0,7,0,0,0
6263,79,53,90,0,1,7,1,1,1
6264,84,54,95,0,3,7,1,3,1
6265,80,57,100,0,3,7,1,3,1
6266,85,55,95,0,1,7,1,1,1
6267,80,53,100,0,3,7,1,3,1
6268,80,58,100,0,3,7,1,3,1
6269,75,59,100,0,3,7,1,3,1
6270,74,64,100,0,3,6,2,3,1
6271,76,59,100,0,0,7,0,0,0
6272,74,64,100,0,3,7,1,3,1
6273,71,68,100,0,3,7,1,3,1
6274,68,72,100,0,3,7,1,3,1
6275,64,75,100,0,3,7,1,3,1
6276,67,79,95,0,1,7,1,1,1
6277,66,74,100,0,3,7,1,3,1
6278,63,70,100,0,3,7,1,3,1
6279,60,66,100,0,3,7,1,3,1
6280,65,64,100,0,0,8,0,0,0
6281,65,59,100,0,3,8,1,3,1
6282,64,64,100,0,3,8,1,3,1
6283,67,60,95,0,1,8,1,1,1
6284,64,64,100,0,3,8,1,3,1
6285,60,62,100,0,0,9,0,0,0
6286,61,57,100,0,3,9,1,3,1
6287,57,53,100,0,3,9,1,3,1
6288,61,51,100,0,3,9,1,3,1
6289,59,47,100,0,3,9,1,3,1
6290,59,42,100,0,3,9,1,3,1
6291,60,37,100,0,0,10,0,0,0
6292,58,32,100,0,0,11,0,0,0
6293,60,37,100,0,3,11,1,3,1
6294,64,35,100,0,3,11,1,3,1
6295,69,32,100,0,3,11,1,3,1
6296,71,27,100,0,3,11,1,3,1
6297,72,32,95,0,4,11,1,4,1
6298,73,37,100,0,3,11,1,3,1
6299,71,33,100,0,3,11,1,3,1
6300,73,37,100,0,3,11,1,3,1
6301,78,35,100,0,3,11,1,3,1
6302,81,31,100,0,3,11,1,3,1
6303,76,30,100,0,0,12,0,0,0
6304,80,29,100,0,0,13,0,0,0
6305,76,30,100,0,3,13,1,3,1
6306,78,26,100,0,2,13,1,2,1
6307,76,30,100,0,3,13,1,3,1
6308,80,33,100,0,0,14,0,0,0
6309,77,29,100,0,0,15,0,0,0
6310,81,28,100,0,2,15,1,2,1
6311,86,26,100,0,3,15,1,3,1
6312,83,30,100,0,3,15,1,3,1
6313,84,35,100,0,3,14,2,3,1
6314,88,36,100,0,3,13,2,3,1
6315,90,41,100,0,3,13,1,3,1
6316,89,36,100,0,0,14,0,0,0
6317,90,31,100,0,3,14,1,3,1
6318,87,36,100,0,5,14,1,5,1
6319,83,38,95,5,6,14,1,6,1
6320,80,35,100,0,3,14,1,3,1
6321,75,36,100,0,3,13,2,3,1
6322,71,32,100,0,3,13,1,3,1
6323,76,31,100,0,3,13,1,3,1
6324,79,34,100,0,3,12,1,3,1
6325,80,29,100,0,3,12,1,3,1
6326,75,27,100,0,3,12,1,3,1
6327,70,27,100,0,3,12,1,3,1
6328,66,30,100,0,0,13,0,0,0
6329,63,34,100,0,3,12,2,3,1
6330,66,38,100,0,3,12,1,3,1
6331,68,33,100,0,0,13,0,0,0
6332,64,37,100,0,0,14,0,0,0
6333,64,32,100,0,3,14,1,3,1
6334,61,36,100,0,3,14,1,3,1
6335,66,35,100,0,0,15,0,0,0
6336,65,39,100,0,3,15,1,3,1
6337,61,42,100,0,3,14,2,3,1
6338,58,46,100,0,3,13,2,3,1
6339,60,50,100,0,3,12,2,3,1
6340,64,49,100,5,7,12,1,7,1
6341,63,54,100,0,3,11,2,3,1
6342,67,51,100,0,3,11,1,3,1
6343,68,56,100,0,3,11,1,3,1
6344,73,55,100,0,0,12,0,0,0
6345,78,56,100,0,0,13,0,0,0
6346,74,59,100,0,3,13,1,3,1
6347,78,63,100,0,3,13,1,3,1
6348,81,59,100,0,2,12,2,2,1
6349,76,58,100,0,3,11,2,3,1
6350,80,55,100,0,3,11,1,3,1
6351,76,54,100,5,8,11,1,8,1
6352,80,52,100,0,3,11,1,3,1
6353,79,47,100,0,2,10,2,2,1
6354,79,42,100,0,3,9,2,3,1
6355,74,43,100,0,3,8,2,3,1
6356,70,41,100,5,8,8,1,8,1
6357,65,39,100,0,3,8,1,3,1
6358,67,43,100,0,0,9,0,0,0
6359,71,46,100,0,2,8,2,2,1
6360,68,41,100,0,3,8,1,3,1
6361,72,38,100,0,0,9,0,0,0
6362,70,33,100,0,3,9,1,3,1
6363,70,28,100,0,3,9,1,3,1
6364,65,28,100,0,3,9,1,3,1
6365,69,31,100,0,3,9,1,3,1
6366,67,35,100,0,3,9,1,3,1
6367,65,30,100,0,3,9,1,3,1
6368,67,35,100,0,3,9,1,3,1
6369,71,34,100,0,2,8,2,2,1
6370,75,30,100,0,0,9,0,0,0
6371,77,35,100,0,3,8,2,3,1
6372,73,31,95,0,4,8,1,4,1
6373,74,36,90,0,1,8,1,1,1
6374,71,40,90,0,2,7,2,2,1
6375,67,37,90,0,0,8,0,0,0
6376,72,38,90,0,2,7,2,2,1
6377,72,43,90,0,0,8,0,0,0
6378,73,38,90,0,0,9,0,0,0
6379,74,33,95,0,3,9,1,3,1
6380,79,34,100,0,3,9,1,3,1
6381,79,29,100,0,3,9,1,3,1
6382,77,33,100,0,3,8,2,3,1
6383,72,36,100,0,3,7,2,3,1
6384,67,37,100,0,3,6,2,3,1
6385,72,38,100,0,3,6,1,3,1
6386,75,34,100,0,3,6,1,3,1
6387,76,29,100,0,2,6,1,2,1
6388,81,28,100,0,3,6,1,3,1
6389,86,27,100,0,0,7,0,0,0
6390,81,28,100,0,0,8,0,0,0
6391,86,27,100,0,3,8,1,3,1
6392,86,22,100,0,2,8,1,2,1
6393,82,25,100,0,2,6,2,2,1
6394,78,27,100,0,3,6,1,3,1
6395,76,32,100,0,0,7,0,0,0
6396,72,34,100,0,3,7,1,3,1
6397,71,29,100,0,3,7,1,3,1
6398,68,34,100,0,3,7,1,3,1
6399,72,37,100,0,3,7,1,3,1
6400,72,32,100,0,3,7,1,3,1
6401,73,37,100,0,3,7,1,3,1
6402,68,35,100,0,3,7,1,3,1
6403,64,39,100,0,3,7,1,3,1
6404,69,37,100,0,0,8,0,0,0
6405,72,41,100,0,3,8,1,3,1
6406,77,42,100,0,3,8,1,3,1
6407,72,39,100,0,3,8,1,3,1
6408,73,44,100,0,3,8,1,3,1
6409,69,47,100,0,3,8,1,3,1
6410,64,47,100,0,3,8,1,3,1
6411,68,45,100,0,0,9,0,0,0
6412,64,43,100,0,3,9,1,3,1
6413,67,39,100,0,3,9,1,3,1
6414,71,40,100,0,3,8,2,3,1
6415,75,44,100,0,3,8,1,3,1
6416,72,40,100,0,3,8,1,3,1
6417,68,37,100,0,3,7,2,3,2
6418,65,41,100,0,0,8,0,0,0
6419,66,36,100,0,2,7,2,2,1
6420,67,41,100,0,3,6,2,3,2
6421,70,36,100,0,2,6,1,2,1
6422,74,37,100,0,0,7,0,0,0
6423,70,36,100,0,3,7,1,3,1
6424,72,32,100,0,2,7,1,2,1
6425,75,28,100,0,2,6,2,2,1
6426,79,31,100,0,3,6,1,3,1
6427,84,32,100,0,3,6,1,3,1
6428,88,30,100,0,3,6,1,3,1
6429,86,34,100,0,3,6,1,3,1
6430,91,34,100,0,3,6,1,3,1
6431,95,37,100,0,3,6,1,3,1
6432,93,41,100,0,3,6,1,3,1
6433,95,46,100,0,0,7,0,0,0
6434,97,50,100,0,0,8,0,0,0
6435,99,46,100,0,0,9,0,0,0
6436,2,42,100,0,0,10,0,0,0
6437,97,42,100,0,0,11,0,0,0
6438,94,38,95,0,4,11,1,4,1
6439,99,38,90,5,6,11,1,6,1
6440,99,43,90,10,7,11,1,7,1
6441,3,46,85,10,4,11,1,4,1
6442,2,51,90,5,3,10,2,3,1
6443,3,46,85,5,4,10,1,4,1
6444,4,41,80,5,4,10,1,4,1
6445,8,43,80,10,7,10,1,7,1
6446,8,38,75,15,6,9,2,6,1
6447,7,33,80,10,3,9,1,3,1
6448,12,31,85,5,3,8,2,3,1
6449,9,27,90,0,3,8,1,3,1
6450,8,32,95,0,3,8,1,3,1
6451,7,27,100,0,3,8,1,3,1
6452,7,22,100,0,3,8,1,3,1
6453,7,17,100,0,3,8,1,3,1
6454,2,17,100,0,3,7,2,3,1
6455,98,15,100,0,3,7,1,3,1
6456,93,14,100,0,0,8,0,0,0
6457,90,10,100,0,3,8,1,3,1
6458,90,15,100,0,3,8,1,3,1
6459,87,18,95,0,4,8,1,4,1
6460,91,16,100,0,3,7,2,3,1
6461,88,12,100,0,0,8,0,0,0
6462,83,13,100,0,5,8,1,5,1
6463,81,9,100,0,3,7,2,3,1
6464,85,7,100,0,3,7,1,3,1
6465,81,9,100,0,3,6,2,3,1
6466,76,10,100,0,5,6,1,5,1
6467,78,5,100,0,3,6,1,3,1
6468,77,10,100,0,3,6,1,3,1
6469,73,13,100,0,3,6,1,3,1
6470,72,8,100,0,3,6,1,3,1
6471,74,4,100,0,3,6,1,3,1
6472,78,0,100,0,0,7,0,0,0
6473,77,5,100,0,3,7,1,3,1
6474,74,1,100,0,3,7,1,3,1
6475,72,97,100,0,3,7,1,3,1
6476,76,94,100,0,3,7,1,3,1
6477,77,99,100,0,3,6,2,3,1
6478,73,95,100,0,3,6,1,3,1
6479,77,98,100,0,3,6,1,3,1
6480,82,97,100,0,3,6,1,3,1
6481,87,99,100,0,0,7,0,0,0
6482,87,4,100,0,0,8,0,0,0
6483,82,3,100,0,0,9,0,0,0
6484,87,5,100,0,3,9,1,3,1
6485,87,10,100,0,3,9,1,3,1
6486,83,7,100,0,5,9,1,5,1
6487,78,7,100,0,3,9,1,3,1
6488,75,11,100,0,3,8,2,3,1
6489,73,6,100,0,3,8,1,3,1
6490,77,3,100,0,3,8,1,3,1
6491,74,100,100,0,3,7,2,3,1
6492,75,4,100,0,3,6,2,3,1
6493,72,8,100,0,3,6,1,3,1
6494,70,3,100,0,3,6,1,3,1
6495,73,7,100,0,3,6,1,3,1
6496,74,12,100,0,3,6,1,3,1
6497,70,14,100,0,3,6,1,3,1
6498,71,19,100,0,3,6,1,3,1
6499,66,18,100,0,3,6,1,3,1
6500,62,15,95,0,4,6,1,4,1
6501,66,17,100,0,3,6,1,3,1
6502,71,16,100,0,3,6,1,3,1
6503,73,12,100,0,3,6,1,3,1
6504,78,14,100,0,3,6,1,3,1
6505,82,13,100,0,3,6,1,3,1
6506,87,13,100,0,3,6,1,3,1
6507,82,15,100,0,3,6,1,3,1
6508,78,16,100,0,0,7,0,0,0
6509,78,11,100,0,3,7,1,3,1
6510,74,12,100,0,3,7,1,3,1
6511,74,17,100,0,3,6,2,3,2
6512,71,13,100,0,3,6,1,3,1
6513,75,10,100,0,3,6,1,3,1
6514,79,7,100,0,3,6,1,3,1
6515,80,2,100,0,3,6,1,3,1
6516,79,7,100,0,3,6,1,3,1
6517,83,11,100,0,3,6,1,3,1
6518,88,9,100,0,3,6,1,3,1
6519,92,12,100,0,3,6,1,3,1
6520,87,13,100,0,3,6,1,3,1
6521,91,17,100,0,3,6,1,3,1
6522,90,22,100,0,3,6,1,3,1
6523,92,18,100,0,3,6,1,3,1
6524,94,13,100,0,3,6,1,3,1
6525,91,17,100,0,0,7,0,0,0
6526,90,12,100,0,3,7,1,3,1
6527,93,8,100,0,2,7,1,2,1
6528,88,5,100,0,3,7,1,3,1
6529,83,6,100,0,5,7,1,5,1
6530,78,7,100,0,3,6,2,3,1
6531,82,10,100,0,0,7,0,0,0
6532,80,6,100,0,0,8,0,0,0
6533,85,7,100,0,0,9,0,0,0
6534,82,3,100,0,3,9,1,3,1
6535,84,99,100,0,3,9,1,3,1
6536,79,98,100,0,0,10,0,0,0
6537,75,1,100,0,3,8,1,3,1
6538,80,1,100,0,3,7,2,3,2
6539,75,4,100,0,3,6,2,3,2
6540,73,9,100,0,3,5,2,3,2
6541,77,12,100,0,0,6,0,0,0
6542,82,12,100,0,0,7,0,0,0
6543,77,13,100,0,3,7,1,3,1
6544,78,8,100,0,3,7,1,3,1
6545,79,13,100,0,3,7,1,3,1
6546,81,9,100,0,3,7,1,3,1
6547,80,14,100,0,3,7,1,3,1
6548,80,18,100,0,0,8,0,0,0
6549,80,23,100,0,3,8,1,3,1
6550,82,19,100,0,0,9,0,0,0
6551,81,24,100,0,3,8,2,3,2
6552,78,20,100,0,0,9,0,0,0
6553,75,24,100,0,3,8,2,3,2
6554,73,29,100,0,3,8,1,3,1
6555,77,25,100,0,3,8,1,3,1
6556,72,26,100,0,3,8,1,3,1
6557,67,24,100,0,3,8,1,3,1
6558,63,28,100,0,3,8,1,3,1
6559,59,30,100,0,3,8,1,3,1
6560,63,27,100,0,3,7,2,3,2
6561,61,22,100,0,3,7,1,3,1
6562,58,25,100,0,3,6,2,3,1
6563,60,21,100,0,0,7,0,0,0
6564,55,21,100,0,3,7,1,3,1
6565,60,20,100,0,3,7,1,3,1
6566,57,24,100,0,3,7,1,3,1
6567,56,28,100,0,3,7,1,3,1
6568,51,30,100,0,3,6,2,3,2
6569,47,28,100,0,0,7,0,0,0
6570,49,24,100,0,3,7,1,3,1
6571,54,24,100,0,3,7,1,3,1
6572,51,28,100,5,8,7,1,8,1
6573,53,24,100,0,3,7,1,3,1
6574,50,28,100,0,3,7,1,3,1
6575,48,23,100,0,3,7,1,3,1
6576,53,22,100,0,3,7,1,3,1
6577,57,24,100,0,0,8,0,0,0
6578,53,28,100,0,3,8,1,3,1
6579,52,32,100,0,3,7,2,3,2
6580,53,28,100,0,3,7,1,3,1
6581,58,26,100,0,3,7,1,3,1
6582,63,27,100,0,0,8,0,0,0
6583,66,31,100,0,3,8,1,3,1
6584,62,28,100,0,3,8,1,3,1
6585,62,23,100,0,3,8,1,3,1
6586,66,24,100,0,3,8,1,3,1
6587,69,29,100,0,3,8,1,3,1
6588,66,25,100,0,3,8,1,3,1
6589,61,27,100,0,3,8,1,3,1
6590,66,30,100,0,3,8,1,3,1
6591,61,33,100,0,3,8,1,3,1
6592,61,28,100,0,3,7,2,3,2
6593,57,25,100,0,3,7,1,3,1
6594,61,29,100,0,3,7,1,3,1
6595,65,26,100,0,3,7,1,3,1
6596,60,27,100,0,3,7,1,3,1
6597,63,32,100,0,0,8,0,0,0
6598,67,29,100,0,3,8,1,3,1
6599,69,25,100,0,3,8,1,3,1
6600,65,27,100,0,3,7,2,3,1
6601,64,22,100,0,3,7,1,3,1
6602,59,21,100,0,5,7,1,5,1
6603,57,25,100,0,0,7,0,0,0
6604,56,30,100,0,3,7,1,3,1
6605,51,31,100,0,3,7,1,3,1
6606,47,27,100,0,3,7,1,3,1
6607,45,23,100,0,3,7,1,3,1
6608,47,19,100,0,0,8,0,0,0
6609,43,21,100,0,3,7,2,3,1
6610,45,16,100,0,3,6,2,3,1
6611,44,11,100,0,3,6,1,3,1
6612,49,13,100,0,3,6,1,3,1
6613,53,15,100,0,3,6,1,3,1
6614,56,11,100,0,3,6,1,3,1
6615,60,15,100,0,3,6,1,3,1
6616,58,19,95,0,1,6,1,1,1
6617,60,24,100,0,3,6,1,3,1
6618,62,28,100,0,3,6,1,3,1
6619,57,30,100,0,3,6,1,3,1
6620,56,34,100,0,3,6,1,3,1
6621,57,30,100,0,3,6,1,3,1
6622,53,26,100,0,3,6,1,3,1
6623,49,23,100,0,0,7,0,0,0
6624,49,18,100,0,2,7,1,2,1
6625,49,13,100,0,3,7,1,3,1
6626,51,18,100,0,3,7,1,3,1
6627,52,23,100,0,3,7,1,3,1
6628,51,27,100,0,3,7,1,3,1
6629,55,30,100,0,2,7,1,2,1
6630,60,31,100,0,3,6,2,3,1
6631,63,27,100,0,0,7,0,0,0
6632,68,26,100,0,3,7,1,3,1
6633,64,22,100,0,3,6,2,3,1
6634,59,24,100,0,3,6,1,3,1
6635,64,23,100,0,3,6,1,3,1
6636,59,24,100,0,3,6,1,3,1
6637,55,21,100,0,3,6,1,3,1
6638,60,21,100,0,3,6,1,3,1
6639,63,24,100,0,3,6,1,3,1
6640,68,25,100,0,3,6,1,3,1
6641,73,22,100,0,3,6,1,3,1
6642,74,27,100,0,3,6,1,3,1
6643,79,28,100,0,3,6,1,3,1
6644,75,26,100,0,3,6,1,3,1
6645,78,23,100,0,3,6,1,3,1
6646,73,22,100,0,3,6,1,3,1
6647,72,27,100,0,3,6,1,3,1
6648,77,28,100,0,3,6,1,3,1
6649,81,31,100,0,3,6,1,3,1
6650,82,26,100,0,3,6,1,3,1
6651,84,21,100,0,3,6,1,3,1
6652,79,22,100,0,3,6,1,3,1
6653,82,19,100,0,3,6,1,3,1
6654,82,24,100,0,3,6,1,3,1
6655,77,24,100,0,3,6,1,3,1
6656,74,19,100,0,3,6,1,3,1
6657,70,21,100,0,3,6,1,3,1
6658,69,26,100,0,3,6,1,3,1
6659,64,24,100,0,3,6,1,3,1
6660,66,19,100,0,3,6,1,3,1
6661,64,15,100,0,3,6,1,3,1
6662,59,16,100,0,3,6,1,3,1
6663,57,20,100,0,3,6,1,3,1
6664,62,19,100,0,3,6,1,3,1
6665,63,24,100,0,3,6,1,3,1
6666,63,29,100,0,3,6,1,3,1
6667,58,31,100,0,0,7,0,0,0
6668,63,29,100,0,2,6,2,2,1
6669,66,24,100,0,0,7,0,0,0
6670,71,24,100,0,3,7,1,3,1
6671,69,29,100,0,3,7,1,3,1
6672,64,26,100,0,3,7,1,3,1
6673,64,21,100,0,3,7,1,3,1
6674,69,22,100,0,3,7,1,3,1
6675,67,17,100,0,3,7,1,3,1
6676,72,18,100,0,3,7,1,3,1
6677,76,15,100,0,3,7,1,3,1
6678,79,20,100,0,3,7,1,3,1
6679,84,18,100,0,3,6,2,3,2
6680,88,17,100,0,3,6,1,3,1
6681,92,20,100,0,3,6,1,3,1
6682,87,19,100,0,0,6,0,0,0
6683,83,16,100,0,3,6,1,3,1
6684,81,21,100,0,3,6,1,3,1
6685,86,18,100,0,3,6,1,3,1
6686,90,22,100,0,3,6,1,3,1
6687,87,17,100,0,3,6,1,3,1
6688,91,21,100,0,3,5,1,3,1
6689,87,23,100,0,3,5,1,3,1
6690,92,22,100,0,3,5,1,3,1
6691,96,19,100,0,3,5,1,3,1
6692,91,18,100,0,0,6,0,0,0
6693,95,14,100,0,3,6,1,3,1
6694,98,18,100,0,3,6,1,3,1
6695,98,13,100,0,0,6,0,0,0
6696,93,14,95,0,4,5,1,4,1
6697,93,19,95,0,0,6,0,0,0
6698,92,24,100,0,3,5,1,3,1
6699,92,19,100,0,3,5,1,3,1
6700,96,21,100,0,0,6,0,0,0
6701,91,21,100,0,3,5,2,3,1
6702,92,16,100,0,0,6,0,0,0
6703,88,19,100,0,0,7,0,0,0
6704,83,18,100,0,0,8,0,0,0
6705,88,20,100,0,3,8,1,3,1
6706,91,24,100,0,3,7,1,3,1
6707,86,22,100,0,3,7,1,3,1
6708,84,18,100,0,0,8,0,0,0
6709,86,22,100,0,0,9,0,0,0
6710,89,26,100,0,3,9,1,3,1
6711,90,31,100,0,0,10,0,0,0
6712,93,34,100,0,3,10,1,3,1
6713,97,38,100,0,3,10,1,3,1
6714,92,38,100,0,3,10,1,3,1
6715,89,35,100,0,2,9,2,2,1
6716,91,39,100,0,3,9,1,3,1
6717,91,34,100,0,3,9,1,3,1
6718,90,29,100,0,3,9,1,3,1
6719,91,24,100,0,3,9,1,3,1
6720,95,21,100,0,3,9,1,3,1
6721,92,25,100,0,3,8,2,3,1
6722,88,22,100,0,3,7,2,3,1
6723,88,17,100,0,3,6,2,3,1
6724,85,13,100,0,3,6,1,3,1
6725,81,10,100,0,3,6,1,3,1
6726,78,6,100,0,0,7,0,0,0
6727,75,10,100,0,3,7,1,3,1
6728,70,11,100,0,0,8,0,0,0
6729,75,11,100,0,3,8,1,3,1
6730,72,8,100,0,3,8,1,3,1
6731,76,10,100,0,3,8,1,3,1
6732,74,15,100,0,3,8,1,3,1
6733,72,19,100,0,3,8,1,3,1
6734,71,24,100,0,0,9,0,0,0
6735,73,20,100,0,3,9,1,3,1
6736,78,20,100,0,3,9,1,3,1
6737,80,24,100,0,3,9,1,3,1
6738,83,28,100,0,3,9,1,3,1
6739,78,29,100,0,3,9,1,3,1
6740,79,24,100,0,3,9,1,3,1
6741,80,29,100,0,3,9,1,3,1
6742,83,33,100,0,3,9,1,3,1
6743,87,36,100,0,3,8,1,3,1
6744,88,41,100,0,3,8,1,3,1
6745,92,43,100,0,3,8,1,3,1
6746,93,48,100,0,3,8,1,3,1
6747,96,52,100,0,3,8,1,3,1
6748,0,49,100,0,3,8,1,3,1
6749,2,44,100,0,3,8,1,3,1
6750,97,42,100,0,3,8,1,3,1
6751,2,44,100,0,3,8,1,3,1
6752,97,44,100,0,3,8,1,3,1
6753,98,39,100,0,0,9,0,0,0
6754,0,43,100,0,0,10,0,0,0
6755,95,43,100,0,3,10,1,3,1
6756,91,40,100,0,3,10,1,3,1
6757,90,36,100,0,3,10,1,3,1
6758,88,40,100,0,3,9,2,3,1
6759,88,35,100,0,3,9,1,3,1
6760,92,38,100,0,3,9,1,3,1
6761,89,42,100,0,3,9,1,3,1
6762,94,44,100,0,3,9,1,3,1
6763,96,48,100,0,3,9,1,3,1
6764,1,46,100,0,3,9,1,3,1
6765,96,44,100,0,3,9,1,3,1
6766,0,42,100,0,3,9,1,3,1
6767,5,40,100,0,3,9,1,3,1
6768,0,41,100,0,3,9,1,3,1
6769,97,45,100,0,3,9,1,3,1
6770,96,50,100,0,3,9,1,3,1
6771,95,55,100,0,3,9,1,3,1
6772,94,50,100,0,3,9,1,3,1
6773,93,45,100,0,3,9,1,3,1
6774,88,43,100,0,3,9,1,3,1
6775,83,41,100,0,3,9,1,3,1
6776,78,42,100,0,3,9,1,3,1
6777,82,46,100,0,3,9,1,3,1
6778,81,41,100,0,3,9,1,3,1
6779,86,39,100,0,3,9,1,3,1
6780,82,41,100,0,3,9,1,3,1
6781,79,45,100,0,3,9,1,3,1
6782,83,47,100,0,3,9,1,3,1
6783,80,43,100,0,3,9,1,3,1
6784,76,45,100,0,3,9,1,3,1
6785,81,46,100,0,3,9,1,3,1
6786,76,46,100,0,3,9,1,3,1
6787,78,41,100,0,3,9,1,3,1
6788,83,43,100,0,3,9,1,3,1
6789,80,47,100,0,3,9,1,3,1
6790,85,49,100,0,0,10,0,0,0
6791,81,52,100,0,3,10,1,3,1
6792,76,52,100,0,3,10,1,3,1
6793,80,55,100,0,3,10,1,3,1
6794,79,50,100,0,3,10,1,3,1
6795,74,50,100,0,0,11,0,0,0
6796,73,45,100,0,3,11,1,3,1
6797,72,50,100,0,3,11,1,3,1
6798,68,54,100,0,3,11,1,3,1
6799,70,58,100,0,3,11,1,3,1
6800,75,60,100,0,2,11,1,2,1
6801,79,58,100,0,3,11,1,3,1
6802,76,54,100,0,3,11,1,3,1
6803,81,53,100,0,0,12,0,0,0
6804,82,48,100,0,3,12,1,3,1
6805,84,44,100,0,3,12,1,3,1
6806,80,41,100,0,3,12,1,3,1
6807,84,39,100,0,3,11,2,3,1
6808,88,36,100,0,3,10,2,3,1
6809,92,40,100,0,3,10,1,3,1
6810,95,44,100,0,3,9,2,3,1
6811,94,49,100,0,3,9,1,3,1
6812,99,49,100,0,3,9,1,3,1
6813,99,44,100,0,3,9,1,3,1
6814,95,42,100,0,3,9,1,3,1
6815,90,40,100,0,3,9,1,3,1
6816,86,37,100,0,3,9,1,3,1
6817,91,36,100,0,0,10,0,0,0
6818,91,41,100,0,3,10,1,3,1
6819,96,41,100,0,2,9,2,2,1
6820,92,43,100,0,3,9,1,3,1
6821,87,44,100,0,3,9,1,3,1
6822,91,41,100,0,3,9,1,3,1
6823,95,44,100,0,3,9,1,3,1
6824,92,40,100,0,3,9,1,3,1
6825,95,44,100,0,3,9,1,3,1
6826,100,42,100,0,3,9,1,3,1
6827,5,44,100,0,3,9,1,3,1
6828,8,40,100,0,3,9,1,3,1
6829,6,35,100,0,3,9,1,3,1
6830,9,32,100,0,3,9,1,3,1
6831,8,27,100,0,3,9,1,3,1
6832,11,23,100,0,0,10,0,0,0
6833,12,18,100,0,3,8,3,3,1
6834,13,23,100,0,3,8,1,3,1
6835,18,24,100,0,0,9,0,0,0
6836,14,22,100,0,5,9,1,5,1
6837,16,26,100,0,0,10,0,0,0
6838,19,30,100,0,0,11,0,0,0
6839,18,25,100,0,3,10,2,3,1
6840,15,22,100,0,3,9,2,3,1
6841,10,22,100,0,0,10,0,0,0
6842,7,26,95,5,6,10,1,6,1
6843,9,21,100,10,8,9,1,8,1
6844,12,25,95,15,6,9,1,6,1
6845,14,30,100,10,3,7,3,3,1
6846,15,25,100,5,3,7,1,3,1
6847,20,27,100,5,0,8,0,0,0
6848,24,25,100,0,2,7,2,2,1
6849,25,30,95,5,6,7,1,6,1
6850,22,26,90,10,6,7,1,6,1
6851,21,31,90,10,0,8,0,0,0
6852,19,26,85,15,6,8,1,6,1
6853,16,31,80,20,6,8,1,6,1
6854,17,36,80,20,0,9,0,0,0
6855,21,38,75,25,6,9,1,6,1
6856,23,43,75,25,0,10,0,0,0
6857,19,39,70,30,6,10,1,6,1
6858,16,36,65,35,6,10,1,6,1
6859,21,36,60,40,6,9,2,6,1
6860,20,31,55,45,6,9,1,6,1
6861,18,27,50,50,6,9,1,6,1
6862,17,22,50,55,7,9,1,7,1
6863,13,25,45,60,6,9,1,6,1
6864,8,22,40,65,6,9,1,6,1
6865,8,17,45,60,3,9,1,3,1
6866,8,12,40,65,6,9,1,6,1
6867,8,7,35,70,6,9,1,6,1
6868,7,2,30,75,6,9,1,6,1
6869,3,4,25,80,6,9,1,6,1
6870,98,1,20,85,6,9,1,6,1
6871,2,98,20,85,0,10,0,0,0
6872,97,99,15,90,6,10,1,6,1
6873,93,1,10,95,6,10,1,6,1
6874,92,96,10,95,0,11,0,0,0
6875,87,96,10,95,0,12,0,0,0
6876,87,1,5,100,6,12,1,6,1
6877,82,2,5,100,0,13,0,0,0
6878,78,1,10,100,5,11,2,5,1
6879,76,96,10,100,0,12,0,0,0
6880,74,92,5,100,6,12,1,6,1
6881,76,87,5,100,0,12,0,0,0
6882,71,87,10,95,3,12,1,3,1
6883,66,89,15,90,3,12,1,3,1
6884,71,88,20,85,3,11,2,3,1
6885,70,92,25,80,3,11,1,3,1
6886,65,94,30,75,3,10,2,3,1
6887,64,99,20,85,6,9,2,6,2
6888,60,95,15,85,4,9,1,4,1
6889,61,0,10,90,6,8,2,6,1
6890,62,95,10,90,0,8,0,0,0
6891,67,98,5,90,4,8,1,4,1
6892,71,100,0,95,6,8,1,6,1
6893,76,2,0,95,0,9,0,0,0
6894,71,4,0,100,6,9,1,6,1
6895,75,7,5,95,3,9,1,3,1
6896,70,8,5,95,0,10,0,0,0
6897,72,13,0,100,6,10,1,6,1
6898,76,16,0,95,1,10,1,1,1
6899,79,12,0,100,6,10,1,6,1
6900,79,17,5,95,3,10,1,3,1
6901,76,21,5,95,0,11,0,0,0
6902,75,16,0,100,6,11,1,6,1
6903,72,12,5,95,3,10,2,3,1
6904,67,10,0,100,6,10,1,6,1
6905,68,15,0,100,6,10,1,6,1
6906,67,20,0,100,6,9,2,6,1
6907,68,25,0,100,0,10,0,0,0
6908,64,22,0,100,6,10,1,6,1
6909,64,27,0,100,6,10,1,6,1
6910,66,23,0,100,0,11,0,0,0
6911,65,28,0,100,0,12,0,0,0
6912,62,31,0,100,0,13,0,0,0
6913,60,36,0,100,0,14,0,0,0
6914,56,33,0,100,6,14,1,6,1
6915,52,35,0,100,4,13,2,4,1
6916,48,33,0,100,6,12,2,6,2
6917,51,29,0,100,0,13,0,0,0
6918,55,25,0,100,0,14,0,0,0
6919,54,30,0,100,0,15,0,0,0
6920,51,34,0,100,4,14,2,4,1
6921,52,29,0,100,6,14,1,6,1
6922,53,24,0,100,6,14,1,6,1
6923,56,28,0,100,4,13,2,4,1
6924,56,23,0,100,6,13,1,6,1
6925,52,25,0,100,6,12,2,6,1
6926,49,29,0,100,6,12,1,6,1
6927,52,25,0,100,0,13,0,0,0
6928,50,30,0,100,6,13,1,6,1
6929,46,33,10,100,8,11,3,8,2
6930,41,34,10,100,0,12,0,0,0
6931,38,30,10,100,0,13,0,0,0
6932,33,31,20,100,8,10,4,8,2
6933,30,35,15,100,6,10,1,6,1
6934,26,32,15,100,0,11,0,0,0
6935,31,34,10,100,6,11,1,6,1
6936,27,37,15,100,8,11,1,8,1
6937,23,34,10,95,1,10,2,1,1
6938,28,35,10,95,0,11,0,0,0
6939,23,37,10,90,2,10,2,2,1
6940,27,33,10,85,2,8,3,2,1
6941,26,38,5,90,6,8,1,6,1
6942,21,35,5,90,0,9,0,0,0
6943,17,34,5,90,0,10,0,0,0
6944,17,39,0,90,4,9,2,4,1
6945,18,34,0,85,2,9,1,2,1
6946,13,35,0,85,0,10,0,0,0
6947,18,34,0,85,0,11,0,0,0
6948,14,30,0,90,6,10,2,6,1
6949,18,27,0,90,0,11,0,0,0
6950,22,28,0,85,2,11,1,2,1
6951,24,23,0,90,6,11,1,6,1
6952,28,26,0,95,6,11,1,6,1
6953,27,31,0,90,2,9,3,2,1
6954,30,34,0,90,0,10,0,0,0
6955,31,29,5,95,8,10,1,8,1
6956,35,26,0,95,4,10,1,4,1
6957,30,27,0,100,6,10,1,6,1
6958,28,31,0,100,6,9,2,6,2
6959,33,31,0,100,6,8,2,6,2
6960,35,35,0,100,6,8,1,6,1
6961,39,33,0,100,6,8,1,6,1
6962,35,36,0,100,6,8,1,6,1
6963,30,36,0,100,6,8,1,6,1
6964,29,41,0,100,6,8,1,6,1
6965,31,36,0,100,6,8,1,6,1
6966,34,40,0,100,6,8,1,6,1
6967,35,44,0,100,0,9,0,0,0
6968,40,46,0,95,2,9,1,2,1
6969,43,42,0,100,6,8,2,6,2
6970,38,40,0,100,6,7,2,6,2
6971,42,43,0,100,6,6,2,6,1
6972,43,39,0,100,6,6,1,6,1
6973,48,38,0,100,7,6,1,7,1
6974,51,42,0,100,0,7,0,0,0
6975,47,40,0,100,7,7,1,7,1
6976,51,36,0,100,6,7,1,6,1
6977,47,32,0,100,7,7,1,7,1
6978,52,35,0,100,6,7,1,6,1
6979,49,39,0,100,7,7,1,7,1
6980,47,43,0,100,6,6,2,6,1
6981,51,41,0,100,0,7,0,0,0
6982,49,46,0,100,7,7,1,7,1
6983,44,48,0,100,7,7,1,7,1
6984,49,49,0,100,6,6,2,6,1
6985,53,52,0,100,7,6,1,7,1
6986,51,47,0,100,7,6,1,7,1
6987,49,52,0,100,7,6,1,7,1
6988,53,54,0,100,7,6,1,7,1
6989,57,51,0,100,7,6,1,7,1
6990,57,46,0,100,0,7,0,0,0
6991,56,41,5,100,8,7,1,8,1
6992,56,36,0,100,6,6,2,6,1
6993,56,41,0,100,0,7,0,0,0
6994,56,36,0,100,7,6,2,7,1
6995,60,35,0,100,7,6,1,7,1
6996,64,38,0,100,7,6,1,7,1
6997,66,33,0,100,0,7,0,0,0
6998,63,30,0,100,7,6,2,7,1
6999,68,30,0,100,7,6,1,7,1
7000,71,34,0,100,7,6,1,7,1
7001,73,29,0,100,0,7,0,0,0
7002,74,34,0,100,6,6,2,6,1
7003,78,36,0,100,0,7,0,0,0
7004,81,32,0,100,7,7,1,7,1
7005,83,36,0,100,0,8,0,0,0
7006,80,40,0,100,6,8,1,6,1
7007,83,44,5,100,8,8,1,8,1
7008,86,47,10,100,5,6,3,5,1
7009,90,44,10,100,7,6,1,7,1
7010,86,42,5,100,6,5,2,6,1
7011,91,41,5,100,0,6,0,0,0
7012,87,38,5,100,0,7,0,0,0
7013,87,43,0,100,6,7,1,6,1
7014,86,48,0,100,7,7,1,7,1
7015,88,43,0,100,7,7,1,7,1
7016,84,45,0,100,0,8,0,0,0
7017,81,41,5,100,5,7,2,5,1
7018,82,46,0,100,6,6,2,6,1
7019,77,47,0,100,0,7,0,0,0
7020,77,42,0,100,6,6,2,6,1
7021,80,46,0,100,6,6,1,6,1
7022,76,49,0,100,0,7,0,0,0
7023,71,50,0,100,6,6,2,6,1
7024,73,55,0,100,6,6,1,6,1
7025,78,56,0,100,6,6,1,6,1
7026,76,51,0,100,6,6,1,6,1
7027,77,46,0,100,6,5,2,6,1
7028,72,49,0,100,6,5,1,6,1
7029,68,52,0,100,0,6,0,0,0
7030,70,47,0,100,7,6,1,7,1
7031,71,42,0,100,7,6,1,7,1
7032,70,47,0,100,7,6,1,7,1
7033,70,42,0,100,7,6,1,7,1
7034,72,37,0,100,6,6,1,6,1
7035,77,36,0,100,6,6,1,6,1
7036,77,41,10,100,8,5,2,8,2
7037,82,42,10,100,0,6,0,0,0
7038,82,37,15,100,8,6,1,8,1
7039,79,33,15,100,0,7,0,0,0
7040,75,30,15,100,7,6,2,7,1
7041,72,26,10,100,6,5,2,6,1
7042,74,21,10,100,0,6,0,0,0
7043,74,16,5,100,6,6,1,6,1
7044,76,12,0,100,6,6,1,6,1
7045,78,17,0,100,7,6,1,7,1
7046,82,18,0,100,0,7,0,0,0
7047,79,15,0,100,7,7,1,7,1
7048,76,18,0,100,0,8,0,0,0
7049,79,15,0,100,7,8,1,7,1
7050,84,14,0,100,6,7,2,6,1
7051,87,18,5,95,3,6,2,3,1
7052,86,23,5,100,7,5,2,7,1
7053,81,22,5,100,0,6,0,0,0
7054,76,20,0,100,6,6,1,6,1
7055,72,19,0,100,6,6,1,6,1
7056,69,23,0,100,0,7,0,0,0
7057,72,26,0,100,6,6,2,6,1
7058,68,24,0,100,0,7,0,0,0
7059,64,26,0,100,7,7,1,7,1
7060,60,30,0,100,6,7,1,6,1
7061,57,34,5,100,8,7,1,8,1
7062,62,35,5,100,7,7,1,7,1
7063,65,40,0,100,6,6,2,6,1
7064,66,35,0,100,6,5,2,6,1
7065,66,40,0,100,7,5,1,7,1
7066,61,41,0,100,0,6,0,0,0
7067,65,45,0,100,6,6,1,6,1
7068,68,41,0,100,7,6,1,7,1
7069,71,36,0,100,6,6,1,6,1
7070,70,31,0,100,6,6,1,6,1
7071,66,33,0,100,0,7,0,0,0
7072,67,28,0,100,6,6,2,6,1
7073,71,25,0,100,6,6,1,6,1
7074,66,25,0,100,0,7,0,0,0
7075,62,23,0,100,7,7,1,7,1
7076,57,24,0,100,7,7,1,7,1
7077,60,21,0,100,6,7,1,6,1
7078,62,26,0,100,6,6,2,6,1
7079,59,21,0,100,0,7,0,0,0
7080,64,22,0,100,6,7,1,6,1
7081,61,18,0,100,6,7,1,6,1
7082,65,22,0,100,6,7,1,6,1
7083,60,23,0,100,6,7,1,6,1
7084,55,22,0,100,6,7,1,6,1
7085,59,26,0,100,6,7,1,6,1
7086,60,21,0,100,6,6,2,6,2
7087,63,25,0,100,7,6,1,7,1
7088,60,29,0,100,0,7,0,0,0
7089,64,31,0,100,7,7,1,7,1
7090,64,36,0,100,7,7,1,7,1
7091,66,41,0,100,4,7,1,4,1
7092,62,44,0,100,6,6,2,6,1
7093,63,39,0,100,6,6,1,6,1
7094,58,39,0,100,6,6,1,6,1
7095,62,38,0,100,6,5,2,6,1
7096,61,43,0,100,0,6,0,0,0
7097,63,38,0,100,0,7,0,0,0
7098,59,35,0,100,6,6,2,6,1
7099,63,38,0,100,7,6,1,7,1
7100,66,42,0,100,6,6,1,6,1
7101,64,47,0,100,6,5,2,6,1
7102,60,44,5,100,8,5,1,8,1
7103,59,39,5,100,7,5,1,7,1
7104,58,34,5,100,0,6,0,0,0
7105,55,30,0,100,6,6,1,6,1
7106,52,34,0,100,0,7,0,0,0
7107,56,31,0,100,6,7,1,6,1
7108,52,34,0,100,6,7,1,6,1
7109,55,30,0,100,6,6,2,6,1
7110,56,25,0,100,7,6,1,7,1
7111,51,24,0,100,0,7,0,0,0
7112,55,27,0,100,6,7,1,6,1
7113,53,31,0,100,7,7,1,7,1
7114,55,27,0,100,7,7,1,7,1
7115,59,29,0,100,6,6,2,6,1
7116,64,27,0,100,7,6,1,7,1
7117,67,23,0,100,0,7,0,0,0
7118,65,28,0,100,7,7,1,7,1
7119,69,31,0,95,2,5,3,2,1
7120,64,34,0,95,0,6,0,0,0
7121,60,37,0,100,6,6,1,6,1
7122,61,32,0,100,0,7,0,0,0
7123,65,35,0,100,6,7,1,6,1
7124,60,35,0,100,6,6,2,6,1
7125,63,32,0,100,0,7,0,0,0
7126,59,33,0,100,7,7,1,7,1
7127,54,35,0,100,6,6,2,6,1
7128,57,31,0,100,6,5,2,6,1
7129,55,27,5,100,8,5,1,8,1
7130,60,26,5,100,0,6,0,0,0
7131,55,27,0,100,6,5,2,6,1
7132,59,29,0,100,0,6,0,0,0
7133,57,34,0,100,7,6,1,7,1
7134,61,36,0,100,7,6,1,7,1
7135,61,31,0,100,7,6,1,7,1
7136,56,30,5,100,8,6,1,8,1
7137,54,26,5,100,7,6,1,7,1
7138,59,28,0,100,6,6,1,6,1
7139,54,28,0,100,6,5,2,6,1
7140,51,23,0,100,7,5,1,7,1
7141,46,25,0,100,0,6,0,0,0
7142,46,30,0,100,6,6,1,6,1
7143,47,35,0,100,6,5,2,6,1
7144,52,34,0,100,7,5,1,7,1
7145,57,33,5,100,8,5,1,8,1
7146,54,37,5,100,7,5,1,7,1
7147,49,38,0,100,6,5,1,6,1
7148,54,40,0,100,0,6,0,0,0
7149,50,43,0,100,6,5,2,6,1
7150,45,43,0,100,7,5,1,7,1
7151,49,46,0,100,7,5,1,7,1
7152,45,47,0,100,0,6,0,0,0
7153,40,47,0,100,6,5,2,6,1
7154,35,48,0,100,0,6,0,0,0
7155,40,48,0,100,6,5,2,6,1
7156,39,43,0,100,7,5,1,7,1
7157,37,47,0,100,0,6,0,0,0
7158,39,42,0,100,6,5,2,6,1
7159,36,38,0,100,7,5,1,7,1
7160,32,41,0,100,7,5,1,7,1
7161,35,37,0,100,0,6,0,0,0
7162,36,42,0,100,6,5,2,6,1
7163,39,38,0,100,0,6,0,0,0
7164,42,34,0,100,6,6,1,6,1
7165,37,32,0,100,6,6,1,6,1
7166,33,29,0,100,0,7,0,0,0
7167,37,26,0,100,6,7,1,6,1
7168,39,21,0,100,6,6,2,6,1
7169,36,17,0,100,7,6,1,7,1
7170,34,12,0,100,0,7,0,0,0
7171,34,17,0,100,6,7,1,6,1
7172,38,21,0,100,4,6,2,4,1
7173,42,18,0,100,0,7,0,0,0
7174,43,23,0,100,0,8,0,0,0
7175,47,26,0,100,6,7,2,6,1
7176,46,30,5,100,8,7,1,8,1
7177,42,31,0,100,6,7,1,6,1
7178,46,34,5,100,8,7,1,8,1
7179,48,38,0,100,6,7,1,6,1
7180,45,42,0,100,7,7,1,7,1
7181,46,37,0,100,6,6,2,6,1
7182,45,33,0,100,6,6,1,6,1
7183,47,28,0,100,7,6,1,7,1
7184,44,24,0,100,0,7,0,0,0
7185,39,22,0,100,6,7,1,6,1
7186,39,27,5,100,8,7,1,8,1
7187,41,22,5,100,7,7,1,7,1
7188,36,20,5,100,0,8,0,0,0
7189,36,25,5,100,7,8,1,7,1
7190,39,29,5,100,0,9,0,0,0
7191,34,30,10,100,8,9,1,8,1
7192,30,34,15,100,8,9,1,8,1
7193,31,29,20,100,8,9,1,8,1
7194,31,34,25,95,3,8,2,3,1
7195,35,31,30,100,8,8,1,8,1
7196,33,35,35,100,8,8,1,8,1
7197,35,40,35,95,2,7,2,2,1
7198,39,42,35,95,0,8,0,0,0
7199,35,45,30,100,6,8,1,6,1
7200,33,41,25,100,6,8,1,6,1
7201,31,45,30,100,8,8,1,8,1
7202,27,48,30,100,0,9,0,0,0
7203,29,43,35,100,8,9,1,8,1
7204,34,45,30,100,6,9,1,6,1
7205,36,41,30,100,0,10,0,0,0
7206,35,46,30,100,7,10,1,7,1
7207,39,48,25,100,6,10,1,6,1
7208,35,45,30,100,8,10,1,8,1
7209,39,42,35,100,8,10,1,8,1
7210,34,43,40,100,8,10,1,8,1
7211,36,48,35,100,6,10,1,6,1
7212,40,51,35,100,0,11,0,0,0
7213,36,48,40,100,5,9,3,5,1
7214,31,47,35,100,4,8,2,4,1
7215,35,44,30,100,6,8,1,6,1
7216,35,49,30,100,7,8,1,7,1
7217,40,48,25,100,6,8,1,6,1
7218,36,44,30,100,5,8,1,5,1
7219,32,46,35,100,5,8,1,5,1
7220,30,42,30,100,6,7,2,6,1
7221,31,47,30,100,0,8,0,0,0
7222,26,49,35,100,8,8,1,8,1
7223,25,54,40,100,8,8,1,8,1
7224,30,51,45,100,8,8,1,8,1
7225,32,47,40,100,6,7,2,6,1
7226,35,43,45,100,5,7,1,5,1
7227,38,39,45,100,0,8,0,0,0
7228,33,36,50,100,5,8,1,5,1
7229,33,41,50,100,7,7,2,7,1
7230,31,46,55,100,5,7,1,5,1
7231,26,46,55,100,0,8,0,0,0
7232,24,50,50,100,6,8,1,6,1
7233,29,48,45,100,6,7,2,6,1
7234,30,53,50,100,5,5,2,5,1
7235,34,56,55,100,5,5,1,5,1
7236,39,56,55,100,0,6,0,0,0
7237,40,61,55,100,0,7,0,0,0
7238,35,58,50,100,4,7,1,4,1
7239,40,56,45,100,6,7,1,6,1
7240,44,59,50,100,5,7,1,5,1
7241,44,54,50,100,0,8,0,0,0
7242,47,57,45,100,6,8,1,6,1
7243,50,61,45,100,0,9,0,0,0
7244,47,57,45,100,0,10,0,0,0
7245,52,57,50,100,8,10,1,8,1
7246,55,60,55,100,5,10,1,5,1
7247,52,56,50,100,6,9,2,6,1
7248,55,60,55,100,5,8,1,5,1
7249,59,57,60,100,5,8,1,5,1
7250,63,54,65,100,5,8,1,5,1
7251,58,53,70,100,5,8,1,5,1
7252,61,58,75,100,5,8,1,5,1
7253,56,58,75,100,0,9,0,0,0
7254,59,62,70,100,6,9,1,6,1
7255,55,65,65,100,6,9,1,6,1
7256,53,70,60,100,6,8,2,6,1
7257,51,66,65,100,8,8,1,8,1
7258,46,67,70,100,8,8,1,8,1
7259,48,71,70,100,0,9,0,0,0
7260,46,67,75,100,5,9,1,5,1
7261,43,71,80,100,5,8,2,5,1
7262,38,72,80,100,0,9,0,0,0
7263,40,76,85,100,5,9,1,5,1
7264,42,72,90,100,5,9,1,5,1
7265,39,68,95,100,5,9,1,5,1
7266,40,73,95,100,0,10,0,0,0
7267,37,76,90,100,4,10,1,4,1
7268,36,72,95,100,5,9,2,5,1
7269,37,67,100,100,5,9,1,5,1
7270,40,71,100,100,0,10,0,0,0
7271,45,73,95,95,1,9,2,1,1
7272,47,69,90,90,1,7,3,1,1
7273,46,73,90,90,0,8,0,0,0
7274,48,69,95,90,5,8,1,5,1
7275,50,73,100,90,5,8,1,5,1
7276,55,73,100,90,0,9,0,0,0
7277,60,72,100,90,0,10,0,0,0
7278,62,67,100,90,5,9,2,5,1
7279,60,71,100,90,0,10,0,0,0
7280,64,69,100,85,3,8,3,3,1
7281,65,73,100,80,3,8,1,3,1
7282,69,77,100,80,0,9,0,0,0
7283,64,78,100,75,3,7,3,3,1
7284,64,83,100,75,5,7,1,5,1
7285,59,81,100,70,3,7,1,3,1
7286,55,83,100,65,3,7,1,3,1
7287,57,78,100,65,5,7,1,5,1
7288,61,81,100,60,3,7,1,3,1
7289,57,84,100,55,3,7,1,3,1
7290,62,84,100,50,3,7,1,3,1
7291,65,88,100,50,0,8,0,0,0
7292,60,89,100,45,2,8,1,2,1
7293,55,90,100,45,0,9,0,0,0
7294,55,95,100,40,3,9,1,3,1
7295,52,91,100,40,0,10,0,0,0
7296,51,86,100,35,3,9,2,3,1
7297,47,89,100,35,0,10,0,0,0
7298,51,92,100,30,3,9,2,3,1
7299,46,94,100,25,3,9,1,3,1
7300,43,90,100,20,2,8,2,2,1
7301,40,94,100,20,0,9,0,0,0
7302,45,92,100,15,3,9,1,3,1
7303,44,97,100,15,0,10,0,0,0
7304,41,93,100,10,3,10,1,3,1
7305,44,89,90,0,1,9,2,1,2
7306,47,93,95,0,3,8,1,3,1
7307,47,88,95,0,0,9,0,0,0
7308,46,93,95,0,0,9,0,0,0
7309,42,90,100,0,3,9,1,3,1
7310,37,90,100,0,3,8,2,3,1
7311,32,89,100,0,0,9,0,0,0
7312,37,91,100,0,3,9,1,3,1
7313,37,86,100,0,0,10,0,0,0
7314,35,81,100,0,3,10,1,3,1
7315,35,76,100,0,3,8,3,3,1
7316,33,72,100,0,3,8,1,3,1
7317,37,69,100,0,3,8,1,3,1
7318,32,69,100,0,0,9,0,0,0
7319,35,73,100,0,3,9,1,3,1
7320,34,68,100,0,0,10,0,0,0
7321,29,70,100,0,0,11,0,0,0
7322,25,72,100,0,3,9,3,3,2
7323,26,67,100,0,2,9,1,2,1
7324,21,68,100,0,3,9,1,3,1
7325,16,66,100,0,3,9,1,3,1
7326,21,64,100,0,3,9,1,3,1
7327,26,64,100,0,3,9,1,3,1
7328,27,69,100,0,3,9,1,3,1
7329,23,65,95,0,1,8,2,1,1
7330,22,60,100,0,3,8,1,3,1
7331,27,61,100,0,3,8,1,3,1
7332,23,58,95,5,6,8,1,6,1
7333,21,62,100,0,3,8,1,3,1
7334,26,63,100,0,3,8,1,3,1
7335,30,65,100,0,3,8,1,3,1
7336,26,63,100,0,0,9,0,0,0
7337,31,62,100,0,3,9,1,3,1
7338,34,66,100,0,3,8,2,3,1
7339,34,61,100,0,3,8,1,3,1
7340,38,64,100,0,0,9,0,0,0
7341,39,59,100,0,3,9,1,3,1
7342,36,64,100,0,3,8,2,3,2
7343,31,62,100,0,3,8,1,3,1
7344,30,66,100,0,3,8,1,3,1
7345,33,70,100,0,3,8,1,3,1
7346,30,66,100,0,0,9,0,0,0
7347,35,65,100,0,3,9,1,3,1
7348,31,68,100,0,0,10,0,0,0
7349,31,63,100,0,3,10,1,3,1
7350,33,67,100,0,3,10,1,3,1
7351,28,68,100,0,0,11,0,0,0
7352,23,67,100,0,3,9,3,3,2
7353,28,69,100,0,3,8,2,3,2
7354,23,69,100,0,3,7,2,3,2
7355,24,74,100,0,3,7,1,3,1
7356,29,76,100,0,3,7,1,3,1
7357,31,80,100,0,3,7,1,3,1
7358,35,78,100,0,3,7,1,3,1
7359,32,81,100,0,3,7,1,3,1
7360,37,83,100,0,3,7,1,3,1
7361,39,88,100,0,3,7,1,3,1
7362,34,89,100,0,3,7,1,3,1
7363,38,92,100,0,3,6,2,3,1
7364,33,90,100,0,3,6,1,3,1
7365,32,95,100,0,3,6,1,3,1
7366,28,97,100,0,3,6,1,3,1
7367,31,94,100,0,3,6,1,3,1
7368,33,89,100,0,3,6,1,3,1
7369,32,84,100,0,0,7,0,0,0
7370,30,80,100,0,3,7,1,3,1
7371,32,75,100,0,3,7,1,3,1
7372,36,77,100,0,3,6,2,3,1
7373,38,72,100,0,0,7,0,0,0
7374,40,68,100,0,3,7,1,3,1
7375,37,71,100,0,3,7,1,3,1
7376,34,75,100,0,3,7,1,3,1
7377,31,71,100,0,3,7,1,3,1
7378,29,67,100,0,3,7,1,3,1
7379,26,62,100,0,3,7,1,3,1
7380,22,61,100,0,3,7,1,3,1
7381,27,60,100,0,3,7,1,3,1
7382,25,64,100,0,0,8,0,0,0
7383,28,68,100,0,3,8,1,3,1
7384,33,67,95,0,1,7,2,1,1
7385,37,64,100,0,3,6,2,3,2
7386,38,59,100,0,0,7,0,0,0
7387,39,54,100,0,3,7,1,3,1
7388,44,53,100,0,3,7,1,3,1
7389,49,51,100,0,3,7,1,3,1
7390,44,52,100,0,3,7,1,3,1
7391,48,49,100,0,3,7,1,3,1
7392,46,44,100,0,3,7,1,3,1
7393,45,39,100,0,3,7,1,3,1
7394,41,38,100,0,3,7,1,3,1
7395,37,41,100,0,3,7,1,3,1
7396,33,45,100,0,3,7,1,3,1
7397,28,44,100,0,3,7,1,3,1
7398,32,41,100,0,3,7,1,3,1
7399,31,46,100,0,3,7,1,3,1
7400,26,46,100,0,3,6,2,3,2
7401,21,47,100,0,3,6,1,3,1
7402,20,52,100,0,0,7,0,0,0
7403,17,56,100,0,3,6,1,3,1
7404,19,51,100,0,0,7,0,0,0
7405,16,47,100,0,3,7,1,3,1
7406,16,52,100,0,3,7,1,3,1
7407,21,53,100,0,3,7,1,3,1
7408,17,51,100,0,3,7,1,3,1
7409,16,46,100,0,5,7,1,5,1
7410,19,42,100,0,0,8,0,0,0
7411,22,38,100,0,3,8,1,3,1
7412,21,43,100,0,3,8,1,3,1
7413,26,42,100,0,3,8,1,3,1
7414,28,37,100,0,3,8,1,3,1
7415,23,36,100,0,0,9,0,0,0
7416,23,41,100,0,3,9,1,3,1
7417,28,40,100,0,0,10,0,0,0
7418,27,45,100,0,3,10,1,3,1
7419,27,40,100,0,3,10,1,3,1
7420,32,40,100,0,3,10,1,3,1
7421,29,43,100,0,0,11,0,0,0
7422,29,38,95,0,1,10,2,1,1
7423,29,43,100,0,3,10,1,3,1
7424,32,47,95,0,1,9,2,1,1
7425,37,50,100,0,3,9,1,3,1
7426,32,49,100,0,3,9,1,3,1
7427,36,52,100,0,3,9,1,3,1
7428,41,50,100,0,3,8,1,3,1
7429,44,54,100,0,0,9,0,0,0
7430,42,59,95,0,1,8,2,1,1
7431,38,61,100,0,3,7,1,3,1
7432,38,66,100,0,3,7,1,3,1
7433,37,61,100,0,3,7,1,3,1
7434,41,57,100,0,3,7,1,3,1
7435,45,55,100,0,3,7,1,3,1
7436,45,60,100,0,3,7,1,3,1
7437,48,55,100,0,3,7,1,3,1
7438,52,58,100,0,0,8,0,0,0
7439,51,63,100,0,0,9,0,0,0
7440,47,65,100,0,3,9,1,3,1
7441,45,70,100,0,3,9,1,3,1
7442,40,71,100,0,3,9,1,3,1
7443,39,76,100,0,3,8,2,3,1
7444,37,72,100,0,3,7,2,3,2
7445,32,72,100,0,0,8,0,0,0
7446,27,73,100,0,3,8,1,3,1
7447,22,70,95,5,6,8,1,6,1
7448,17,71,90,10,6,8,1,6,1
7449,13,69,95,5,3,8,1,3,1
7450,14,74,100,0,3,8,1,3,1
7451,13,79,95,0,1,7,2,1,1
7452,15,74,90,0,1,7,1,1,1
7453,11,78,95,0,3,7,1,3,1
7454,6,78,100,0,3,7,1,3,1
7455,3,74,95,0,1,7,1,1,1
7456,8,76,95,0,0,8,0,0,0
7457,10,81,100,0,3,8,1,3,1
7458,5,81,100,0,3,8,1,3,1
7459,100,81,100,0,0,9,0,0,0
7460,0,86,100,0,3,9,1,3,1
7461,1,91,100,0,3,8,2,3,1
7462,96,93,100,0,0,9,0,0,0
7463,96,98,100,0,3,8,2,3,1
7464,98,3,95,0,4,7,1,4,1
7465,97,98,90,0,1,6,2,1,1
7466,93,100,95,0,3,5,2,3,1
7467,90,96,100,0,3,5,1,3,1
7468,94,98,100,0,0,6,0,0,0
7469,99,98,100,0,0,7,0,0,0
7470,4,96,100,0,0,8,0,0,0
7471,6,1,100,0,3,8,1,3,1
7472,7,6,100,0,3,8,1,3,1
7473,3,9,100,0,0,9,0,0,0
7474,4,14,100,0,3,9,1,3,1
7475,9,15,100,0,3,9,1,3,1
7476,11,19,100,0,3,8,2,3,1
7477,7,21,100,0,3,8,1,3,1
7478,9,17,100,0,3,7,1,3,1
7479,10,12,100,0,3,7,1,3,1
7480,11,17,100,0,3,7,1,3,1
7481,8,13,95,0,1,7,1,1,1
7482,5,8,100,0,3,7,1,3,1
7483,1,6,100,0,3,7,1,3,1
7484,5,10,100,0,3,7,1,3,1
7485,10,10,100,0,3,7,1,3,1
7486,9,5,100,0,0,8,0,0,0
7487,12,1,100,0,3,8,1,3,1
7488,10,6,100,0,3,8,1,3,1
7489,7,10,100,0,3,8,1,3,1
7490,6,14,100,0,3,6,2,3,2
7491,7,19,100,0,3,6,1,3,1
7492,2,19,100,0,0,7,0,0,0
7493,1,24,100,0,0,8,0,0,0
7494,5,27,95,5,6,8,1,6,1
7495,7,32,100,0,3,8,1,3,1
7496,5,36,100,0,2,7,2,2,1
7497,8,40,100,0,0,7,0,0,0
7498,13,40,100,0,3,7,1,3,1
7499,8,42,100,0,0,8,0,0,0
7500,8,37,100,0,3,8,1,3,1
7501,3,38,100,0,3,8,1,3,1
7502,7,35,100,0,3,8,1,3,1
7503,5,40,100,0,3,8,1,3,1
7504,6,45,100,0,3,7,1,3,1
7505,2,49,100,0,3,7,1,3,1
7506,98,51,100,0,0,8,0,0,0
7507,2,48,100,0,3,6,2,3,1
7508,98,51,100,0,0,7,0,0,0
7509,93,51,100,0,3,7,1,3,1
7510,93,56,100,0,3,7,1,3,1
7511,98,57,100,0,3,7,1,3,1
7512,1,61,100,0,3,6,1,3,1
7513,99,57,100,0,3,6,1,3,1
7514,94,55,100,0,3,6,1,3,1
7515,90,53,100,0,0,7,0,0,0
7516,95,52,100,0,3,7,1,3,1
7517,90,55,100,0,0,8,0,0,0
7518,87,58,95,0,1,7,2,1,1
7519,90,62,100,0,3,7,1,3,1
7520,89,66,100,0,0,8,0,0,0
7521,94,68,100,0,3,8,1,3,1
7522,90,71,100,0,3,8,1,3,1
7523,88,75,100,0,3,7,1,3,1
7524,84,72,100,0,3,7,1,3,1
7525,89,72,100,0,3,7,1,3,1
7526,94,74,100,0,3,7,1,3,1
7527,98,71,100,0,3,7,1,3,1
7528,97,76,100,0,2,7,1,2,1
7529,93,79,100,0,2,7,1,2,1
7530,97,81,100,0,3,7,1,3,1
7531,2,83,100,0,0,7,0,0,0
7532,1,88,100,0,0,8,0,0,0
7533,6,90,100,0,3,8,1,3,1
7534,6,85,100,0,3,7,2,3,1
7535,7,90,100,0,0,8,0,0,0
7536,12,89,100,0,0,9,0,0,0
7537,16,91,100,0,3,9,1,3,1
7538,16,86,100,0,3,9,1,3,1
7539,12,88,100,0,3,9,1,3,1
7540,16,87,100,0,3,9,1,3,1
7541,17,92,100,0,3,9,1,3,1
7542,22,91,95,0,4,8,1,4,1
7543,17,91,100,0,3,8,1,3,1
7544,12,89,100,0,3,8,1,3,1
7545,11,84,100,0,3,8,1,3,1
7546,9,88,100,0,3,8,1,3,1
7547,4,90,100,0,3,8,1,3,1
7548,0,88,100,0,3,8,1,3,1
7549,1,83,100,0,3,8,1,3,1
7550,2,88,100,0,3,8,1,3,1
7551,99,83,100,0,3,8,1,3,1
7552,1,88,100,0,3,8,1,3,1
7553,96,88,100,0,3,8,1,3,1
7554,100,85,100,0,3,7,1,3,1
7555,99,80,100,0,3,7,1,3,1
7556,97,85,95,0,1,7,1,1,1
7557,2,83,100,0,3,6,1,3,1
7558,100,87,100,0,0,7,0,0,0
7559,95,87,100,0,3,6,2,3,2
7560,97,82,100,0,0,7,0,0,0
7561,1,85,100,0,3,6,1,3,1
7562,5,87,100,0,3,6,1,3,1
7563,10,89,100,0,0,6,0,0,0
7564,6,86,100,0,3,5,2,3,1
7565,9,89,100,0,0,6,0,0,0
7566,6,93,100,0,0,7,0,0,0
7567,9,90,100,0,3,7,1,3,1
7568,4,89,100,0,0,8,0,0,0
7569,9,88,95,0,1,8,1,1,1
7570,9,83,95,0,2,8,1,2,1
7571,8,88,100,0,3,8,1,3,1
7572,13,89,100,0,0,9,0,0,0
7573,9,92,100,0,0,10,0,0,0
7574,14,92,100,0,3,9,2,3,1
7575,18,90,100,0,3,8,2,3,1
7576,19,85,100,0,3,7,2,3,1
7577,15,87,100,0,3,6,2,3,1
7578,17,83,100,0,3,6,1,3,1
7579,22,86,100,0,0,7,0,0,0
7580,23,81,100,0,3,7,1,3,1
7581,19,77,100,0,3,6,2,3,1
7582,18,72,100,0,0,7,0,0,0
7583,18,77,100,0,3,7,1,3,1
7584,22,80,100,0,5,6,2,5,1
7585,23,75,100,0,0,7,0,0,0
7586,27,71,100,0,0,8,0,0,0
7587,30,75,100,0,0,9,0,0,0
7588,25,74,100,0,0,10,0,0,0
7589,28,78,100,0,3,9,2,3,1
7590,29,73,100,0,5,9,1,5,1
7591,34,72,100,0,0,10,0,0,0
7592,29,72,100,0,0,11,0,0,0
7593,34,73,100,5,7,11,1,7,1
7594,29,73,100,0,3,9,3,3,1
7595,34,74,100,0,3,9,1,3,1
7596,39,76,100,0,3,7,3,3,1
7597,43,79,100,0,5,7,1,5,1
7598,39,75,95,0,4,6,2,4,1
7599,36,71,95,0,0,6,0,0,0
7600,31,70,100,0,5,6,1,5,1
7601,36,71,100,0,5,6,1,5,1
7602,41,73,100,0,0,7,0,0,0
7603,37,70,100,0,0,8,0,0,0
7604,41,73,95,0,4,8,1,4,1
7605,37,70,100,0,3,7,2,3,1
7606,32,68,95,0,4,6,2,4,1
7607,32,63,100,0,5,6,1,5,1
7608,32,58,100,0,0,7,0,0,0
7609,32,63,100,0,3,6,2,3,1
7610,37,65,100,0,0,7,0,0,0
7611,38,60,100,0,5,7,1,5,1
7612,34,57,100,0,5,7,1,5,1
7613,29,57,100,0,5,7,1,5,1
7614,34,58,100,0,0,8,0,0,0
7615,29,56,100,0,5,7,2,5,1
7616,26,60,100,0,0,8,0,0,0
7617,23,64,100,0,3,7,2,3,1
7618,19,66,100,0,3,6,2,3,1
7619,21,71,100,0,5,6,1,5,1
7620,16,72,100,0,5,6,1,5,1
7621,16,77,100,0,0,6,0,0,0
7622,14,81,100,0,0,7,0,0,0
7623,19,81,100,0,5,7,1,5,1
7624,21,85,100,0,3,7,1,3,1
7625,26,87,100,0,3,6,2,3,1
7626,21,85,100,0,5,6,1,5,1
7627,25,82,100,0,5,6,1,5,1
7628,26,87,100,0,5,6,1,5,1
7629,23,91,100,0,5,6,1,5,1
7630,19,88,100,0,5,6,1,5,1
7631,18,83,100,0,5,6,1,5,1
7632,13,82,100,0,0,7,0,0,0
7633,11,78,100,0,5,7,1,5,1
7634,8,82,95,0,1,7,1,1,1
7635,6,77,95,0,0,8,0,0,0
7636,2,74,95,0,0,9,0,0,0
7637,7,74,100,0,3,8,2,3,1
7638,12,77,100,0,3,7,2,3,1
7639,9,72,100,0,3,6,2,3,1
7640,14,71,100,0,5,6,1,5,1
7641,10,74,100,0,5,6,1,5,1
7642,5,72,100,0,5,6,1,5,1
7643,6,67,100,0,5,6,1,5,1
7644,4,62,100,0,5,6,1,5,1
7645,0,59,100,0,5,6,1,5,1
7646,98,64,100,0,5,6,1,5,1
7647,3,63,100,0,3,6,1,3,1
7648,5,59,100,0,5,6,1,5,1
7649,8,63,100,5,7,6,1,7,1
7650,13,64,100,0,3,6,1,3,1
7651,11,69,100,0,5,6,1,5,1
7652,13,64,100,0,0,7,0,0,0
7653,14,69,100,0,5,7,1,5,1
7654,18,66,100,0,3,6,2,3,1
7655,23,66,100,0,5,6,1,5,1
7656,25,70,100,0,5,6,1,5,1
7657,22,74,100,0,5,6,1,5,1
7658,27,74,100,0,5,6,1,5,1
7659,22,72,100,0,5,6,1,5,1
7660,26,75,100,0,5,6,1,5,1
7661,21,76,100,0,5,6,1,5,1
7662,24,79,100,0,0,7,0,0,0
7663,20,82,100,0,5,7,1,5,1
7664,25,84,100,0,5,7,1,5,1
7665,24,89,100,0,5,7,1,5,1
7666,28,86,100,0,5,7,1,5,1
7667,23,88,95,0,1,6,2,1,1
7668,18,90,100,0,5,6,1,5,1
7669,23,92,100,0,5,6,1,5,1
7670,20,96,95,5,6,6,1,6,1
7671,16,93,90,10,6,6,1,6,1
7672,12,90,95,10,5,6,1,5,1
7673,11,95,95,10,0,7,0,0,0
7674,16,93,100,10,5,7,1,5,1
7675,21,93,100,10,5,6,2,5,1
7676,24,89,100,10,5,6,1,5,1
7677,29,89,100,10,5,6,1,5,1
7678,34,87,95,15,6,6,1,6,1
7679,29,86,85,25,6,5,2,6,2
7680,34,87,85,25,0,6,0,0,0
7681,33,82,80,30,6,6,1,6,1
7682,29,84,85,30,5,6,1,5,1
7683,25,88,80,35,6,6,1,6,1
7684,20,89,75,40,6,6,1,6,1
7685,23,93,70,45,6,6,1,6,1
7686,22,88,75,45,5,6,1,5,1
7687,24,93,80,45,5,6,1,5,1
7688,19,91,75,50,6,6,1,6,1
7689,20,86,70,55,6,6,1,6,1
7690,20,91,70,55,0,7,0,0,0
7691,18,86,65,60,6,7,1,6,1
7692,13,89,60,65,6,7,1,6,1
7693,12,94,55,70,6,7,1,6,1
7694,11,99,60,70,5,7,1,5,1
7695,8,2,65,70,5,7,1,5,1
7696,13,3,70,70,5,7,1,5,1
7697,13,7,65,75,6,7,1,6,1
7698,14,2,70,75,5,7,1,5,1
7699,11,7,65,80,6,7,1,6,1
7700,14,11,65,80,0,8,0,0,0
7701,19,10,65,80,0,9,0,0,0
7702,23,8,65,85,7,9,1,7,1
7703,28,8,70,85,5,9,1,5,1
7704,32,5,70,80,2,8,2,2,1
7705,35,1,75,80,5,8,1,5,1
7706,40,99,80,80,5,8,1,5,1
7707,36,96,75,85,6,7,2,6,1
7708,40,95,70,90,6,6,2,6,1
7709,38,100,65,95,6,6,1,6,1
7710,41,4,65,95,0,7,0,0,0
7711,42,99,55,100,6,6,2,6,2
7712,43,94,60,95,3,6,1,3,1
7713,38,96,60,95,0,7,0,0,0
7714,34,95,60,90,2,6,2,2,1
7715,29,95,65,90,5,6,1,5,1
7716,24,92,65,95,7,6,1,7,1
7717,19,92,60,100,6,5,2,6,1
7718,24,91,60,100,0,6,0,0,0
7719,20,89,65,100,5,6,1,5,1
7720,19,84,65,100,7,6,1,7,1
7721,14,83,70,100,5,6,1,5,1
7722,14,78,75,100,5,5,1,5,1
7723,11,82,80,100,5,5,1,5,1
7724,15,84,80,100,0,6,0,0,0
7725,10,84,75,95,1,6,1,1,1
7726,10,79,80,95,5,6,1,5,1
7727,15,77,85,95,5,6,1,5,1
7728,14,82,85,95,0,7,0,0,0
7729,19,80,85,95,0,8,0,0,0
7730,23,82,90,95,5,7,2,5,1
7731,24,87,90,95,0,8,0,0,0
7732,23,92,100,95,5,6,2,5,2
7733,18,93,95,100,6,6,1,6,1
7734,13,94,95,100,0,7,0,0,0
7735,14,89,95,100,7,7,1,7,1
7736,15,94,100,100,5,7,1,5,1
7737,13,89,100,100,5,7,1,5,1
7738,11,94,100,100,5,7,1,5,1
7739,8,90,95,100,6,7,1,6,1
7740,12,93,100,100,5,6,2,5,1
7741,17,91,100,100,5,5,2,5,2
7742,12,93,100,100,5,5,1,5,1
7743,15,97,95,100,6,5,1,6,1
7744,19,93,100,100,5,5,1,5,1
7745,17,89,100,100,5,5,1,5,1
7746,16,84,95,100,6,5,1,6,1
7747,20,81,100,100,5,5,1,5,1
7748,17,77,100,100,5,5,1,5,1
7749,14,73,95,100,6,5,1,6,1
7750,15,68,95,100,0,6,0,0,0
7751,17,73,100,100,5,6,1,5,1
7752,13,76,100,100,5,5,2,5,2
7753,16,72,100,100,5,5,1,5,1
7754,21,71,100,100,5,5,1,5,1
7755,26,69,95,100,6,5,1,6,1
7756,28,65,100,100,5,5,1,5,1
7757,26,69,100,100,5,5,1,5,1
7758,24,65,100,100,5,5,1,5,1
7759,19,66,100,100,5,5,1,5,1
7760,24,67,100,100,0,6,0,0,0
7761,24,72,100,100,5,5,2,5,2
7762,26,67,100,100,0,6,0,0,0
7763,25,62,100,100,5,6,1,5,1
7764,22,66,100,100,0,7,0,0,0
7765,22,61,100,100,5,6,2,5,2
7766,19,64,100,100,5,6,1,5,1
7767,21,68,100,100,5,6,1,5,1
7768,22,73,100,100,5,6,1,5,1
7769,22,78,100,100,0,7,0,0,0
7770,17,80,100,100,7,7,1,7,1
7771,21,77,100,100,5,6,2,5,2
7772,23,82,100,100,5,6,1,5,1
7773,28,83,100,100,0,7,0,0,0
7774,33,82,100,100,5,7,1,5,1
7775,37,79,100,100,7,7,1,7,1
7776,41,77,100,100,0,8,0,0,0
7777,40,82,100,100,5,7,2,5,2
7778,45,82,100,100,5,7,1,5,1
7779,50,84,100,100,5,7,1,5,1
7780,47,88,100,100,5,7,1,5,1
7781,51,86,100,100,5,7,1,5,1
7782,49,90,100,100,0,8,0,0,0
7783,45,87,100,100,5,8,1,5,1
7784,48,91,100,100,5,8,1,5,1
7785,43,92,100,100,5,8,1,5,1
7786,47,94,100,100,5,8,1,5,1
7787,47,99,100,100,5,8,1,5,1
7788,51,2,100,100,7,8,1,7,1
7789,50,7,95,100,4,7,2,4,1
7790,50,12,95,95,2,6,2,2,1
7791,54,15,100,95,5,5,2,5,2
7792,59,15,100,95,0,6,0,0,0
7793,60,20,100,95,0,7,0,0,0
7794,65,18,100,95,5,7,1,5,1
7795,69,16,100,95,5,7,1,5,1
7796,72,20,100,95,0,8,0,0,0
7797,77,23,100,95,5,8,1,5,1
7798,81,25,100,95,5,8,1,5,1
7799,86,27,100,95,5,8,1,5,1
7800,91,26,100,95,5,8,1,5,1
7801,90,31,100,95,5,8,1,5,1
7802,93,35,100,95,5,8,1,5,1
7803,98,34,100,95,5,8,1,5,1
7804,1,31,100,95,5,8,1,5,1
7805,96,32,100,95,0,9,0,0,0
7806,1,33,100,95,5,9,1,5,1
7807,99,38,100,95,5,9,1,5,1
7808,2,42,100,95,5,9,1,5,1
7809,98,39,100,95,5,8,2,5,2
7810,3,39,100,95,5,8,1,5,1
7811,1,35,100,95,5,8,1,5,1
7812,99,39,100,95,5,7,2,5,2
7813,97,34,100,95,5,7,1,5,1
7814,92,36,100,95,0,8,0,0,0
7815,89,32,100,95,0,9,0,0,0
7816,93,30,95,95,4,8,2,4,1
7817,88,31,95,95,0,9,0,0,0
7818,83,33,100,95,5,8,2,5,2
7819,88,30,100,95,0,9,0,0,0
7820,91,26,95,95,4,7,3,4,1
7821,87,22,100,95,5,7,1,5,1
7822,84,26,100,95,5,7,1,5,1
7823,79,26,100,95,0,8,0,0,0
7824,79,21,100,95,5,8,1,5,1
7825,74,21,100,95,5,7,2,5,1
7826,77,25,100,95,0,8,0,0,0
7827,74,29,100,100,8,8,1,8,1
7828,70,31,100,100,5,8,1,5,1
7829,70,36,100,100,0,9,0,0,0
7830,68,41,100,100,8,9,1,8,1
7831,63,41,100,100,0,10,0,0,0
7832,64,46,100,100,8,10,1,8,1
7833,69,46,100,95,2,8,2,2,1
7834,74,45,100,95,5,8,1,5,1
7835,71,48,100,90,2,6,3,2,1
7836,69,43,100,90,5,6,1,5,1
7837,70,48,100,95,8,6,1,8,1
7838,74,51,100,95,5,6,1,5,1
7839,69,49,100,95,0,7,0,0,0
7840,70,44,100,95,5,7,1,5,1
7841,70,39,100,95,5,6,2,5,1
7842,75,40,100,95,5,6,1,5,1
7843,79,43,100,95,5,6,1,5,1
7844,81,48,100,95,0,7,0,0,0
7845,86,46,100,95,5,7,1,5,1
7846,84,51,100,95,5,7,1,5,1
7847,79,49,100,95,5,7,1,5,1
7848,83,47,100,95,0,8,0,0,0
7849,79,50,100,95,0,9,0,0,0
7850,77,46,100,95,0,10,0,0,0
7851,82,44,100,95,5,8,3,5,2
7852,87,44,100,95,5,8,1,5,1
7853,84,40,100,95,5,8,1,5,1
7854,84,45,100,95,5,7,2,5,2
7855,89,48,100,95,0,8,0,0,0
7856,93,46,95,95,4,8,1,4,1
7857,97,42,95,95,0,9,0,0,0
7858,92,44,100,95,5,9,1,5,1
7859,89,48,100,95,0,10,0,0,0
7860,85,45,100,95,5,10,1,5,1
7861,89,49,100,95,5,8,3,5,2
7862,87,44,95,95,4,7,2,4,1
7863,86,49,95,95,0,8,0,0,0
7864,89,53,95,95,0,9,0,0,0
7865,94,53,100,95,5,8,2,5,1
7866,99,51,100,95,5,8,1,5,1
7867,2,55,95,95,4,8,1,4,1
7868,99,59,100,95,5,6,2,5,2
7869,99,54,100,95,0,7,0,0,0
7870,2,58,100,95,5,7,1,5,1
7871,7,58,100,95,5,7,1,5,1
7872,3,62,100,100,7,7,1,7,1
7873,4,57,100,100,0,8,0,0,0
7874,1,52,95,100,4,8,1,4,1
7875,5,55,95,100,0,9,0,0,0
7876,10,55,95,100,0,10,0,0,0
7877,12,59,90,95,1,9,2,1,1
7878,7,57,85,90,1,8,2,1,1
7879,6,62,90,90,5,8,1,5,1
7880,2,59,95,90,5,8,1,5,1
7881,1,64,100,90,5,8,1,5,1
7882,0,59,95,90,4,7,2,4,1
7883,98,55,100,90,5,7,1,5,1
7884,0,59,100,90,5,7,1,5,1
7885,96,58,100,90,0,8,0,0,0
7886,94,63,100,85,2,8,1,2,1
7887,97,66,100,85,5,8,1,5,1
7888,95,71,100,85,5,8,1,5,1
7889,90,69,95,80,1,8,1,1,1
7890,88,65,90,75,1,7,2,1,1
7891,92,67,95,75,5,7,1,5,1
7892,95,71,100,75,5,7,1,5,1
7893,100,72,100,75,5,7,1,5,1
7894,5,72,100,75,5,7,1,5,1
7895,10,71,100,75,5,7,1,5,1
7896,5,70,95,75,4,6,2,4,1
7897,10,70,100,75,5,6,1,5,1
7898,6,73,100,75,5,6,1,5,1
7899,2,71,100,75,5,6,1,5,1
7900,6,69,100,75,0,7,0,0,0
7901,11,70,100,75,5,7,1,5,1
7902,9,75,100,75,5,7,1,5,1
7903,5,76,100,75,5,7,1,5,1
7904,7,81,100,75,5,7,1,5,1
7905,5,86,100,75,5,7,1,5,1
7906,8,82,100,75,5,7,1,5,1
7907,3,80,100,75,5,7,1,5,1
7908,1,76,100,75,5,7,1,5,1
7909,99,71,100,75,5,7,1,5,1
7910,2,76,100,75,5,7,1,5,1
7911,6,73,100,75,5,7,1,5,1
7912,11,72,100,75,5,7,1,5,1
7913,10,67,100,75,5,7,1,5,1
7914,13,62,100,80,7,7,1,7,1
7915,10,58,100,80,5,7,1,5,1
7916,6,55,100,80,5,7,1,5,1
7917,7,60,100,80,0,8,0,0,0
7918,4,64,100,80,5,8,1,5,1
7919,7,68,100,80,5,8,1,5,1
7920,9,64,100,75,3,7,2,3,1
7921,11,68,100,75,5,7,1,5,1
7922,12,73,100,75,5,7,1,5,1
7923,17,72,100,75,5,7,1,5,1
7924,20,76,100,75,5,6,2,5,2
7925,24,79,100,75,0,7,0,0,0
7926,29,78,100,75,5,7,1,5,1
7927,24,77,100,75,0,8,0,0,0
7928,29,77,100,75,5,8,1,5,1
7929,29,82,100,75,5,8,1,5,1
7930,32,79,100,75,5,8,1,5,1
7931,34,74,100,75,5,8,1,5,1
7932,30,73,100,75,5,8,1,5,1
7933,32,77,100,75,0,9,0,0,0
7934,37,77,100,75,5,9,1,5,1
7935,34,73,100,75,5,8,2,5,2
7936,29,73,100,75,5,8,1,5,1
7937,34,75,100,75,0,9,0,0,0
7938,34,80,100,75,5,9,1,5,1
7939,35,75,100,75,5,9,1,5,1
7940,30,73,100,75,5,9,1,5,1
7941,32,78,100,70,2,8,1,2,1
7942,37,79,95,70,4,7,2,4,1
7943,34,83,100,70,5,7,1,5,1
7944,39,83,100,70,5,7,1,5,1
7945,42,87,100,70,0,8,0,0,0
7946,43,82,100,70,5,8,1,5,1
7947,48,80,100,70,0,9,0,0,0
7948,45,76,100,70,0,10,0,0,0
7949,49,73,100,70,5,9,2,5,2
7950,51,68,100,65,2,8,2,2,1
7951,54,72,100,65,5,8,1,5,1
7952,58,70,100,65,5,8,1,5,1
7953,54,69,100,65,5,8,1,5,1
7954,54,64,100,65,5,8,1,5,1
7955,54,59,100,65,5,7,2,5,2
7956,56,63,100,65,5,7,1,5,1
7957,51,66,100,65,5,7,1,5,1
7958,51,61,100,65,0,8,0,0,0
7959,56,60,100,65,5,7,2,5,2
7960,60,62,100,65,5,7,1,5,1
7961,56,60,100,65,5,7,1,5,1
7962,60,62,100,65,0,8,0,0,0
7963,62,58,100,65,5,8,1,5,1
7964,67,58,100,65,5,7,2,5,2
7965,66,63,100,65,5,6,2,5,2
7966,62,66,100,65,0,7,0,0,0
7967,64,61,100,65,5,6,2,5,2
7968,66,57,95,65,4,6,1,4,1
7969,70,61,95,65,0,7,0,0,0
7970,66,59,100,65,5,6,2,5,2
7971,61,58,100,65,5,6,1,5,1
7972,57,54,100,65,0,7,0,0,0
7973,61,58,100,65,5,7,1,5,1
7974,63,62,100,65,5,6,2,5,2
7975,61,58,100,65,5,5,2,5,2
7976,57,55,100,65,0,6,0,0,0
7977,62,56,100,65,5,6,1,5,1
7978,67,57,95,65,4,6,1,4,1
7979,65,52,100,65,5,6,1,5,1
7980,70,51,100,65,5,6,1,5,1
7981,72,55,100,65,5,6,1,5,1
7982,70,59,100,65,0,7,0,0,0
7983,74,57,100,65,5,6,2,5,2
7984,70,59,100,65,5,6,1,5,1
7985,74,61,100,65,5,6,1,5,1
7986,79,60,100,65,0,7,0,0,0
7987,84,57,100,65,5,7,1,5,1
7988,86,62,100,65,5,7,1,5,1
7989,85,57,100,65,0,8,0,0,0
7990,89,60,100,65,5,6,3,5,2
7991,84,58,100,65,5,6,1,5,1
7992,89,57,100,60,3,6,1,3,1
7993,92,60,100,60,0,7,0,0,0
7994,94,65,100,60,5,7,1,5,1
7995,96,70,100,60,5,7,1,5,1
7996,98,74,100,60,5,7,1,5,1
7997,99,79,100,60,5,7,1,5,1
7998,95,76,100,60,0,8,0,0,0
7999,99,74,100,60,5,7,2,5,2
8000,1,70,100,60,5,7,1,5,1
8001,3,74,100,60,5,7,1,5,1
8002,7,73,100,60,0,8,0,0,0
8003,10,69,100,60,5,8,1,5,1
8004,5,69,100,60,0,9,0,0,0
8005,8,74,95,55,1,8,2,1,1
8006,9,79,100,55,5,8,1,5,1
8007,5,81,100,55,5,8,1,5,1
8008,6,77,100,55,5,8,1,5,1
8009,11,77,95,50,1,7,2,1,1
8010,12,73,100,50,5,7,1,5,1
8011,17,75,100,50,5,7,1,5,1
8012,20,71,100,50,5,7,1,5,1
8013,16,74,100,50,5,7,1,5,1
8014,13,71,100,45,3,6,2,3,1
8015,15,75,100,45,5,6,1,5,1
8016,12,79,100,45,5,6,1,5,1
8017,16,76,100,45,5,6,1,5,1
8018,19,72,100,45,5,6,1,5,1
8019,14,72,100,45,5,6,1,5,1
8020,9,70,100,45,5,6,1,5,1
8021,9,65,100,45,5,6,1,5,1
8022,6,69,100,45,5,6,1,5,1
8023,4,64,100,45,5,6,1,5,1
8024,2,60,100,45,5,6,1,5,1
8025,97,60,100,45,5,6,1,5,1
8026,1,56,100,45,5,6,1,5,1
8027,4,59,100,45,0,7,0,0,0
8028,9,59,100,45,5,7,1,5,1
8029,10,64,100,45,5,7,1,5,1
8030,5,63,100,45,5,7,1,5,1
8031,6,68,100,45,0,8,0,0,0
8032,11,68,100,45,5,8,1,5,1
8033,9,64,100,45,5,8,1,5,1
8034,8,59,95,50,6,8,1,6,1
8035,13,60,95,50,0,9,0,0,0
8036,13,65,100,50,5,9,1,5,1
8037,13,70,100,50,5,9,1,5,1
8038,12,75,100,50,5,8,2,5,1
8039,7,75,100,50,5,8,1,5,1
8040,6,70,100,40,3,7,2,3,2
8041,7,75,100,35,3,7,1,3,1
8042,5,71,100,35,5,7,1,5,1
8043,8,67,100,35,5,7,1,5,1
8044,3,67,100,35,5,7,1,5,1
8045,99,71,100,35,0,8,0,0,0
8046,95,68,95,40,6,8,1,6,1
8047,92,64,100,40,5,8,1,5,1
8048,91,59,100,40,5,7,1,5,1
8049,95,62,100,40,5,7,1,5,1
8050,99,60,100,40,5,7,1,5,1
8051,95,57,100,40,5,7,1,5,1
8052,94,62,100,40,0,8,0,0,0
8053,99,61,100,40,0,9,0,0,0
8054,94,60,95,35,1,9,1,1,1
8055,95,55,95,35,0,10,0,0,0
8056,0,55,95,35,0,11,0,0,0
8057,5,53,90,30,1,11,1,1,1
8058,0,50,85,25,1,9,3,1,1
8059,99,45,80,20,1,8,2,1,1
8060,94,44,80,20,0,9,0,0,0
8061,90,41,80,20,0,10,0,0,0
8062,95,43,70,10,1,7,3,1,2
8063,90,41,75,10,5,7,1,5,1
8064,85,41,80,5,3,6,2,3,1
8065,90,43,75,0,1,6,1,1,1
8066,85,42,75,0,0,7,0,0,0
8067,82,46,80,0,5,7,1,5,1
8068,77,46,75,0,1,7,1,1,1
8069,72,48,70,0,1,5,2,1,1
8070,77,50,70,0,0,6,0,0,0
8071,76,54,70,0,0,7,0,0,0
8072,80,52,65,0,1,7,1,1,1
8073,75,51,65,0,2,7,1,2,1
8074,77,46,65,0,0,8,0,0,0
8075,81,49,60,0,1,7,1,1,1
8076,86,48,60,0,0,8,0,0,0
8077,89,52,55,0,1,7,2,1,1
8078,94,51,50,0,1,7,1,1,1
8079,92,47,50,0,2,7,1,2,1
8080,95,42,50,0,2,7,1,2,1
8081,91,46,50,0,2,7,1,2,1
8082,90,41,55,0,3,7,1,3,1
8083,87,46,60,0,3,7,1,3,1
8084,87,41,65,0,5,7,1,5,1
8085,91,43,60,0,1,7,1,1,1
8086,96,43,50,0,1,6,2,1,2
8087,94,38,50,0,0,7,0,0,0
8088,98,41,50,0,0,8,0,0,0
8089,95,45,55,0,3,8,1,3,1
8090,96,50,50,0,1,7,2,1,1
8091,0,47,45,0,1,6,2,1,1
8092,3,43,40,0,1,5,2,1,1
8093,7,45,40,0,0,6,0,0,0
8094,11,41,45,0,3,6,1,3,1
8095,10,46,45,0,2,6,1,2,1
8096,10,51,45,0,0,7,0,0,0
8097,14,49,45,0,2,6,2,2,1
8098,19,52,45,0,0,7,0,0,0
8099,21,47,50,0,5,7,1,5,1
8100,16,48,45,0,4,7,1,4,1
8101,19,44,50,0,5,7,1,5,1
8102,14,46,45,0,1,6,2,1,1
8103,16,42,45,0,0,7,0,0,0
8104,11,41,45,0,0,8,0,0,0
8105,8,44,50,0,3,7,2,3,1
8106,8,49,55,0,3,6,2,3,1
8107,12,46,55,0,0,7,0,0,0
8108,12,51,55,0,2,6,2,2,1
8109,16,54,55,0,0,7,0,0,0
8110,21,53,60,0,5,7,1,5,1
8111,26,53,65,0,5,7,1,5,1
8112,26,48,60,0,1,6,2,1,1
8113,21,50,65,0,5,6,1,5,1
8114,19,46,65,0,2,5,2,2,1
8115,14,45,70,0,5,5,1,5,1
8116,9,45,70,0,0,6,0,0,0
8117,12,49,70,0,0,7,0,0,0
8118,17,46,75,0,5,7,1,5,1
8119,16,41,80,0,5,7,1,5,1
8120,20,38,85,0,5,7,1,5,1
8121,18,43,90,0,5,7,1,5,1
8122,15,47,90,0,0,8,0,0,0
8123,18,43,90,0,2,7,2,2,1
8124,19,38,90,0,0,8,0,0,0
8125,22,42,95,0,5,7,2,5,1
8126,17,44,100,0,5,7,1,5,1
8127,15,48,100,0,5,7,1,5,1
8128,15,53,100,0,5,7,1,5,1
8129,10,53,100,0,5,7,1,5,1
8130,15,56,100,0,5,7,1,5,1
8131,18,59,100,0,5,6,1,5,1
8132,23,59,100,0,2,5,2,2,1
8133,25,54,100,0,2,5,1,2,1
8134,26,59,100,0,0,6,0,0,0
8135,31,59,100,0,0,7,0,0,0
8136,30,63,100,0,5,7,1,5,1
8137,35,63,100,0,5,7,1,5,1
8138,37,59,100,5,7,7,1,7,1
8139,34,62,100,0,3,7,1,3,1
8140,29,61,100,0,5,7,1,5,1
8141,31,66,100,0,5,5,3,5,1
8142,35,63,100,0,0,6,0,0,0
8143,32,60,95,5,6,6,1,6,1
8144,36,58,95,5,0,7,0,0,0
8145,41,60,100,5,5,6,2,5,1
8146,36,59,100,5,0,7,0,0,0
8147,39,63,100,5,5,6,2,5,1
8148,43,61,100,5,5,6,1,5,1
8149,41,65,100,5,0,7,0,0,0
8150,39,61,95,10,6,6,2,6,1
8151,40,66,90,15,6,5,1,6,1
8152,45,66,90,15,0,6,0,0,0
8153,50,67,90,15,0,6,0,0,0
8154,45,68,90,20,7,6,1,7,1
8155,40,67,95,20,5,6,1,5,1
8156,36,70,95,20,0,7,0,0,0
8157,39,66,90,25,6,6,1,6,1
8158,37,61,90,30,7,6,1,7,1
8159,35,57,90,30,0,7,0,0,0
8160,38,61,90,35,7,7,1,7,1
8161,36,65,90,40,7,7,1,7,1
8162,39,61,95,40,5,6,2,5,1
8163,43,59,100,40,5,6,1,5,1
8164,39,56,100,40,5,6,1,5,1
8165,44,58,100,40,5,6,1,5,1
8166,47,53,100,40,5,6,1,5,1
8167,50,50,95,45,6,6,1,6,1
8168,50,55,95,50,7,6,1,7,1
8169,49,50,100,50,5,6,1,5,1
8170,49,45,95,50,4,6,1,4,1
8171,47,50,90,50,4,6,1,4,1
8172,51,46,90,55,7,5,1,7,1
8173,55,44,90,60,7,5,1,7,1
8174,50,44,90,55,2,5,1,2,1
8175,55,42,90,50,2,5,1,2,1
8176,59,40,85,50,4,5,1,4,1
8177,64,38,85,50,0,6,0,0,0
8178,61,43,90,50,5,5,2,5,1
8179,63,38,90,55,7,5,1,7,1
8180,58,35,85,60,6,5,1,6,1
8181,62,32,90,60,5,5,1,5,1
8182,66,35,90,65,7,5,1,7,1
8183,61,36,85,70,6,5,1,6,1
8184,57,39,80,70,4,5,1,4,1
8185,61,35,80,70,0,6,0,0,0
8186,66,35,80,70,0,7,0,0,0
8187,66,30,75,75,6,7,1,6,1
8188,62,33,70,70,1,6,2,1,1
8189,65,29,65,70,4,6,1,4,1
8190,67,34,65,65,2,6,1,2,1
8191,72,33,65,70,7,6,1,7,1
8192,70,37,60,75,6,6,1,6,1
8193,75,37,60,75,0,7,0,0,0
8194,76,32,65,75,5,7,1,5,1
8195,72,35,60,75,4,7,1,4,1
8196,77,35,65,75,5,6,2,5,1
8197,80,38,65,75,0,7,0,0,0
8198,76,36,70,75,5,7,1,5,1
8199,71,34,65,80,6,7,1,6,1
8200,74,31,60,85,6,7,1,6,1
8201,70,34,60,90,7,7,1,7,1
8202,72,38,65,90,5,7,1,5,1
8203,68,35,60,95,6,7,1,6,1
8204,67,31,65,95,5,7,1,5,1
8205,67,35,70,95,5,7,1,5,1
8206,62,37,75,95,5,7,1,5,1
8207,57,36,80,95,5,7,1,5,1
8208,57,31,85,95,5,7,1,5,1
8209,52,31,85,100,7,7,1,7,1
8210,51,36,85,100,7,7,1,7,1
8211,50,31,90,100,5,7,1,5,1
8212,50,26,85,100,6,7,1,6,1
8213,46,29,80,100,6,7,1,6,1
8214,45,25,80,100,0,8,0,0,0
8215,47,20,85,100,5,7,2,5,1
8216,42,19,85,100,0,8,0,0,0
8217,37,18,80,100,6,7,1,6,1
8218,35,23,85,100,5,7,1,5,1
8219,40,24,80,100,6,7,1,6,1
8220,40,29,85,100,5,6,2,5,1
8221,36,32,80,100,6,5,1,6,1
8222,40,36,75,100,6,5,1,6,1
8223,42,40,75,100,7,5,1,7,1
8224,39,44,75,100,0,5,0,0,0
8225,42,48,75,100,7,5,1,7,1
8226,45,52,75,100,7,5,1,7,1
8227,50,52,80,100,5,5,1,5,1
8228,45,52,80,100,7,4,1,7,1
8229,41,55,80,100,0,5,0,0,0
8230,44,59,85,100,5,5,1,5,1
8231,45,54,80,100,6,5,1,6,1
8232,40,54,75,100,6,5,1,6,1
8233,45,54,75,100,0,6,0,0,0
8234,41,51,70,100,6,6,1,6,1
8235,40,56,70,100,7,6,1,7,1
8236,41,51,70,100,7,6,1,7,1
8237,36,53,70,100,7,6,1,7,1
8238,36,48,75,100,5,5,2,5,1
8239,31,49,75,100,0,6,0,0,0
8240,28,53,70,100,6,6,1,6,1
8241,26,57,65,100,6,6,1,6,1
8242,31,57,65,100,0,7,0,0,0
8243,33,53,60,100,6,7,1,6,1
8244,34,48,55,100,6,7,1,6,1
8245,37,44,50,100,6,7,1,6,1
8246,39,48,55,100,5,7,1,5,1
8247,35,44,60,100,5,7,1,5,1
8248,31,47,60,100,7,7,1,7,1
8249,32,52,60,100,0,7,0,0,0
8250,36,55,60,100,0,8,0,0,0
8251,34,59,55,100,6,6,2,6,1
8252,31,64,55,100,0,7,0,0,0
8253,27,66,55,100,0,8,0,0,0
8254,24,70,60,100,5,8,1,5,1
8255,23,65,55,100,6,8,1,6,1
8256,19,68,60,100,5,7,2,5,1
8257,20,73,55,100,6,7,1,6,1
8258,15,71,60,100,5,6,2,5,1
8259,19,74,60,100,7,6,1,7,1
8260,24,76,65,100,5,6,1,5,1
8261,26,80,70,100,8,6,1,8,1
8262,21,81,70,100,0,7,0,0,0
8263,23,76,70,100,7,6,1,7,1
8264,27,79,70,100,7,6,1,7,1
8265,30,83,65,100,6,6,1,6,1
8266,27,79,65,100,0,7,0,0,0
8267,28,74,65,100,0,8,0,0,0
8268,23,74,65,100,0,9,0,0,0
8269,25,78,65,100,0,10,0,0,0
8270,22,82,65,100,7,10,1,7,1
8271,27,82,65,100,7,10,1,7,1
8272,22,85,70,100,5,9,2,5,1
8273,19,81,75,100,5,7,2,5,1
8274,16,84,80,100,5,7,1,5,1
8275,18,80,75,100,6,7,1,6,1
8276,19,75,80,100,5,6,2,5,1
8277,23,72,80,100,0,7,0,0,0
8278,24,67,85,100,5,6,2,5,1
8279,29,67,85,100,0,7,0,0,0
8280,24,65,90,100,5,6,2,5,1
8281,26,70,95,100,5,6,1,5,1
8282,25,75,95,100,0,7,0,0,0
8283,24,70,100,100,5,7,1,5,1
8284,20,73,100,100,0,8,0,0,0
8285,22,78,100,100,5,7,2,5,1
8286,27,76,100,100,5,6,2,5,1
8287,30,80,100,100,0,7,0,0,0
8288,26,83,100,100,5,6,2,5,1
8289,26,78,100,100,0,7,0,0,0
8290,26,73,100,100,5,7,1,5,1
8291,26,78,100,100,5,7,1,5,1
8292,30,81,95,100,4,7,1,4,1
8293,32,85,100,100,5,7,1,5,1
8294,30,81,100,100,5,7,1,5,1
8295,25,82,100,100,0,8,0,0,0
8296,30,83,100,100,5,8,1,5,1
8297,25,83,100,100,7,8,1,7,1
8298,30,82,100,100,7,8,1,7,1
8299,27,78,100,100,0,9,0,0,0
8300,31,75,100,100,5,8,2,5,1
8301,30,80,100,100,5,7,2,5,1
8302,25,81,100,100,0,8,0,0,0
8303,26,77,100,100,7,6,3,7,2
8304,31,79,100,100,5,6,1,5,1
8305,33,75,100,100,5,6,1,5,1
8306,30,79,100,100,0,7,0,0,0
8307,32,74,100,100,0,8,0,0,0
8308,36,77,100,100,7,8,1,7,1
8309,34,82,100,100,5,7,2,5,1
8310,35,77,100,100,5,7,1,5,1
8311,35,82,100,100,7,7,1,7,1
8312,33,86,100,100,5,6,2,5,1
8313,33,91,100,100,0,7,0,0,0
8314,35,86,100,100,7,7,1,7,1
8315,39,87,100,100,0,8,0,0,0
8316,43,84,100,100,5,7,2,5,1
8317,39,81,100,100,5,7,1,5,1
8318,43,84,100,100,5,6,2,5,1
8319,48,84,100,100,0,7,0,0,0
8320,50,89,100,100,5,6,2,5,1
8321,45,89,100,100,5,6,1,5,1
8322,40,87,100,100,5,6,1,5,1
8323,42,92,100,100,0,7,0,0,0
8324,38,89,95,100,6,7,1,6,1
8325,41,86,95,100,0,8,0,0,0
8326,44,90,100,100,5,7,2,5,1
8327,48,87,100,100,5,7,1,5,1
8328,45,83,100,100,5,7,1,5,1
8329,45,88,100,100,5,6,2,5,1
8330,40,85,100,100,0,7,0,0,0
8331,37,89,100,100,5,6,2,5,1
8332,32,90,100,100,0,7,0,0,0
8333,33,95,100,100,5,6,2,5,1
8334,36,92,100,100,5,6,1,5,1
8335,38,87,100,100,0,7,0,0,0
8336,40,92,100,100,7,7,1,7,1
8337,45,90,100,100,5,6,2,5,1
8338,45,95,100,100,0,7,0,0,0
8339,42,91,100,100,7,7,1,7,1
8340,38,89,100,100,7,7,1,7,1
8341,43,89,100,100,0,8,0,0,0
8342,38,87,100,100,5,7,2,5,1
8343,37,92,95,95,1,7,1,1,1
8344,35,87,100,95,5,6,2,5,1
8345,39,91,100,95,5,6,1,5,1
8346,36,87,100,95,5,6,1,5,1
8347,36,82,100,95,5,6,1,5,1
8348,33,78,100,95,0,7,0,0,0
8349,28,77,100,95,5,7,1,5,1
8350,23,76,100,95,5,7,1,5,1
8351,28,74,100,95,5,6,2,5,1
8352,24,71,100,95,5,6,1,5,1
8353,29,69,100,95,5,6,1,5,1
8354,25,67,100,95,5,6,1,5,1
8355,27,62,100,95,5,6,1,5,1
8356,25,67,100,95,0,7,0,0,0
8357,27,62,100,100,7,7,1,7,1
8358,22,63,100,100,5,6,2,5,1
8359,20,68,100,100,5,6,1,5,1
8360,24,65,100,100,5,6,1,5,1
8361,20,68,100,100,0,7,0,0,0
8362,19,63,100,100,5,6,2,5,1
8363,18,68,100,100,5,6,1,5,1
8364,13,67,100,100,5,6,1,5,1
8365,17,64,100,100,5,6,1,5,1
8366,12,65,100,100,5,6,1,5,1
8367,8,68,100,100,5,6,1,5,1
8368,12,65,100,100,0,7,0,0,0
8369,17,66,100,100,5,6,2,5,1
8370,16,71,100,100,0,7,0,0,0
8371,21,70,100,100,5,7,1,5,1
8372,23,65,100,95,2,7,1,2,1
8373,18,64,100,100,7,7,1,7,1
8374,14,68,100,100,0,8,0,0,0
8375,17,64,100,100,5,7,2,5,1
8376,15,68,100,100,7,7,1,7,1
8377,15,73,100,100,5,6,2,5,1
8378,18,69,100,100,5,6,1,5,1
8379,17,65,100,100,0,7,0,0,0
8380,17,70,100,100,0,8,0,0,0
8381,22,70,100,100,5,8,1,5,1
8382,22,75,100,100,5,8,1,5,1
8383,17,76,100,95,2,7,2,2,1
8384,22,77,100,95,0,8,0,0,0
8385,17,78,100,95,5,8,1,5,1
8386,16,73,100,95,5,8,1,5,1
8387,13,77,100,95,5,8,1,5,1
8388,17,74,100,95,5,8,1,5,1
8389,20,70,100,90,2,7,2,2,1
8390,23,66,100,90,5,7,1,5,1
8391,20,69,100,90,5,7,1,5,1
8392,20,74,100,90,0,8,0,0,0
8393,18,79,100,90,5,8,1,5,1
8394,13,78,100,90,5,8,1,5,1
8395,18,79,100,90,5,8,1,5,1
8396,13,81,100,90,5,8,1,5,1
8397,9,78,100,90,5,8,1,5,1
8398,4,77,100,90,0,9,0,0,0
8399,9,79,100,90,5,9,1,5,1
8400,8,74,100,90,5,9,1,5,1
8401,3,75,100,90,5,9,1,5,1
8402,2,70,100,90,5,8,2,5,1
8403,100,66,100,90,5,8,1,5,1
8404,5,66,100,90,5,8,1,5,1
8405,0,64,100,90,5,8,1,5,1
8406,5,65,100,90,5,8,1,5,1
8407,0,64,100,90,5,8,1,5,1
8408,5,66,100,90,0,9,0,0,0
8409,1,63,95,85,1,8,2,1,1
8410,96,62,90,85,4,8,1,4,1
8411,92,59,95,85,5,8,1,5,1
8412,88,56,100,85,5,8,1,5,1
8413,89,61,100,85,0,9,0,0,0
8414,87,57,100,85,5,9,1,5,1
8415,88,52,100,85,5,9,1,5,1
8416,84,54,100,85,5,9,1,5,1
8417,88,52,100,85,0,10,0,0,0
8418,83,50,100,85,5,10,1,5,1
8419,79,47,95,80,1,10,1,1,1
8420,81,52,100,80,5,10,1,5,1
8421,81,47,100,80,5,10,1,5,1
8422,77,43,100,80,5,10,1,5,1
8423,73,40,95,75,1,9,2,1,1
8424,68,41,100,75,5,9,1,5,1
8425,69,36,100,75,5,9,1,5,1
8426,74,35,95,70,1,8,2,1,1
8427,77,39,95,70,0,9,0,0,0
8428,82,37,90,65,1,9,1,1,1
8429,81,33,90,65,0,10,0,0,0
8430,86,33,95,65,5,10,1,5,1
8431,85,37,100,65,5,10,1,5,1
8432,85,42,100,65,5,10,1,5,1
8433,88,47,100,65,5,10,1,5,1
8434,84,43,100,65,5,10,1,5,1
8435,88,40,100,65,5,10,1,5,1
8436,93,39,95,60,1,8,3,1,1
8437,91,43,100,60,5,8,1,5,1
8438,94,47,100,60,5,8,1,5,1
8439,97,51,100,60,0,9,0,0,0
8440,95,47,100,60,5,8,2,5,1
8441,98,43,100,60,5,8,1,5,1
8442,100,38,100,60,5,8,1,5,1
8443,96,34,100,60,5,8,1,5,1
8444,100,38,100,60,5,8,1,5,1
8445,98,33,100,60,5,8,1,5,1
8446,2,36,100,60,5,8,1,5,1
8447,7,35,100,60,5,8,1,5,1
8448,12,38,100,60,5,8,1,5,1
8449,10,43,100,60,5,8,1,5,1
8450,7,47,100,60,0,9,0,0,0
8451,8,52,100,60,5,9,1,5,1
8452,7,56,100,60,5,9,1,5,1
8453,7,51,100,60,5,9,1,5,1
8454,3,52,100,60,5,9,1,5,1
8455,98,55,100,65,7,9,1,7,1
8456,100,60,100,65,0,10,0,0,0
8457,95,62,100,65,5,10,1,5,1
8458,95,57,100,65,5,10,1,5,1
8459,96,62,100,65,5,9,2,5,1
8460,0,59,100,65,5,9,1,5,1
8461,97,55,100,65,0,10,0,0,0
8462,96,60,100,65,5,10,1,5,1
8463,96,55,100,65,5,10,1,5,1
8464,97,50,100,65,5,10,1,5,1
8465,1,52,100,65,5,10,1,5,1
8466,6,52,100,65,5,10,1,5,1
8467,9,48,100,65,5,10,1,5,1
8468,14,50,100,65,5,10,1,5,1
8469,18,53,100,65,0,11,0,0,0
8470,16,48,100,65,5,10,2,5,2
8471,18,53,100,65,5,10,1,5,1
8472,23,53,100,65,5,10,1,5,1
8473,18,54,100,65,5,9,2,5,1
8474,19,49,100,65,5,9,1,5,1
8475,14,48,100,60,2,9,1,2,1
8476,9,48,100,60,5,9,1,5,1
8477,9,53,95,60,4,9,1,4,1
8478,4,54,90,60,4,8,2,4,1
8479,100,52,95,60,5,8,1,5,1
8480,99,47,100,60,5,8,1,5,1
8481,96,51,100,60,5,8,1,5,1
8482,96,56,100,60,5,8,1,5,1
8483,100,60,100,60,5,8,1,5,1
8484,95,61,100,60,0,9,0,0,0
8485,100,62,100,60,5,8,2,5,1
8486,5,61,100,60,5,8,1,5,1
8487,6,56,100,60,5,8,1,5,1
8488,1,59,100,65,8,8,1,8,1
8489,2,54,100,60,3,8,1,3,1
8490,97,53,100,60,0,9,0,0,0
8491,96,57,100,60,0,10,0,0,0
8492,98,53,100,60,5,10,1,5,1
8493,3,54,95,55,1,9,2,1,1
8494,1,59,90,50,1,9,1,1,1
8495,96,57,85,45,1,9,1,1,1
8496,1,57,85,40,2,8,2,2,1
8497,3,62,90,40,5,8,1,5,1
8498,1,57,95,40,5,8,1,5,1
8499,97,54,95,35,2,8,1,2,1
8500,1,52,100,35,5,7,1,5,1
8501,98,55,95,30,1,7,1,1,1
8502,2,52,90,25,1,6,1,1,1
8503,3,47,90,25,0,7,0,0,0
8504,7,50,90,25,0,8,0,0,0
8505,9,45,90,25,0,9,0,0,0
8506,4,45,90,25,0,9,0,0,0
8507,5,40,85,20,1,9,1,1,1
8508,5,35,85,20,0,10,0,0,0
8509,2,39,80,15,1,9,2,1,1
8510,4,34,75,10,1,8,1,1,1
8511,99,35,70,5,1,8,1,1,1
8512,94,35,65,0,1,8,1,1,1
8513,99,33,65,0,0,8,0,0,0
8514,3,36,70,0,5,7,1,5,1
8515,3,31,70,0,0,8,0,0,0
8516,6,27,70,0,0,9,0,0,0
8517,7,32,75,0,5,8,1,5,1
8518,2,30,75,0,0,9,0,0,0
8519,3,25,75,0,0,10,0,0,0
8520,5,29,75,0,0,11,0,0,0
8521,4,34,70,0,1,11,1,1,1
8522,2,30,65,0,1,10,2,1,1
8523,7,30,60,0,1,10,1,1,1
8524,12,32,55,0,1,10,1,1,1
8525,16,29,50,0,1,9,2,1,1
8526,18,25,55,0,3,9,1,3,1
8527,13,24,50,0,1,8,2,1,1
8528,16,28,50,0,0,9,0,0,0
8529,11,30,55,0,5,9,1,5,1
8530,14,26,50,0,1,8,2,1,1
8531,10,29,45,0,1,7,2,1,1
8532,9,34,45,0,0,8,0,0,0
8533,4,33,50,0,3,7,2,3,1
8534,8,30,45,0,1,7,1,1,1
8535,9,35,50,0,3,6,1,3,1
8536,14,35,50,0,0,7,0,0,0
8537,10,38,50,0,0,8,0,0,0
8538,8,43,45,0,1,7,2,1,1
8539,13,45,40,0,1,7,1,1,1
8540,17,41,40,5,7,7,1,7,1
8541,14,37,40,5,0,7,0,0,0
8542,19,39,35,0,1,7,1,1,1
8543,20,34,30,0,1,6,2,1,1
8544,16,37,35,0,5,6,1,5,1
8545,17,41,30,0,1,6,1,1,1
8546,22,40,35,0,3,6,1,3,1
8547,17,39,30,0,1,6,1,1,1
8548,22,38,30,0,0,7,0,0,0
8549,20,33,30,0,0,8,0,0,0
8550,19,38,35,0,3,7,2,3,1
8551,24,36,30,0,1,6,2,1,1
8552,24,31,30,0,0,7,0,0,0
8553,20,33,30,0,0,8,0,0,0
8554,23,30,30,0,0,9,0,0,0
8555,21,25,35,0,3,9,1,3,1
8556,18,29,30,0,1,8,2,1,1
8557,14,33,30,0,2,8,1,2,1
8558,12,38,35,0,3,8,1,3,1
8559,8,36,40,0,3,8,1,3,1
8560,5,32,35,0,1,7,2,1,1
8561,9,35,30,0,1,6,2,1,1
8562,8,30,30,0,0,7,0,0,0
8563,3,29,35,0,3,7,1,3,1
8564,2,34,40,0,3,7,1,3,1
8565,7,37,40,0,0,8,0,0,0
8566,5,42,35,0,1,7,2,1,1
8567,1,44,40,0,3,7,1,3,1
8568,98,48,45,0,3,7,1,3,1
8569,93,48,50,0,3,7,1,3,1
8570,96,44,45,0,1,7,1,1,1
8571,99,40,45,0,0,8,0,0,0
8572,96,44,50,0,3,7,2,3,1
8573,91,45,55,0,3,6,2,3,1
8574,87,43,55,0,0,7,0,0,0
8575,89,39,60,0,3,7,1,3,1
8576,94,38,60,0,0,8,0,0,0
8577,90,41,60,0,0,9,0,0,0
8578,87,36,55,0,1,8,2,1,1
8579,88,32,55,0,0,9,0,0,0
8580,87,27,60,0,3,9,1,3,1
8581,86,22,65,0,3,9,1,3,1
8582,87,27,65,0,0,10,0,0,0
8583,91,30,70,0,3,10,1,3,1
8584,86,29,75,0,3,10,1,3,1
8585,87,34,80,0,3,10,1,3,1
8586,82,35,85,0,3,10,1,3,1
8587,82,30,80,0,1,9,2,1,1
8588,84,35,85,0,3,9,1,3,1
8589,89,36,80,0,1,8,2,1,1
8590,88,41,85,0,3,8,1,3,1
8591,92,43,80,0,1,8,1,1,1
8592,97,45,85,0,3,8,1,3,1
8593,1,47,90,0,3,7,1,3,1
8594,99,43,90,0,0,8,0,0,0
8595,3,40,95,0,3,7,1,3,1
8596,8,41,95,0,0,8,0,0,0
8597,8,46,100,0,3,8,1,3,1
8598,3,48,100,0,0,9,0,0,0
8599,7,45,100,0,3,9,1,3,1
8600,3,48,100,0,2,9,1,2,1
8601,6,52,100,0,3,9,1,3,1
8602,3,48,100,0,3,9,1,3,1
8603,8,45,100,0,3,9,1,3,1
8604,8,50,100,0,3,8,2,3,1
8605,3,50,100,0,3,7,2,3,2
8606,3,55,100,0,3,6,2,3,1
8607,100,51,100,0,3,6,1,3,1
8608,96,55,100,0,3,6,1,3,1
8609,91,55,100,0,3,6,1,3,1
8610,95,58,100,0,3,6,1,3,1
8611,98,62,100,0,3,6,1,3,1
8612,94,65,100,0,0,7,0,0,0
8613,99,64,100,0,3,7,1,3,1
8614,94,66,100,0,3,7,1,3,1
8615,99,67,100,0,3,7,1,3,1
8616,96,71,100,0,0,8,0,0,0
8617,94,66,100,0,0,9,0,0,0
8618,94,71,100,0,3,9,1,3,1
8619,99,72,100,0,3,8,2,3,1
8620,0,67,100,0,3,7,1,3,1
8621,98,71,100,0,3,7,1,3,1
8622,94,74,100,0,3,7,1,3,1
8623,90,70,100,0,0,8,0,0,0
8624,87,74,100,0,0,9,0,0,0
8625,91,75,100,0,3,9,1,3,1
8626,93,71,100,0,3,9,1,3,1
8627,89,67,100,0,5,9,1,5,1
8628,87,63,100,0,3,9,1,3,1
8629,92,65,100,0,3,8,2,3,1
8630,90,69,100,0,0,9,0,0,0
8631,93,65,100,0,3,9,1,3,1
8632,89,67,100,0,3,9,1,3,1
8633,93,65,100,0,3,9,1,3,1
8634,95,70,100,0,3,8,2,3,1
8635,100,68,100,0,3,8,1,3,1
8636,100,73,100,0,3,8,1,3,1
8637,97,69,100,0,3,8,1,3,1
8638,95,64,100,0,3,8,1,3,1
8639,96,59,100,0,3,8,1,3,1
8640,98,64,100,0,3,8,1,3,1
8641,93,63,100,0,0,9,0,0,0
8642,95,59,100,0,0,10,0,0,0
8643,91,57,95,0,1,9,2,1,1
8644,86,55,100,0,3,9,1,3,1
8645,82,56,100,0,3,9,1,3,1
8646,86,53,95,0,1,8,2,1,1
8647,82,50,95,0,0,9,0,0,0
8648,86,52,100,0,3,9,1,3,1
8649,86,57,100,0,3,9,1,3,1
8650,87,52,100,0,3,9,1,3,1
8651,87,47,100,0,3,9,1,3,1
8652,83,50,100,0,3,9,1,3,1
8653,82,55,100,0,3,9,1,3,1
8654,80,51,100,0,3,9,1,3,1
8655,82,46,100,0,3,9,1,3,1
8656,84,41,100,0,3,8,2,3,2
8657,82,46,100,0,3,8,1,3,1
8658,77,46,100,0,3,7,1,3,1
8659,82,45,95,0,1,7,1,1,1
8660,77,43,100,0,3,7,1,3,1
8661,82,44,100,0,3,7,1,3,1
8662,77,45,100,0,3,7,1,3,1
8663,82,46,100,0,0,8,0,0,0
8664,85,42,100,0,3,8,1,3,1
8665,80,43,100,0,0,9,0,0,0
8666,75,42,100,0,3,8,1,3,1
8667,73,38,100,0,3,8,1,3,1
8668,75,43,100,0,3,8,1,3,1
8669,77,38,100,0,3,8,1,3,1
8670,73,42,100,0,3,8,1,3,1
8671,71,38,100,0,3,8,1,3,1
8672,75,40,100,0,3,8,1,3,1
8673,76,36,100,0,3,8,1,3,1
8674,74,31,100,0,3,8,1,3,1
8675,76,35,100,0,3,8,1,3,1
8676,81,35,100,0,3,8,1,3,1
8677,76,36,100,0,3,7,1,3,1
8678,74,32,100,0,3,6,2,3,1
8679,70,28,100,0,3,6,1,3,1
8680,74,32,100,0,3,6,1,3,1
8681,72,27,100,0,3,6,1,3,1
8682,71,32,100,0,0,7,0,0,0
8683,75,36,100,0,3,7,1,3,1
8684,78,40,100,0,3,7,1,3,1
8685,75,43,100,0,3,7,1,3,1
8686,71,41,100,0,3,6,1,3,1
8687,75,42,100,0,3,6,1,3,1
8688,75,47,100,0,3,6,1,3,1
8689,78,43,100,0,3,6,1,3,1
8690,78,38,100,0,0,7,0,0,0
8691,73,37,100,0,3,7,1,3,1
8692,78,38,100,0,3,7,1,3,1
8693,78,33,100,0,0,8,0,0,0
8694,82,36,100,0,0,9,0,0,0
8695,81,31,100,0,3,8,1,3,1
8696,86,30,100,0,0,9,0,0,0
8697,86,25,100,0,0,10,0,0,0
8698,85,30,100,0,2,9,2,2,1
8699,88,27,100,0,3,9,1,3,1
8700,87,31,100,0,0,10,0,0,0
8701,87,36,100,0,3,10,1,3,1
8702,91,34,100,0,3,10,1,3,1
8703,93,39,100,0,3,10,1,3,1
8704,88,40,100,0,3,10,1,3,1
8705,86,36,100,0,3,10,1,3,1
8706,81,36,100,0,3,10,1,3,1
8707,85,38,100,0,3,9,2,3,1
8708,80,38,100,0,3,9,1,3,1
8709,76,36,100,0,3,8,1,3,1
8710,77,41,100,0,3,8,1,3,1
8711,73,38,100,0,3,8,1,3,1
8712,77,41,100,0,3,8,1,3,1
8713,82,41,100,0,3,8,1,3,1
8714,86,38,100,0,0,9,0,0,0
8715,86,33,100,0,3,9,1,3,1
8716,85,38,100,0,3,9,1,3,1
8717,89,36,100,0,3,9,1,3,1
8718,87,40,100,0,3,9,1,3,1
8719,91,37,100,0,0,10,0,0,0
8720,91,32,100,0,3,10,1,3,1
8721,91,37,100,0,3,10,1,3,1
8722,88,41,100,0,0,11,0,0,0
8723,93,43,100,0,0,12,0,0,0
8724,94,39,100,0,3,12,1,3,1
8725,98,36,100,0,3,12,1,3,1
8726,2,33,100,0,0,13,0,0,0
8727,7,33,100,0,3,12,2,3,1
8728,10,28,100,0,3,12,1,3,1
8729,10,23,95,0,4,12,1,4,1
8730,6,21,100,0,3,12,1,3,1
8731,4,16,100,0,3,11,2,3,1
8732,0,13,100,0,3,11,1,3,1
8733,2,8,100,0,3,11,1,3,1
8734,5,12,100,0,3,11,1,3,1
8735,10,12,100,0,0,12,0,0,0
8736,15,14,100,0,3,12,1,3,1
8737,19,17,100,0,3,11,2,3,1
8738,24,15,100,0,0,12,0,0,0
8739,27,19,95,5,6,12,1,6,1
8740,23,17,100,0,3,12,1,3,1
8741,25,21,100,0,3,12,1,3,1
8742,29,19,100,0,3,12,1,3,1
8743,30,14,100,0,5,10,3,5,1
8744,35,13,100,0,3,9,2,3,1
8745,39,10,100,0,3,8,2,3,1
8746,40,5,100,0,0,9,0,0,0
8747,45,3,100,5,7,9,1,7,1
8748,48,6,100,0,3,9,1,3,1
8749,51,10,100,0,3,9,1,3,1
8750,56,13,100,0,0,10,0,0,0
8751,52,9,95,0,1,10,1,1,1
8752,47,7,95,5,7,10,1,7,1
8753,44,4,90,0,1,8,2,1,1
8754,41,100,90,0,0,9,0,0,0
8755,38,4,95,0,3,9,1,3,1
8756,37,9,95,0,2,9,1,2,1
8757,33,6,100,0,3,9,1,3,1
8758,36,10,100,0,3,9,1,3,1
8759,33,6,100,0,0,10,0,0,0
8760,36,9,100,0,3,9,2,3,1
8761,35,4,100,0,3,9,1,3,1
8762,36,9,100,0,0,10,0,0,0
8763,36,4,100,0,0,11,0,0,0
8764,41,4,100,0,3,11,1,3,1
8765,46,3,100,0,3,11,1,3,1
8766,50,7,100,5,7,11,1,7,1
8767,53,10,100,0,3,11,1,3,1
8768,51,15,100,0,0,12,0,0,0
8769,54,11,100,0,3,12,1,3,1
8770,51,7,100,0,3,12,1,3,1
8771,52,12,100,0,3,12,1,3,1
8772,57,13,100,0,3,12,1,3,1
8773,55,8,100,0,3,12,1,3,1
8774,55,13,100,0,0,13,0,0,0
8775,54,8,100,0,3,12,2,3,1
8776,53,3,100,0,3,12,1,3,1
8777,49,2,100,0,3,12,1,3,1
8778,53,99,100,0,3,11,2,3,1
8779,48,1,100,0,0,12,0,0,0
8780,52,5,100,0,3,12,1,3,1
8781,50,10,100,0,3,12,1,3,1
8782,52,5,100,0,2,11,2,2,1
8783,57,4,100,0,3,11,1,3,1
8784,56,99,100,0,0,12,0,0,0
8785,58,4,100,0,0,13,0,0,0
8786,54,3,100,0,3,13,1,3,1
8787,56,99,100,0,3,12,2,3,1
8788,58,3,100,0,3,12,1,3,1
8789,55,99,100,0,0,13,0,0,0
8790,58,95,95,0,4,13,1,4,1
8791,55,92,100,0,3,12,2,3,1
8792,50,91,100,0,3,12,1,3,1
8793,54,93,100,0,2,11,2,2,1
8794,50,91,100,0,3,11,1,3,1
8795,54,89,100,0,3,11,1,3,1
8796,50,86,100,0,3,11,1,3,1
8797,54,83,100,0,3,11,1,3,1
8798,51,78,100,0,3,10,2,3,1
8799,47,75,100,0,3,10,1,3,1
8800,42,76,100,0,3,10,1,3,1
8801,38,79,100,0,3,10,1,3,1
8802,34,81,100,0,3,10,1,3,1
8803,37,77,100,0,3,10,1,3,1
8804,34,73,100,0,0,11,0,0,0
8805,36,69,100,0,0,12,0,0,0
8806,32,66,100,0,3,12,1,3,1
8807,27,68,100,0,3,12,1,3,1
8808,23,65,100,0,3,12,1,3,1
8809,18,66,100,0,0,13,0,0,0
8810,21,63,100,0,3,13,1,3,1
8811,17,60,100,0,3,12,2,3,1
8812,13,57,100,0,0,13,0,0,0
8813,17,59,100,0,3,12,2,3,1
8814,13,62,100,0,3,12,1,3,1
8815,17,65,100,0,3,12,1,3,1
8816,13,68,100,0,3,12,1,3,1
8817,8,66,100,0,0,13,0,0,0
8818,13,64,100,0,3,13,1,3,1
8819,9,67,100,0,3,12,1,3,1
8820,10,72,95,0,1,11,2,1,1
8821,5,73,95,0,2,10,2,2,1
8822,0,75,95,0,0,11,0,0,0
8823,3,71,100,0,3,10,2,3,1
8824,1,66,100,0,0,11,0,0,0
8825,98,70,95,0,4,11,1,4,1
8826,93,72,100,0,3,11,1,3,1
8827,94,77,100,0,0,12,0,0,0
8828,91,72,100,0,3,11,2,3,1
8829,93,67,100,0,0,12,0,0,0
8830,97,65,100,0,3,12,1,3,1
8831,93,67,100,0,3,12,1,3,1
8832,93,72,100,0,3,12,1,3,1
8833,96,69,100,0,2,12,1,2,1
8834,99,73,100,0,3,12,1,3,1
8835,94,73,100,0,3,12,1,3,1
8836,96,77,95,0,1,11,2,1,1
8837,1,76,100,0,3,10,2,3,1
8838,3,71,100,0,3,10,1,3,1
8839,98,72,100,0,3,10,1,3,1
8840,96,68,100,0,3,10,1,3,1
8841,95,63,100,0,0,11,0,0,0
8842,94,68,100,0,3,10,2,3,1
8843,99,68,95,5,6,9,2,6,1
8844,1,63,95,5,0,10,0,0,0
8845,100,68,90,0,1,9,2,1,1
8846,95,66,95,0,3,9,1,3,1
8847,90,66,100,5,8,9,1,8,1
8848,89,61,100,0,3,8,2,3,1
8849,84,61,95,0,4,7,2,4,1
8850,82,57,95,0,0,8,0,0,0
8851,78,53,100,0,3,8,1,3,1
8852,76,49,100,0,0,9,0,0,0
8853,75,44,95,0,4,9,1,4,1
8854,79,41,95,0,0,10,0,0,0
8855,80,46,100,0,3,9,2,3,1
8856,77,50,100,0,0,10,0,0,0
8857,73,48,100,0,3,9,2,3,1
8858,69,50,100,0,0,10,0,0,0
8859,71,55,100,0,3,10,1,3,1
8860,74,59,100,0,3,9,2,3,1
8861,72,64,100,0,0,10,0,0,0
8862,69,59,100,0,3,10,1,3,1
8863,74,58,100,0,3,10,1,3,1
8864,70,54,95,0,4,9,2,4,1
8865,70,59,100,0,3,8,2,3,1
8866,66,57,95,0,4,8,1,4,1
8867,69,60,95,0,0,8,0,0,0
8868,74,59,95,0,0,9,0,0,0
8869,78,56,100,0,3,9,1,3,1
8870,76,51,100,0,3,9,1,3,1
8871,80,54,100,0,3,9,1,3,1
8872,83,58,100,5,8,9,1,8,1
8873,81,54,100,0,3,8,2,3,1
8874,80,49,100,0,0,9,0,0,0
8875,75,51,100,0,0,10,0,0,0
8876,80,49,95,0,4,9,2,4,1
8877,76,52,95,0,0,10,0,0,0
8878,79,48,100,0,3,10,1,3,1
8879,76,44,100,0,3,9,2,3,1
8880,72,45,100,0,5,9,1,5,1
8881,67,45,100,0,0,10,0,0,0
8882,71,47,95,0,4,10,1,4,1
8883,71,52,95,0,0,11,0,0,0
8884,67,49,95,0,0,12,0,0,0
8885,71,45,100,0,3,11,2,3,1
8886,72,50,95,0,4,10,2,4,1
8887,77,52,100,0,3,9,2,3,1
8888,76,47,95,0,4,9,1,4,1
8889,81,48,90,0,4,9,1,4,1
8890,76,50,95,0,3,8,2,3,1
8891,71,51,100,0,3,8,1,3,1
8892,74,55,95,0,1,7,2,1,1
8893,69,58,95,0,0,8,0,0,0
8894,67,54,95,0,0,9,0,0,0
8895,69,58,90,0,1,8,2,1,1
8896,74,59,95,0,3,7,2,3,1
8897,74,64,90,0,4,7,1,4,1
8898,74,69,95,0,3,7,1,3,1
8899,69,72,90,0,4,7,1,4,1
8900,71,76,85,0,4,7,1,4,1
8901,68,80,85,0,0,8,0,0,0
8902,67,75,85,0,0,9,0,0,0
8903,66,70,90,0,3,9,1,3,1
8904,69,73,95,0,3,9,1,3,1
8905,74,71,100,0,3,8,2,3,1
8906,72,66,100,0,3,7,2,3,1
8907,73,71,95,0,4,6,2,4,1
8908,76,76,90,0,4,6,1,4,1
8909,73,80,85,0,4,6,1,4,1
8910,77,76,85,0,0,7,0,0,0
8911,80,73,90,0,3,7,1,3,1
8912,82,78,90,0,2,6,2,2,1
8913,87,79,85,0,4,6,1,4,1
8914,82,78,85,0,0,7,0,0,0
8915,83,73,80,0,4,7,1,4,1
8916,87,75,75,0,4,7,1,4,1
8917,83,72,70,0,4,7,1,4,1
8918,85,77,65,0,4,7,1,4,1
8919,82,73,60,0,4,7,1,4,1
8920,84,77,55,0,4,7,1,4,1
8921,79,75,50,0,4,7,1,4,1
8922,78,80,45,0,4,7,1,4,1
8923,83,80,40,0,4,7,1,4,1
8924,81,75,45,0,3,7,1,3,1
8925,77,72,40,0,4,7,1,4,1
8926,73,73,35,0,4,7,1,4,1
8927,77,72,30,0,4,7,1,4,1
8928,82,71,25,0,4,7,1,4,1
8929,87,72,25,5,7,7,1,7,1
8930,90,68,20,5,4,7,1,4,1
8931,94,65,25,0,3,6,2,3,1
8932,99,62,25,0,0,7,0,0,0
8933,95,66,20,0,4,7,1,4,1
8934,98,62,15,0,4,7,1,4,1
8935,1,66,20,0,3,7,1,3,1
8936,2,61,20,0,0,8,0,0,0
8937,5,64,25,0,3,7,2,3,1
8938,8,68,25,0,0,8,0,0,0
8939,10,64,25,0,2,8,1,2,1
8940,8,69,20,0,4,8,1,4,1
8941,3,68,20,0,0,9,0,0,0
8942,8,69,15,0,4,9,1,4,1
8943,5,72,10,0,4,9,1,4,1
8944,4,67,5,0,4,8,2,4,1
8945,9,69,10,0,3,7,2,3,1
8946,13,67,5,0,4,7,1,4,1
8947,10,71,0,0,4,7,1,4,1
8948,15,71,0,0,4,7,1,4,1
8949,19,68,0,0,4,7,1,4,1
8950,19,63,0,0,4,7,1,4,1
8951,21,59,0,0,4,7,1,4,1
8952,22,64,5,0,3,6,2,3,1
8953,24,59,5,0,0,6,0,0,0
8954,20,63,0,0,4,6,1,4,1
8955,25,64,0,0,0,7,0,0,0
8956,30,63,0,0,0,8,0,0,0
8957,35,63,0,0,4,8,1,4,1
8958,33,67,0,0,4,8,1,4,1
8959,29,64,0,0,4,8,1,4,1
8960,30,59,0,0,4,8,1,4,1
8961,25,60,0,0,4,8,1,4,1
8962,24,55,0,5,7,8,1,7,1
8963,20,58,0,10,7,8,1,7,1
8964,19,53,0,10,4,8,1,4,1
8965,24,52,0,10,4,8,1,4,1
8966,21,57,0,10,4,8,1,4,1
8967,26,58,0,10,4,8,1,4,1
8968,30,55,0,10,0,9,0,0,0
8969,34,58,0,10,4,9,1,4,1
8970,35,63,0,10,4,9,1,4,1
8971,40,62,0,10,4,9,1,4,1
8972,36,59,0,10,4,9,1,4,1
8973,33,63,5,15,8,9,1,8,1
8974,32,67,10,15,5,9,1,5,1
8975,29,64,5,15,4,9,1,4,1
8976,25,67,5,10,2,9,1,2,1
8977,30,68,5,10,0,10,0,0,0
8978,34,64,5,10,0,11,0,0,0
8979,34,69,0,10,4,10,2,4,2
8980,36,65,5,5,3,9,2,3,1
8981,31,66,10,0,3,8,2,3,1
8982,32,71,5,0,4,8,1,4,1
8983,36,74,0,0,4,7,2,4,2
8984,41,73,0,0,4,6,2,4,2
8985,36,70,0,0,0,7,0,0,0
8986,32,73,0,0,4,7,1,4,1
8987,36,75,5,0,3,6,2,3,1
8988,39,70,5,0,2,6,1,2,1
8989,35,68,0,0,4,6,1,4,1
8990,34,73,0,0,4,6,1,4,1
8991,34,68,0,0,4,6,1,4,1
8992,29,67,0,0,4,6,1,4,1
8993,32,63,0,0,4,6,1,4,1
8994,35,59,0,0,4,6,1,4,1
8995,30,60,0,0,4,6,1,4,1
8996,26,64,0,0,4,6,1,4,1
8997,31,65,0,0,4,6,1,4,1
8998,26,67,0,0,4,6,1,4,1
8999,23,64,0,0,0,7,0,0,0
9000,25,60,0,0,4,7,1,4,1
9001,21,57,0,0,4,7,1,4,1
9002,17,61,0,0,4,7,1,4,1
9003,13,62,0,0,4,7,1,4,1
9004,17,61,0,0,4,7,1,4,1
9005,17,66,0,0,0,8,0,0,0
9006,21,62,0,0,4,8,1,4,1
9007,19,57,0,0,4,8,1,4,1
9008,16,54,0,0,4,8,1,4,1
9009,11,52,0,0,0,9,0,0,0
9010,16,50,0,0,4,8,1,4,1
9011,11,52,0,0,1,7,2,1,1
9012,15,54,0,0,2,6,2,2,1
9013,18,59,5,0,3,6,1,3,1
9014,20,63,0,0,4,6,1,4,1
9015,16,60,0,0,0,7,0,0,0
9016,12,63,0,0,0,8,0,0,0
9017,15,67,0,0,4,8,1,4,1
9018,18,71,0,0,0,9,0,0,0
9019,22,68,0,0,4,8,1,4,1
9020,23,63,0,0,4,8,1,4,1
9021,22,68,0,0,4,8,1,4,1
9022,17,67,0,0,4,6,2,4,1
9023,12,67,0,0,2,5,2,2,1
9024,10,72,0,0,4,5,1,4,1
9025,5,71,0,0,4,5,1,4,1
9026,9,74,0,0,4,5,1,4,1
9027,8,79,0,0,0,6,0,0,0
9028,11,82,0,0,2,6,1,2,1
9029,13,87,0,0,4,6,1,4,1
9030,13,82,0,0,4,6,1,4,1
9031,15,87,0,0,2,6,1,2,1
9032,11,90,0,0,4,6,1,4,1
9033,13,85,0,0,2,5,2,2,1
9034,13,90,0,0,2,5,1,2,1
9035,8,91,0,0,4,5,1,4,1
9036,5,95,0,0,4,5,1,4,1
9037,10,96,0,0,2,5,1,2,1
9038,13,0,0,0,0,6,0,0,0
9039,18,2,0,0,4,6,1,4,1
9040,13,3,0,0,4,6,1,4,1
9041,11,8,0,0,4,6,1,4,1
9042,7,11,0,0,4,6,1,4,1
9043,4,15,0,0,4,6,1,4,1
9044,4,20,0,0,0,7,0,0,0
9045,99,20,0,0,1,7,1,1,1
9046,4,18,0,0,1,6,2,1,2
9047,3,13,0,0,2,6,1,2,1
9048,2,8,0,0,2,6,1,2,1
9049,6,12,0,0,2,5,2,2,1
9050,4,17,0,0,0,6,0,0,0
9051,1,21,0,0,1,6,1,1,1
9052,97,21,0,0,4,6,1,4,1
9053,1,23,0,0,2,5,2,2,1
9054,5,26,0,0,2,5,1,2,1
9055,0,26,0,0,2,5,1,2,1
9056,95,24,0,0,0,6,0,0,0
9057,100,22,0,0,0,7,0,0,0
9058,99,17,0,0,2,6,2,2,1
9059,97,13,0,0,0,7,0,0,0
9060,93,16,0,0,1,7,1,1,1
9061,97,19,0,0,2,6,2,2,1
9062,92,21,0,0,2,6,1,2,1
9063,89,17,0,0,2,5,2,2,1
9064,93,20,0,0,0,6,0,0,0
9065,93,15,0,0,2,6,1,2,1
9066,89,17,0,0,2,6,1,2,1
9067,86,21,0,0,2,6,1,2,1
9068,85,26,0,0,2,6,1,2,1
9069,81,29,0,0,2,6,1,2,1
9070,85,26,0,0,4,6,1,4,1
9071,82,30,0,0,2,6,1,2,1
9072,82,25,0,0,2,6,1,2,1
9073,83,20,0,0,2,6,1,2,1
9074,85,25,0,0,2,6,1,2,1
9075,83,30,0,0,2,6,1,2,1
9076,88,30,0,0,2,6,1,2,1
9077,93,29,0,0,2,6,1,2,1
9078,98,29,0,0,2,6,1,2,1
9079,97,25,0,0,2,6,1,2,1
9080,96,29,0,0,0,7,0,0,0
9081,95,34,0,0,2,7,1,2,1
9082,98,30,0,0,2,7,1,2,1
9083,3,33,0,0,2,7,1,2,1
9084,6,29,0,0,2,7,1,2,1
9085,4,24,0,0,2,7,1,2,1
9086,4,19,0,0,2,7,1,2,1
9087,6,24,0,0,2,7,1,2,1
9088,8,28,0,0,2,7,1,2,1
9089,3,27,0,0,2,7,1,2,1
9090,7,30,0,0,2,7,1,2,1
9091,4,26,0,0,0,8,0,0,0
9092,8,30,0,0,2,8,1,2,1
9093,3,29,0,0,2,6,3,2,1
9094,6,25,0,0,2,6,1,2,1
9095,2,28,0,0,2,5,2,2,1
9096,7,27,0,0,2,5,1,2,1
9097,6,32,0,0,0,6,0,0,0
9098,6,37,0,0,0,7,0,0,0
9099,2,34,0,0,2,6,2,2,1
9100,99,30,0,0,2,6,1,2,1
9101,94,32,0,0,4,6,1,4,1
9102,93,27,0,0,4,6,1,4,1
9103,98,30,0,0,2,6,1,2,1
9104,100,25,0,0,1,5,2,1,1
9105,2,21,0,0,0,6,0,0,0
9106,97,20,0,0,2,6,1,2,1
9107,1,22,0,0,1,6,1,1,1
9108,4,26,0,0,2,6,1,2,1
9109,2,21,0,0,2,6,1,2,1
9110,98,23,0,0,2,6,1,2,1
9111,2,22,0,0,1,6,1,1,1
9112,2,18,0,0,0,6,0,0,0
9113,1,13,0,0,2,5,1,2,1
9114,97,10,0,0,0,6,0,0,0
9115,99,5,0,0,2,6,1,2,1
9116,2,9,0,0,2,6,1,2,1
9117,6,6,0,0,0,7,0,0,0
9118,3,10,0,0,0,8,0,0,0
9119,0,14,0,0,2,7,2,2,1
9120,97,10,0,0,2,7,1,2,1
9121,96,5,0,0,2,6,2,2,1
9122,0,7,0,0,0,7,0,0,0
9123,96,5,0,0,2,7,1,2,1
9124,92,8,0,0,2,7,1,2,1
9125,92,3,0,0,2,7,1,2,1
9126,94,8,0,0,0,8,0,0,0
9127,98,11,0,0,2,8,1,2,1
9128,97,16,0,0,2,8,1,2,1
9129,94,11,0,0,2,8,1,2,1
9130,90,10,0,0,2,7,2,2,2
9131,93,14,0,0,0,8,0,0,0
9132,97,11,0,0,2,8,1,2,1
9133,95,16,0,0,2,8,1,2,1
9134,99,13,0,0,2,8,1,2,1
9135,97,8,0,0,2,7,2,2,2
9136,92,10,0,0,2,7,1,2,1
9137,91,15,0,0,2,7,1,2,1
9138,86,17,0,0,2,7,1,2,1
9139,88,22,0,0,2,7,1,2,1
9140,83,21,0,0,2,7,1,2,1
9141,81,17,0,0,2,7,1,2,1
9142,81,22,0,0,2,7,1,2,1
9143,86,23,0,0,2,7,1,2,1
9144,91,20,0,0,2,7,1,2,1
9145,89,25,0,0,2,7,1,2,1
9146,85,21,0,0,2,7,1,2,1
9147,81,23,0,0,2,7,1,2,1
9148,82,19,0,0,2,7,1,2,1
9149,85,23,0,0,2,7,1,2,1
9150,80,23,0,0,1,7,1,1,1
9151,80,28,0,0,2,7,1,2,1
9152,78,32,0,0,2,7,1,2,1
9153,75,36,0,0,2,7,1,2,1
9154,79,34,0,0,2,7,1,2,1
9155,81,29,0,0,2,7,1,2,1
9156,76,32,0,0,2,7,1,2,1
9157,78,36,0,0,0,8,0,0,0
9158,73,36,0,0,2,8,1,2,1
9159,76,40,0,0,2,8,1,2,1
9160,81,39,0,0,2,8,1,2,1
9161,76,38,0,0,2,8,1,2,1
9162,78,33,0,0,2,8,1,2,1
9163,76,29,0,0,2,8,1,2,1
9164,81,30,0,0,2,8,1,2,1
9165,76,29,0,0,2,8,1,2,1
9166,81,29,0,0,2,8,1,2,1
9167,83,34,0,0,2,8,1,2,1
9168,85,38,0,0,2,8,1,2,1
9169,89,41,0,0,2,7,2,2,1
9170,84,42,0,0,2,7,1,2,1
9171,84,47,0,0,2,7,1,2,1
9172,82,43,0,0,2,7,1,2,1
9173,86,39,0,0,2,7,1,2,1
9174,86,44,0,0,2,6,2,2,1
9175,89,40,0,0,0,7,0,0,0
9176,85,36,0,0,2,7,1,2,1
9177,85,41,0,0,2,7,1,2,1
9178,88,38,0,0,2,7,1,2,1
9179,89,43,0,0,2,7,1,2,1
9180,94,43,0,0,1,7,1,1,1
9181,90,47,0,0,1,7,1,1,1
9182,94,48,0,0,1,7,1,1,1
9183,99,48,0,0,2,6,2,2,1
9184,4,48,0,0,2,6,1,2,1
9185,4,43,0,0,1,5,2,1,1
9186,8,41,0,0,0,6,0,0,0
9187,13,39,0,0,2,6,1,2,1
9188,8,40,0,0,2,6,1,2,1
9189,6,44,0,0,2,6,1,2,1
9190,3,40,0,0,0,7,0,0,0
9191,5,45,0,0,0,8,0,0,0
9192,2,49,0,0,0,9,0,0,0
9193,97,47,0,0,2,7,2,2,1
9194,98,52,0,0,2,7,1,2,1
9195,100,47,5,0,5,7,1,5,1
9196,99,42,5,0,2,7,1,2,1
9197,95,40,5,0,2,7,1,2,1
9198,99,37,5,0,0,8,0,0,0
9199,1,42,5,0,2,7,2,2,1
9200,3,47,5,0,2,6,2,2,1
9201,98,46,5,0,2,5,1,2,1
9202,95,42,5,0,2,4,1,2,1
9203,99,45,5,0,2,4,1,2,1
9204,1,50,5,0,0,5,0,0,0
9205,99,55,5,0,0,6,0,0,0
9206,3,58,5,0,2,6,1,2,1
9207,8,60,5,0,2,6,1,2,1
9208,3,63,5,0,2,6,1,2,1
9209,8,60,5,0,2,6,1,2,1
9210,12,62,10,0,3,6,1,3,1
9211,8,65,10,0,0,7,0,0,0
9212,11,61,10,0,2,6,2,2,1
9213,10,65,10,0,0,7,0,0,0
9214,7,61,10,0,2,7,1,2,1
9215,9,57,10,0,0,8,0,0,0
9216,14,59,10,0,0,9,0,0,0
9217,18,55,10,0,2,9,1,2,1
9218,23,56,10,0,0,10,0,0,0
9219,18,55,10,0,2,10,1,2,1
9220,16,50,10,0,2,10,1,2,1
9221,12,51,10,0,2,10,1,2,1
9222,16,54,10,0,0,11,0,0,0
9223,11,54,10,0,0,12,0,0,0
9224,6,52,10,0,2,11,1,2,1
9225,4,48,10,0,0,12,0,0,0
9226,6,52,10,0,2,12,1,2,1
9227,4,48,10,0,2,12,1,2,1
9228,8,46,10,0,2,12,1,2,1
9229,3,45,10,0,0,13,0,0,0
9230,5,40,10,0,2,13,1,2,1
9231,9,37,10,5,7,13,1,7,1
9232,14,36,10,0,2,12,2,2,1
9233,9,33,10,5,7,12,1,7,1
9234,8,29,10,5,0,13,0,0,0
9235,3,30,10,0,2,12,2,2,1
9236,99,28,10,0,2,12,1,2,1
9237,1,33,10,0,0,13,0,0,0
9238,98,37,10,0,2,13,1,2,1
9239,95,33,10,0,0,14,0,0,0
9240,100,30,10,0,2,13,2,2,1
9241,97,34,10,0,2,13,1,2,1
9242,94,39,10,0,2,12,2,2,1
9243,92,43,10,0,2,12,1,2,1
9244,91,48,10,0,2,10,2,2,1
9245,86,47,10,0,2,9,2,2,1
9246,82,43,10,0,2,8,2,2,1
9247,77,44,10,0,2,7,2,2,1
9248,72,44,10,0,2,7,1,2,1
9249,76,41,10,0,2,7,1,2,1
9250,77,36,10,0,2,6,2,2,1
9251,77,41,10,0,2,6,1,2,1
9252,81,42,10,0,2,6,1,2,1
9253,80,47,10,0,2,6,1,2,1
9254,85,46,10,0,2,6,1,2,1
9255,87,41,10,0,2,6,1,2,1
9256,89,37,10,0,2,6,1,2,1
9257,91,41,10,0,0,7,0,0,0
9258,95,45,10,0,2,7,1,2,1
9259,100,46,10,0,2,7,1,2,1
9260,97,41,10,0,2,6,2,2,1
9261,94,37,10,0,2,6,1,2,1
9262,92,42,10,0,2,6,1,2,1
9263,97,41,10,0,2,6,1,2,1
9264,95,46,10,0,0,7,0,0,0
9265,90,46,10,0,2,6,2,2,1
9266,93,50,10,0,2,6,1,2,1
9267,89,53,10,0,2,6,1,2,1
9268,84,53,10,0,2,6,1,2,1
9269,82,49,10,0,2,6,1,2,1
9270,81,54,10,0,2,6,1,2,1
9271,85,51,10,0,2,6,1,2,1
9272,88,56,10,0,2,6,1,2,1
9273,84,59,10,0,2,6,1,2,1
9274,85,64,10,0,2,6,1,2,1
9275,85,59,10,0,2,6,1,2,1
9276,87,64,10,0,2,6,1,2,1
9277,85,59,10,0,2,6,1,2,1
9278,84,64,10,0,0,7,0,0,0
9279,86,59,10,0,0,8,0,0,0
9280,90,62,10,0,2,8,1,2,1
9281,94,59,10,0,2,8,1,2,1
9282,95,64,10,0,2,8,1,2,1
9283,100,62,10,0,2,8,1,2,1
9284,2,58,10,0,2,8,1,2,1
9285,6,55,10,0,2,8,1,2,1
9286,4,60,10,0,2,8,1,2,1
9287,5,64,10,0,2,8,1,2,1
9288,4,69,10,0,2,8,1,2,1
9289,7,73,10,0,2,8,1,2,1
9290,12,71,15,0,3,8,1,3,1
9291,8,75,15,0,0,9,0,0,0
9292,6,70,15,0,2,9,1,2,1
9293,8,75,15,0,0,10,0,0,0
9294,7,70,15,0,0,11,0,0,0
9295,5,65,15,0,2,10,2,2,1
9296,100,65,10,0,4,10,1,4,1
9297,5,67,10,0,2,10,1,2,1
9298,100,66,10,0,2,7,3,2,2
9299,2,62,10,0,0,8,0,0,0
9300,99,66,5,0,4,8,1,4,1
9301,95,63,5,0,0,9,0,0,0
9302,99,60,0,0,1,9,1,1,1
9303,0,64,0,0,0,10,0,0,0
9304,98,60,0,0,2,10,1,2,1
9305,2,63,0,0,2,10,1,2,1
9306,7,64,5,0,5,10,1,5,1
9307,2,65,5,0,2,9,2,2,2
9308,4,60,5,0,2,8,2,2,1
9309,5,55,5,0,2,8,1,2,1
9310,0,54,5,0,2,8,1,2,1
9311,4,51,0,0,4,8,1,4,1
9312,2,56,0,0,4,8,1,4,1
9313,7,57,0,0,0,9,0,0,0
9314,9,52,0,0,4,9,1,4,1
9315,4,53,0,0,4,9,1,4,1
9316,100,56,0,0,2,8,2,2,1
9317,4,59,0,0,2,7,2,2,1
9318,8,62,0,0,0,8,0,0,0
9319,9,57,0,0,4,8,1,4,1
9320,7,53,0,0,4,8,1,4,1
9321,11,51,0,0,0,9,0,0,0
9322,16,50,0,0,0,10,0,0,0
9323,11,49,0,0,2,9,2,2,1
9324,12,53,0,0,2,9,1,2,1
9325,16,50,0,0,2,9,1,2,1
9326,11,50,0,0,2,8,2,2,1
9327,14,46,0,0,2,7,2,2,1
9328,10,42,0,0,0,8,0,0,0
9329,6,40,0,0,2,8,1,2,1
9330,1,42,5,0,3,7,2,3,1
9331,98,37,5,0,2,7,1,2,1
9332,2,41,5,0,2,6,2,2,1
9333,97,41,5,0,2,6,1,2,1
9334,0,38,5,0,0,7,0,0,0
9335,0,43,0,0,4,7,1,4,1
9336,3,47,0,0,0,8,0,0,0
9337,8,46,0,0,2,7,2,2,1
9338,12,46,0,0,2,7,1,2,1
9339,8,45,0,0,2,7,1,2,1
9340,5,49,0,0,4,7,1,4,1
9341,7,45,0,0,4,7,1,4,1
9342,9,40,0,0,4,7,1,4,1
9343,6,44,0,0,4,7,1,4,1
9344,1,42,0,0,4,7,1,4,1
9345,97,39,0,0,0,8,0,0,0
9346,92,38,0,0,4,8,1,4,1
9347,90,42,0,0,0,9,0,0,0
9348,88,47,0,0,2,8,2,2,1
9349,89,42,0,0,2,8,1,2,1
9350,89,37,0,0,2,6,3,2,1
9351,90,32,0,0,2,6,1,2,1
9352,92,36,0,0,2,6,1,2,1
9353,95,40,0,0,2,6,1,2,1
9354,91,38,0,0,2,6,1,2,1
9355,86,35,0,0,2,6,1,2,1
9356,91,37,0,0,2,6,1,2,1
9357,92,32,0,0,2,6,1,2,1
9358,89,28,0,0,2,6,1,2,1
9359,91,32,0,0,2,6,1,2,1
9360,95,35,0,0,2,5,1,2,1
9361,92,39,0,0,2,5,1,2,1
9362,91,43,0,0,2,5,1,2,1
9363,89,39,0,0,2,5,1,2,1
9364,85,35,0,0,4,5,1,4,1
9365,90,35,0,0,0,6,0,0,0
9366,94,38,0,0,0,7,0,0,0
9367,97,33,0,0,2,6,2,2,1
9368,0,37,0,0,4,6,1,4,1
9369,97,41,0,0,2,6,1,2,1
9370,94,37,0,0,2,6,1,2,1
9371,91,42,0,0,2,5,2,2,1
9372,94,38,0,0,4,5,1,4,1
9373,98,40,0,0,0,6,0,0,0
9374,100,45,0,0,4,6,1,4,1
9375,97,49,0,0,4,6,1,4,1
9376,93,46,0,0,0,7,0,0,0
9377,98,46,0,0,2,6,2,2,1
9378,94,49,0,0,2,6,1,2,1
9379,91,44,0,0,4,6,1,4,1
9380,89,49,0,0,4,6,1,4,1
9381,92,53,0,0,2,5,2,2,1
9382,89,49,0,0,0,6,0,0,0
9383,90,44,0,0,2,6,1,2,1
9384,92,39,5,0,3,6,1,3,1
9385,97,38,0,0,4,6,1,4,1
9386,0,41,0,0,4,6,1,4,1
9387,5,42,0,0,4,6,1,4,1
9388,5,37,0,0,4,6,1,4,1
9389,6,33,0,0,4,6,1,4,1
9390,9,29,0,0,0,7,0,0,0
9391,14,27,0,0,0,8,0,0,0
9392,17,31,0,0,0,9,0,0,0
9393,15,26,0,0,2,8,2,2,1
9394,17,22,5,0,5,8,1,5,1
9395,19,27,10,0,5,7,2,5,1
9396,18,32,5,0,4,7,1,4,1
9397,14,29,10,0,5,6,2,5,1
9398,19,27,5,0,4,5,2,4,1
9399,15,24,5,0,2,5,1,2,1
9400,13,28,5,0,0,6,0,0,0
9401,15,33,0,0,4,6,1,4,1
9402,12,37,0,0,0,7,0,0,0
9403,11,42,0,0,2,7,1,2,1
9404,15,39,0,0,0,8,0,0,0
9405,16,34,5,0,5,8,1,5,1
9406,19,30,0,0,4,6,3,4,1
9407,16,34,0,0,0,7,0,0,0
9408,17,39,0,0,4,7,1,4,1
9409,13,36,5,0,5,7,1,5,1
9410,18,35,10,0,5,7,1,5,1
9411,21,31,15,0,5,7,1,5,1
9412,25,29,10,0,4,6,2,4,1
9413,28,25,10,0,0,7,0,0,0
9414,29,30,15,0,5,7,1,5,1
9415,32,26,20,0,5,7,1,5,1
9416,32,31,15,0,4,7,1,4,1
9417,29,27,15,0,0,8,0,0,0
9418,32,24,20,0,5,8,1,5,1
9419,32,19,15,0,4,7,2,4,1
9420,27,17,15,0,2,6,2,2,1
9421,24,14,10,0,4,6,1,4,1
9422,28,16,10,0,2,5,2,2,1
9423,23,17,10,0,0,6,0,0,0
9424,26,21,10,0,2,5,2,2,1
9425,22,23,10,0,2,5,1,2,1
9426,20,27,10,0,0,6,0,0,0
9427,25,29,5,0,4,5,2,4,1
9428,20,28,0,0,4,5,1,4,1
9429,15,30,0,0,2,5,1,2,1
9430,10,30,5,0,5,5,1,5,1
9431,12,34,10,0,5,5,1,5,1
9432,9,38,15,0,5,5,1,5,1
9433,7,43,20,0,5,5,1,5,1
9434,6,38,25,0,5,5,1,5,1
9435,8,43,30,0,5,5,1,5,1
9436,8,48,30,0,0,6,0,0,0
9437,10,52,30,0,0,7,0,0,0
9438,15,52,35,0,3,7,1,3,1
9439,14,47,35,0,2,6,2,2,1
9440,15,42,30,0,1,5,2,1,1
9441,19,39,35,0,5,5,1,5,1
9442,14,39,35,0,0,6,0,0,0
9443,18,37,35,0,2,5,2,2,1
9444,23,39,40,0,5,5,1,5,1
9445,20,43,35,0,4,5,1,4,1
9446,23,46,40,0,5,5,1,5,1
9447,18,45,45,0,5,5,1,5,1
9448,13,43,45,0,2,5,1,2,1
9449,15,39,40,0,4,4,1,4,1
9450,20,39,40,0,0,5,0,0,0
9451,24,41,45,0,5,5,1,5,1
9452,25,46,45,0,0,6,0,0,0
9453,23,51,45,0,0,7,0,0,0
9454,18,51,50,0,5,7,1,5,1
9455,14,53,55,0,5,7,1,5,1
9456,17,49,60,0,5,7,1,5,1
9457,16,54,55,0,1,6,2,1,1
9458,21,56,60,0,5,6,1,5,1
9459,20,51,55,0,1,6,1,1,1
9460,20,56,50,0,4,6,1,4,1
9461,23,60,55,0,5,6,1,5,1
9462,27,58,60,0,3,6,1,3,1
9463,27,63,65,0,5,6,1,5,1
9464,31,66,65,0,0,7,0,0,0
9465,31,71,70,0,5,7,1,5,1
9466,34,75,70,0,0,8,0,0,0
9467,29,73,60,0,4,6,3,4,2
9468,29,78,65,0,5,5,2,5,1
9469,24,76,65,0,0,6,0,0,0
9470,28,73,70,0,5,6,1,5,1
9471,26,68,75,0,5,6,1,5,1
9472,26,73,70,0,4,5,2,4,1
9473,23,76,75,0,5,5,1,5,1
9474,21,81,75,0,0,6,0,0,0
9475,25,78,75,0,0,7,0,0,0
9476,25,83,80,0,5,7,1,5,1
9477,25,78,85,0,5,7,1,5,1
9478,27,82,90,0,5,7,1,5,1
9479,25,87,95,0,5,7,1,5,1
9480,27,92,100,0,5,6,2,5,1
9481,28,97,100,0,5,6,1,5,1
9482,24,93,100,0,5,6,1,5,1
9483,22,97,100,0,5,6,1,5,1
9484,26,99,100,0,5,6,1,5,1
9485,27,94,100,0,5,6,1,5,1
9486,26,99,100,0,5,6,1,5,1
9487,26,4,100,0,5,6,1,5,1
9488,23,100,100,0,5,6,1,5,1
9489,23,5,100,0,5,6,1,5,1
9490,28,4,100,0,5,6,1,5,1
9491,32,6,100,0,5,6,1,5,1
9492,35,3,100,0,5,6,1,5,1
9493,40,2,100,0,0,7,0,0,0
9494,44,5,95,0,4,7,1,4,1
9495,44,0,90,0,4,7,1,4,1
9496,49,98,85,0,4,7,1,4,1
9497,54,98,90,0,5,7,1,5,1
9498,55,93,95,0,5,7,1,5,1
9499,53,88,95,0,0,8,0,0,0
9500,50,92,100,0,5,8,1,5,1
9501,48,87,100,0,0,9,0,0,0
9502,49,92,100,0,3,8,2,3,1
9503,44,94,100,0,2,6,3,2,1
9504,49,91,100,0,5,6,1,5,1
9505,53,94,100,0,5,6,1,5,1
9506,51,98,100,0,5,6,1,5,1
9507,54,2,100,0,0,7,0,0,0
9508,49,2,95,0,4,7,1,4,1
9509,54,4,90,0,4,7,1,4,1
9510,50,7,90,0,0,8,0,0,0
9511,45,9,85,0,1,6,3,1,1
9512,40,8,90,0,5,6,1,5,1
9513,42,3,95,0,5,6,1,5,1
9514,38,0,100,0,5,6,1,5,1
9515,34,4,100,0,5,6,1,5,1
9516,33,9,95,5,6,6,1,6,1
9517,29,11,100,5,5,6,1,5,1
9518,32,14,100,5,5,6,1,5,1
9519,33,19,95,5,4,6,1,4,1
9520,38,20,100,5,5,6,1,5,1
9521,34,16,100,5,5,6,1,5,1
9522,39,16,100,5,5,6,1,5,1
9523,35,18,100,5,5,6,1,5,1
9524,39,21,100,5,5,6,1,5,1
9525,40,26,100,5,5,6,1,5,1
9526,39,21,100,5,5,6,1,5,1
9527,44,22,95,5,4,6,1,4,1
9528,45,26,95,5,0,7,0,0,0
9529,46,31,90,5,4,7,1,4,1
9530,50,29,95,5,5,7,1,5,1
9531,51,34,100,5,5,7,1,5,1
9532,54,38,100,5,5,7,1,5,1
9533,49,38,100,5,5,7,1,5,1
9534,45,36,100,5,0,8,0,0,0
9535,47,40,100,5,5,8,1,5,1
9536,42,41,100,5,0,9,0,0,0
9537,38,39,100,5,5,9,1,5,1
9538,40,34,100,5,0,10,0,0,0
9539,35,34,100,5,5,10,1,5,1
9540,31,31,95,5,4,9,2,4,1
9541,32,26,100,5,5,9,1,5,1
9542,37,26,100,5,5,9,1,5,1
9543,34,23,100,5,5,9,1,5,1
9544,30,27,100,5,5,9,1,5,1
9545,27,23,100,5,5,9,1,5,1
9546,32,24,100,5,5,9,1,5,1
9547,27,25,100,5,5,9,1,5,1
9548,24,21,100,5,5,9,1,5,1
9549,29,22,100,5,5,9,1,5,1
9550,25,20,100,5,5,9,1,5,1
9551,25,15,100,5,5,9,1,5,1
9552,21,17,100,5,5,9,1,5,1
9553,22,22,100,5,0,10,0,0,0
9554,26,20,100,0,2,9,2,2,1
9555,23,24,100,0,3,8,2,3,1
9556,22,19,100,0,5,8,1,5,1
9557,21,14,100,0,5,8,1,5,1
9558,20,9,100,0,5,8,1,5,1
9559,23,4,100,0,5,8,1,5,1
9560,18,2,100,0,5,8,1,5,1
9561,17,97,100,0,0,9,0,0,0
9562,14,1,100,0,5,8,2,5,2
9563,10,4,100,0,5,7,2,5,1
9564,15,5,100,0,5,7,1,5,1
9565,17,0,100,0,5,7,1,5,1
9566,20,96,100,0,5,7,1,5,1
9567,15,99,100,0,5,7,1,5,1
9568,20,1,100,0,5,7,1,5,1
9569,16,97,100,0,5,7,1,5,1
9570,16,2,100,0,5,7,1,5,1
9571,17,7,100,0,5,7,1,5,1
9572,15,2,100,0,5,7,1,5,1
9573,12,6,100,0,5,7,1,5,1
9574,15,2,100,0,5,7,1,5,1
9575,12,98,100,0,5,7,1,5,1
9576,12,3,100,0,5,7,1,5,1
9577,9,99,100,0,0,8,0,0,0
9578,13,2,100,0,0,9,0,0,0
9579,18,1,100,0,5,9,1,5,1
9580,21,97,100,0,5,9,1,5,1
9581,17,94,100,0,5,9,1,5,1
9582,19,99,100,0,5,9,1,5,1
9583,21,3,100,0,5,9,1,5,1
9584,26,6,100,0,5,9,1,5,1
9585,30,3,100,0,5,9,1,5,1
9586,25,5,100,0,5,9,1,5,1
9587,27,10,100,0,5,9,1,5,1
9588,28,5,100,0,5,9,1,5,1
9589,29,0,100,0,5,9,1,5,1
9590,24,99,100,0,5,9,1,5,1
9591,22,4,100,0,2,8,2,2,1
9592,27,5,100,0,5,8,1,5,1
9593,27,10,100,0,5,8,1,5,1
9594,24,14,100,0,5,8,1,5,1
9595,20,12,100,0,5,8,1,5,1
9596,21,17,100,0,0,9,0,0,0
9597,22,22,100,0,5,8,2,5,2
9598,24,27,100,0,5,8,1,5,1
9599,22,31,100,0,5,8,1,5,1
9600,24,27,100,0,5,8,1,5,1
9601,22,22,100,0,5,8,1,5,1
9602,18,19,100,0,5,8,1,5,1
9603,13,19,100,0,0,9,0,0,0
9604,11,23,100,0,0,10,0,0,0
9605,7,26,100,0,5,10,1,5,1
9606,2,29,100,0,5,10,1,5,1
9607,97,28,100,0,5,10,1,5,1
9608,92,28,100,0,5,10,1,5,1
9609,97,29,100,0,5,9,1,5,1
9610,0,25,100,0,5,9,1,5,1
9611,5,25,100,0,2,8,2,2,1
9612,2,21,100,0,5,8,1,5,1
9613,2,16,100,0,5,8,1,5,1
9614,6,20,100,0,5,8,1,5,1
9615,3,16,100,0,5,7,1,5,1
9616,3,11,100,0,5,7,1,5,1
9617,6,7,100,0,5,7,1,5,1
9618,11,6,100,0,5,7,1,5,1
9619,16,6,100,0,5,7,1,5,1
9620,19,2,100,0,5,7,1,5,1
9621,24,1,100,0,5,7,1,5,1
9622,29,0,100,0,5,7,1,5,1
9623,28,95,95,0,4,6,2,4,1
9624,27,90,100,0,5,6,1,5,1
9625,32,90,100,0,5,6,1,5,1
9626,30,85,100,0,0,7,0,0,0
9627,26,89,95,0,4,6,2,4,1
9628,26,94,100,0,5,6,1,5,1
9629,22,90,100,0,5,6,1,5,1
9630,22,95,100,0,5,6,1,5,1
9631,25,92,100,0,5,6,1,5,1
9632,28,96,100,0,5,6,1,5,1
9633,27,91,100,0,5,6,1,5,1
9634,22,93,100,0,5,6,1,5,1
9635,19,89,100,0,5,6,1,5,1
9636,14,89,100,0,0,7,0,0,0
9637,15,84,100,0,5,7,1,5,1
9638,11,82,100,0,5,7,1,5,1
9639,11,77,100,0,5,7,1,5,1
9640,9,72,100,0,5,7,1,5,1
9641,9,67,100,0,5,7,1,5,1
9642,9,62,100,0,5,6,2,5,1
9643,14,62,100,0,0,7,0,0,0
9644,12,67,100,0,5,7,1,5,1
9645,17,64,100,0,0,8,0,0,0
9646,12,65,100,0,5,8,1,5,1
9647,8,62,100,0,5,8,1,5,1
9648,13,62,100,0,5,8,1,5,1
9649,12,57,95,0,1,7,2,1,1
9650,14,53,100,0,5,7,1,5,1
9651,18,51,100,0,5,7,1,5,1
9652,22,54,100,0,0,8,0,0,0
9653,19,50,100,0,5,8,1,5,1
9654,24,49,100,0,5,8,1,5,1
9655,28,46,100,0,5,8,1,5,1
9656,26,42,100,0,5,8,1,5,1
9657,22,45,100,0,5,7,2,5,2
9658,26,42,100,0,5,7,1,5,1
9659,27,46,100,0,0,8,0,0,0
9660,24,51,100,0,5,8,1,5,1
9661,29,52,100,0,5,8,1,5,1
9662,34,52,95,5,6,8,1,6,1
9663,29,51,100,5,5,8,1,5,1
9664,27,46,100,0,2,7,2,2,1
9665,27,41,100,0,5,7,1,5,1
9666,24,45,100,0,0,8,0,0,0
9667,29,47,95,0,1,7,2,1,1
9668,25,49,95,0,0,8,0,0,0
9669,29,46,90,0,4,8,1,4,1
9670,27,51,85,0,1,8,1,1,1
9671,29,47,90,0,5,8,1,5,1
9672,28,42,95,0,5,8,1,5,1
9673,24,39,100,0,5,8,1,5,1
9674,26,35,100,0,5,8,1,5,1
9675,26,40,100,0,0,9,0,0,0
9676,24,35,100,0,5,9,1,5,1
9677,20,38,100,0,5,9,1,5,1
9678,23,34,100,0,5,9,1,5,1
9679,26,39,95,0,4,9,1,4,1
9680,29,42,100,0,5,9,1,5,1
9681,34,44,100,0,5,9,1,5,1
9682,36,49,100,0,5,9,1,5,1
9683,31,49,100,0,5,9,1,5,1
9684,30,44,100,0,5,9,1,5,1
9685,32,40,100,0,3,8,2,3,1
9686,31,45,100,0,5,8,1,5,1
9687,27,42,100,0,5,8,1,5,1
9688,22,41,100,0,5,8,1,5,1
9689,23,46,100,0,5,8,1,5,1
9690,25,41,100,0,0,9,0,0,0
9691,25,46,100,0,5,8,2,5,2
9692,23,51,100,0,0,9,0,0,0
9693,19,54,100,0,5,8,2,5,2
9694,19,59,100,0,0,9,0,0,0
9695,16,63,95,0,4,8,2,4,1
9696,19,67,90,0,1,7,2,1,1
9697,22,71,85,0,4,7,1,4,1
9698,27,74,90,0,5,7,1,5,1
9699,24,78,90,0,0,8,0,0,0
9700,19,76,85,0,1,7,2,1,1
9701,24,76,90,0,5,7,1,5,1
9702,21,80,95,0,5,7,1,5,1
9703,21,85,100,0,5,7,1,5,1
9704,25,83,100,0,0,8,0,0,0
9705,24,78,100,0,5,8,1,5,1
9706,29,78,100,0,5,7,2,5,2
9707,31,83,100,0,5,7,1,5,1
9708,31,88,100,0,5,7,1,5,1
9709,35,85,100,0,5,7,1,5,1
9710,35,80,100,0,5,7,1,5,1
9711,35,75,100,0,5,7,1,5,1
9712,33,79,100,0,5,7,1,5,1
9713,33,84,100,0,5,7,1,5,1
9714,37,87,95,0,1,6,2,1,1
9715,41,90,100,0,5,6,1,5,1
9716,36,89,100,0,5,6,1,5,1
9717,31,88,100,0,0,7,0,0,0
9718,27,87,100,0,5,7,1,5,1
9719,31,89,100,0,5,7,1,5,1
9720,36,91,100,0,5,7,1,5,1
9721,34,86,100,0,5,7,1,5,1
9722,31,82,100,0,5,7,1,5,1
9723,28,78,100,0,5,7,1,5,1
9724,29,83,100,0,5,7,1,5,1
9725,25,85,100,0,5,7,1,5,1
9726,30,85,100,0,5,7,1,5,1
9727,28,90,100,0,5,7,1,5,1
9728,28,95,100,0,0,8,0,0,0
9729,24,92,100,0,2,7,2,2,1
9730,20,88,100,0,5,7,1,5,1
9731,16,90,100,0,5,7,1,5,1
9732,20,93,100,0,5,7,1,5,1
9733,18,97,100,0,5,7,1,5,1
9734,18,92,100,0,5,7,1,5,1
9735,19,87,100,0,5,7,1,5,1
9736,22,91,100,0,5,7,1,5,1
9737,21,96,100,0,5,7,1,5,1
9738,16,96,100,0,5,7,1,5,1
9739,14,0,100,0,5,7,1,5,1
9740,9,99,100,0,5,7,1,5,1
9741,14,99,100,0,5,7,1,5,1
9742,16,3,100,0,5,7,1,5,1
9743,20,1,100,0,5,7,1,5,1
9744,16,4,100,0,5,7,1,5,1
9745,12,2,100,0,5,7,1,5,1
9746,7,3,100,0,2,7,1,2,1
9747,2,6,100,0,5,7,1,5,1
9748,1,11,100,0,5,7,1,5,1
9749,0,6,100,0,5,7,1,5,1
9750,98,1,100,0,5,7,1,5,1
9751,99,97,100,0,0,8,0,0,0
9752,4,96,100,0,5,8,1,5,1
9753,7,0,100,0,0,9,0,0,0
9754,2,98,100,0,5,9,1,5,1
9755,0,94,100,0,5,9,1,5,1
9756,0,89,95,0,4,9,1,4,1
9757,99,94,100,0,5,9,1,5,1
9758,94,92,100,0,5,9,1,5,1
9759,89,95,100,0,5,9,1,5,1
9760,93,98,100,0,5,9,1,5,1
9761,94,3,100,0,5,9,1,5,1
9762,98,1,100,0,5,9,1,5,1
9763,94,3,100,0,5,9,1,5,1
9764,99,3,100,0,0,10,0,0,0
9765,98,8,100,0,5,9,2,5,1
9766,96,3,100,0,0,10,0,0,0
9767,93,7,100,0,5,9,2,5,1
9768,97,9,95,0,1,8,2,1,1
9769,1,6,100,0,5,7,1,5,1
9770,4,2,100,0,5,7,1,5,1
9771,5,6,100,0,3,7,1,3,1
9772,0,7,100,0,5,7,1,5,1
9773,1,2,100,0,5,7,1,5,1
9774,3,7,100,0,5,7,1,5,1
9775,99,3,100,0,5,7,1,5,1
9776,3,6,100,0,0,8,0,0,0
9777,98,6,100,0,5,8,1,5,1
9778,95,10,100,0,5,8,1,5,1
9779,95,15,100,0,5,8,1,5,1
9780,0,15,100,0,5,8,1,5,1
9781,1,10,100,0,5,8,1,5,1
9782,0,5,100,0,0,9,0,0,0
9783,96,8,95,0,4,8,2,4,1
9784,1,9,90,0,4,7,2,4,1
9785,100,14,95,5,8,7,1,8,1
9786,95,16,100,5,5,6,1,5,1
9787,91,20,100,5,5,6,1,5,1
9788,86,19,95,5,4,6,1,4,1
9789,82,17,95,0,2,5,2,2,1
9790,84,12,100,0,5,5,1,5,1
9791,88,14,95,0,4,5,1,4,1
9792,91,18,95,0,0,6,0,0,0
9793,86,20,100,0,5,6,1,5,1
9794,90,16,100,0,5,6,1,5,1
9795,89,11,100,0,5,6,1,5,1
9796,84,10,100,0,5,6,1,5,1
9797,86,5,95,0,4,4,2,4,1
9798,82,9,95,0,0,5,0,0,0
9799,78,6,95,0,0,6,0,0,0
9800,73,8,100,0,5,6,1,5,1
9801,76,11,100,0,3,6,1,3,1
9802,81,8,100,0,5,6,1,5,1
9803,82,3,100,0,5,6,1,5,1
9804,87,6,100,0,5,6,1,5,1
9805,92,5,100,0,5,6,1,5,1
9806,87,3,100,0,5,6,1,5,1
9807,84,99,100,0,0,7,0,0,0
9808,89,1,100,0,5,7,1,5,1
9809,85,98,100,0,5,7,1,5,1
9810,82,2,100,0,5,7,1,5,1
9811,81,97,100,0,5,7,1,5,1
9812,77,100,100,0,2,5,3,2,1
9813,80,3,100,0,0,6,0,0,0
9814,75,5,100,0,3,5,2,3,1
9815,76,10,100,0,0,6,0,0,0
9816,71,11,100,0,5,6,1,5,1
9817,73,15,100,0,0,7,0,0,0
9818,70,12,100,0,0,7,0,0,0
9819,66,15,100,0,5,7,1,5,1
9820,69,19,100,0,5,7,1,5,1
9821,67,14,100,0,5,7,1,5,1
9822,62,14,100,0,3,6,2,3,1
9823,64,9,100,0,5,6,1,5,1
9824,60,11,100,0,5,6,1,5,1
9825,64,14,100,0,5,6,1,5,1
9826,60,16,100,0,5,6,1,5,1
9827,57,12,100,0,0,7,0,0,0
9828,59,17,100,0,5,7,1,5,1
9829,59,22,100,0,3,6,2,3,1
9830,56,26,100,0,0,7,0,0,0
9831,54,30,100,0,5,7,1,5,1
9832,51,34,100,0,5,7,1,5,1
9833,46,33,100,0,5,7,1,5,1
9834,41,34,100,0,5,7,1,5,1
9835,37,36,100,0,5,7,1,5,1
9836,37,41,100,0,5,7,1,5,1
9837,42,41,100,0,5,7,1,5,1
9838,45,37,100,0,5,7,1,5,1
9839,44,33,100,0,5,7,1,5,1
9840,39,34,100,0,5,7,1,5,1
9841,42,29,95,0,4,7,1,4,1
9842,46,27,100,0,5,7,1,5,1
9843,49,23,100,0,5,7,1,5,1
9844,47,18,100,0,0,8,0,0,0
9845,49,23,100,0,5,8,1,5,1
9846,54,25,100,0,5,8,1,5,1
9847,49,27,100,0,5,8,1,5,1
9848,45,29,95,5,6,8,1,6,1
9849,45,34,100,5,5,8,1,5,1
9850,44,29,100,5,5,8,1,5,1
9851,49,32,100,5,0,9,0,0,0
9852,52,36,100,5,5,9,1,5,1
9853,49,32,100,5,5,9,1,5,1
9854,52,36,100,5,5,9,1,5,1
9855,57,37,100,5,5,9,1,5,1
9856,54,42,100,5,5,9,1,5,1
9857,56,46,100,5,5,9,1,5,1
9858,54,41,100,5,5,9,1,5,1
9859,50,41,100,5,5,9,1,5,1
9860,46,37,100,5,0,10,0,0,0
9861,47,33,100,5,5,10,1,5,1
9862,44,37,100,5,5,10,1,5,1
9863,40,34,100,5,5,10,1,5,1
9864,42,39,100,5,0,11,0,0,0
9865,37,39,100,5,5,11,1,5,1
9866,36,34,100,5,5,11,1,5,1
9867,41,34,100,5,5,11,1,5,1
9868,37,37,100,5,5,11,1,5,1
9869,36,42,100,0,2,9,3,2,1
9870,32,38,100,0,5,9,1,5,1
9871,37,41,100,0,5,9,1,5,1
9872,37,36,100,0,5,9,1,5,1
9873,42,35,100,0,0,10,0,0,0
9874,46,32,100,0,5,10,1,5,1
9875,45,27,100,0,5,10,1,5,1
9876,50,25,100,0,5,9,2,5,1
9877,47,29,100,0,2,8,2,2,1
9878,43,32,100,0,2,7,2,2,1
9879,45,37,100,0,5,7,1,5,1
9880,48,40,100,0,5,7,1,5,1
9881,52,38,100,0,0,8,0,0,0
9882,49,34,100,0,0,9,0,0,0
9883,53,37,100,0,0,10,0,0,0
9884,58,39,100,0,5,10,1,5,1
9885,62,42,100,0,5,9,2,5,1
9886,62,37,100,0,5,9,1,5,1
9887,63,32,100,0,5,8,2,5,1
9888,58,33,100,0,5,8,1,5,1
9889,58,38,100,0,5,7,2,5,1
9890,58,33,100,0,5,7,1,5,1
9891,59,29,100,0,5,7,1,5,1
9892,56,25,100,0,5,7,1,5,1
9893,61,26,100,0,5,7,1,5,1
9894,66,27,100,0,0,8,0,0,0
9895,68,23,100,0,0,9,0,0,0
9896,68,18,100,0,5,9,1,5,1
9897,72,15,100,0,5,8,2,5,1
9898,71,20,100,0,5,8,1,5,1
9899,68,23,100,0,0,9,0,0,0
9900,64,26,100,0,5,9,1,5,1
9901,61,30,100,0,5,8,2,5,1
9902,58,34,100,0,5,8,1,5,1
9903,63,33,100,0,5,8,1,5,1
9904,64,28,100,0,5,8,1,5,1
9905,68,31,100,0,5,8,1,5,1
9906,65,35,100,0,5,8,1,5,1
9907,69,33,100,0,5,8,1,5,1
9908,65,35,100,0,5,8,1,5,1
9909,60,34,95,0,4,8,1,4,1
9910,65,34,100,0,5,8,1,5,1
9911,62,38,100,0,0,9,0,0,0
9912,57,37,100,0,0,10,0,0,0
9913,57,32,100,0,3,9,2,3,1
9914,53,29,100,0,5,9,1,5,1
9915,52,24,100,0,0,10,0,0,0
9916,49,29,95,0,1,9,2,1,1
9917,44,27,90,0,1,9,1,1,1
9918,41,31,85,0,1,8,2,1,1
9919,37,33,90,0,5,8,1,5,1
9920,41,30,95,0,5,7,1,5,1
9921,40,35,100,0,5,7,1,5,1
9922,42,31,100,0,5,7,1,5,1
9923,47,33,100,0,5,7,1,5,1
9924,44,29,100,0,5,7,1,5,1
9925,47,25,100,0,5,7,1,5,1
9926,50,22,100,0,5,7,1,5,1
9927,54,19,100,0,0,8,0,0,0
9928,50,21,100,0,0,9,0,0,0
9929,53,25,95,0,4,9,1,4,1
9930,51,20,100,0,3,9,1,3,1
9931,47,17,100,0,5,9,1,5,1
9932,43,19,100,0,3,8,2,3,1
9933,45,23,100,0,5,8,1,5,1
9934,43,19,100,0,5,8,1,5,1
9935,48,17,100,0,3,8,1,3,1
9936,45,13,95,0,4,7,2,4,1
9937,44,8,95,0,0,8,0,0,0
9938,48,10,90,0,4,7,2,4,1
9939,53,13,90,0,0,8,0,0,0
9940,48,12,85,0,4,7,2,4,1
9941,53,11,85,0,0,8,0,0,0
9942,48,12,90,0,5,8,1,5,1
9943,52,15,95,0,3,6,2,3,1
9944,53,11,95,0,0,7,0,0,0
9945,52,16,95,0,0,8,0,0,0
9946,53,11,100,0,3,8,1,3,1
9947,51,15,100,0,3,7,2,3,1
9948,47,12,100,0,5,7,1,5,1
9949,52,12,100,0,3,7,1,3,1
9950,51,7,100,0,0,8,0,0,0
9951,49,11,100,0,3,7,2,3,1
9952,54,11,100,0,5,7,1,5,1
9953,56,16,100,0,5,7,1,5,1
9954,61,18,100,0,5,7,1,5,1
9955,65,16,100,0,0,8,0,0,0
9956,63,12,100,0,5,7,2,5,2
9957,58,12,100,0,5,7,1,5,1
9958,57,17,100,0,5,7,1,5,1
9959,62,18,100,0,5,7,1,5,1
9960,66,22,100,0,0,8,0,0,0
9961,65,17,100,0,5,8,1,5,1
9962,62,20,100,0,0,9,0,0,0
9963,65,16,100,0,5,9,1,5,1
9964,69,19,100,0,3,8,2,3,1
9965,64,18,100,0,5,8,1,5,1
9966,65,13,100,0,5,8,1,5,1
9967,66,17,100,0,5,8,1,5,1
9968,68,22,100,0,5,8,1,5,1
9969,65,18,100,0,3,8,1,3,1
9970,67,23,100,0,3,7,2,3,1
9971,64,27,100,0,5,7,1,5,1
9972,59,26,100,0,0,8,0,0,0
9973,55,27,100,0,3,8,1,3,1
9974,58,31,100,0,0,9,0,0,0
9975,63,33,100,0,5,9,1,5,1
9976,68,34,100,0,5,9,1,5,1
9977,68,39,100,0,0,10,0,0,0
9978,63,37,95,0,4,9,2,4,1
9979,68,37,90,0,4,8,2,4,1
9980,67,42,95,0,5,8,1,5,1
9981,63,44,100,0,5,8,1,5,1
9982,63,49,100,0,5,8,1,5,1
9983,62,54,95,0,4,8,1,4,1
9984,62,49,90,0,4,8,1,4,1
9985,57,51,95,0,5,8,1,5,1
9986,59,46,95,0,0,9,0,0,0
9987,59,41,95,0,0,10,0,0,0
9988,55,45,100,0,5,9,2,5,1
9989,51,45,100,0,5,9,1,5,1
9990,49,40,100,0,5,9,1,5,1
9991,52,44,100,0,5,9,1,5,1
9992,47,44,100,0,3,8,2,3,1
9993,43,41,100,0,5,7,2,5,2
9994,41,36,100,0,0,8,0,0,0
9995,37,34,100,0,0,9,0,0,0
9996,37,29,100,0,0,10,0,0,0
9997,37,34,95,5,6,10,1,6,1
9998,39,30,100,5,5,10,1,5,1
9999,34,31,100,5,5,9,2,5,2
10000,33,36,100,5,5,9,1,5,1
